:020000041202E6
:100000000020002045860212C58602126958002091
:10001000AB5800208F8602128F8602128F86021242
:100020000000000000000000000000008F860212A7
:100030008F860212000000008D570020ED6303122E
:100040008F8602128F860212B1070312C3070312B2
:10005000D5070312E7070312F90703120B0803126F
:100060001D0803122F0803128F8602124186021206
:100070008F8602128F8602128F8602128F860212DC
:100080008F8602128F8602128F8602128F860212CC
:10009000951403128F8602128F8602128F86021227
:1000A0008F8602128F8602128F8602128F860212AC
:1000B0008F8602128F8602128F8602128F8602129C
:1000C0008F8602128F8602128F8602128F8602128C
:1000D0008F8602128F8602128F8602128F8602127C
:1000E0008F8602128F8602128F8602128F8602126C
:1000F0008F8602128F860212A12003128F860212AF
:100100008F860212B138031221070312330703123C
:100110004507031257070312690703127B070312EF
:100120008D0703129F0703128F860212791B031299
:10013000A12D03129D320312D16203128F86021287
:100140008F8602128F8602128F860212716303124B
:100150008F8602128F8602128F8602128F860212FB
:10016000892003128F8602128F8602128F86021256
:10017000A3320312B53A0312A93203128F86021278
:100180008F8602128F8602128F8602128F860212CB
:10019000211603128F8602128F8602128F86021298
:1001A0008F860212E96203128F8602128F86021274
:1001B0008F8602128F8602128F8602128F8602129B
:1001C0008F8602128F8602128F86021200000000B4
:1001D000000000000000000000000000000000001F
:1001E000000000000000000000000000000000000F
:1001F00000000000000000000000000000000000FF
:0402000000000000FA
:1002040003F0FCBD024A936E60F31D53936670477E
:1002140000A00C5038B560B1114C6368DBB2072BF9
:100224001AD06368DBB20F2B16D0082801D010282F
:1002340014D100294FF021040CBF20210121094DC4
:100244008440EB6D814023EA04030B43EB651AB150
:1002540041F2883004F004FB002038BD0120FCE7A3
:1002640000B0005000A00C5008B5EFF31083012536
:1002740085F31088022004F011FA284603F0A2FA4C
:100284002A4600210820FFF7C5FF4FF4FA5004F076
:1002940009FB002003F010F8044628B904F06EFAB4
:1002A4002946204603F0E6F845F25002094C0A4B71
:1002B40063670A4B1A6323685B0706D523680848FB
:1002C40023F00403236004F0CBFA236843F004030F
:1002D4002360FEE700A00C5015C0500A00B00C507B
:1002E400A0860100044B1A7822B118B1DB780370A0
:1002F4000020704701207047F9820020044B1A78CF
:1003040022B118B15B7B0370002070470120704755
:10031400F982002003280ED8084A52F8203029B167
:1003240043F0060342F820300020704723F0060310
:1003340043F00403F6E70120704700BF5CB00C50A3
:1003440003289DBF034B53F82000C0F340204FF017
:10035400FF3070475CB00C5003280CD8074B53F89F
:100364002020920707D553F8202061F3000243F8B8
:100374002020002070470120704700BF5CB00C5063
:1003840059B1032809D8064B53F82030002013F044
:10039400020318BF01230B7070470120704700BF90
:1003A4005CB00C50F8B50746002002F085FF002130
:1003B4000446084603F05EF802F0B0FF064602F079
:1003C400B0FF05463846FFF71DFF002004F048FA49
:1003D400282004F045FA03F007F803F00DF830463E
:1003E40002F0FAFF284602F0FBFF2146002003F04A
:1003F40041F8BDE8F840002004F032BA70B590F836
:10040400263004460E4673B102F0A8FC0546204689
:1004140001F09AFD3146204601F04FFD2846BDE823
:10042400704002F09FBC70BD02F04ABB10B50C4690
:1004340002F046FB20B12146BDE81040FFF7DEBFC5
:1004440010BD000008B502F00DFB0A4B1B787BB110
:1004540000280DDB084B03EB401005F0E9F938B137
:10046400BDE8084040F201220449054805F008BAF5
:1004740008BD00BF888C002098A70020722F0020A0
:100484006D66002008B502F01BFB18B1BDE80840FA
:1004940001F0FEBC08BD0000034B1B7843FA00F0DA
:1004A40000F00100704700BF94A7002010B502F0CF
:1004B400D9FA0F4B04461B78C3B1002816DBC0B22F
:1004C400FFF7EAFF90B14FF0FF3005F0C9F901469C
:1004D400084800EB441005F0A3F938B1BDE810401A
:1004E4004FF4F7720449054805F0CAB910BD00BFBE
:1004F400888C002098A70020822F00206D660020A1
:10050400F7B5154D2C781CBB144B6F469A881868A8
:100514009B79ADF804208DF80630009002F09EFB24
:1005240001220F4B0F4E28701A70E2B21046FFF7EB
:10053400B3FF40B131328DF8052000230122394642
:10054400304605F081F90134052C06F12006ECD182
:10055400287803B0F0BD00BF94A70020796600207E
:10056400888C002098A7002008B5FFF7C9FF002059
:1005740008BD72745F666C6173685F756E6C6F63DF
:100584006B0072745F666C6173685F6C6F636B00A1
:10059400F0B505460138C0B2FD2808D800240B4F39
:1005A40057F8040B067826B90134062CF8D100203C
:1005B4000BE0AE4205D14678964202D186788E424F
:1005C40001D00830EEE703B11C70F0BD20300020EC
:1005D40007B50DF10703FFF7DBFF064B40B14FF4FE
:1005E40005719DF8072001FB023003B05DF804FBA0
:1005F4001846FAE73832002008B50023FFF7C8FF91
:1006040008B1406808BD4FF40020FBE708B500239B
:10061400FFF7BEFF10B1C07800F0010008BD000074
:1006240080310020E8300020B030002090300020DD
:100634006030002038300020C2253900000000025C
:10064400C225370000008000C2201901000000020A
:1006540025701800000000010000000000000000E8
:10066400204119000000000220401900000000028F
:100674002043190000000002852019010000000237
:1006840085201A01000000040000000000000000A2
:10069400C8601900000000020B40190000000002AD
:1006A400C840190000000002000000000000000023
:1006B400EF60190000000002EF7019010000000251
:1006C400E542190000000002EF401900000000029A
:1006D40068491900000000025E4019000000000291
:1006E40000000000000000008560160100004000CA
:1006F400856017010000800085601801000000017A
:1007040085651801000000018563180100000001DF
:1007140085201701000080008520180100000001D9
:100724002570160000004000EF6018000000000172
:10073400EF401800000000010B60180000000001E9
:100744005E50180000000001A128180000000001FC
:10075400C843180100000001C8401800000000014F
:10076400C8401700000080002040170100008000EE
:10077400CD6018000000000100000000000000002F
:100784008560150100002000856014010000100040
:100794008560130000000800C86014000000100009
:1007A400C860150000002000C8601600000040006A
:1007B400C860170000008000C86018000000000135
:1007C4000B40170000008000F842180000000001F0
:1007D4005E701700000080005E40180000000001F9
:1007E400EF601600000040002040180100000001E6
:1007F40020411800000000012050180000000001F2
:10080400EB60130000001000EB6014000000100007
:100814001C40180000000001684017000000800020
:1008240068401800000000010B401800000000019F
:1008340000000000000000000085601500000300B7
:10084400000000010010000006000000000000008D
:100854000104000000000000000105000100000088
:10086400000001010101000000000001000000007F
:1008740000000000000300010000000201010B0061
:10088400010800000201013B00020800000201010E
:100894006B0003080000020101BB00020000020219
:1008A4000201EB00030400030203019F00010000A6
:1008B4000000000100000000000000000000000033
:1008C4000000000000000000000000000000000024
:1008D4000000000000000000000000000000000014
:1008E400000000000000000000009900000000006B
:1008F4000000016600000000000000013500010056
:10090400000000000150000000000000000102018E
:100914000100000002010132010300000002010194
:1009240000000000000000000000000000000000C3
:10093400000081000000000002010120000000000E
:1009440000020101520000000000020101D8000071
:10095400000000020101600000000000000001002E
:100964000000000000000000000000000000000083
:100974000000000000000000000000000000000073
:100984000000000000000000000000000000000063
:100994000000000000000000000000000000000053
:1009A4000000000000000000000000000000000043
:1009B4000000000000000000000000000000000033
:1009C4000000000000000000000000000000000023
:1009D4000000000000000000000000000000000013
:1009E4000000000000000000000000000000000003
:1009F40000000000000000000000000000000000F3
:100A0400004B000108000002010148000108000039
:100A14000201014201010000000201014400000042
:100A24000000020101B90000000000000001AB0059
:100A340000000000000001ED0007070007020701A5
:100A44005A00010800000201010000000085601640
:100A54000000030000000001001000000600000078
:100A64000000000001040000000000000001050077
:100A7400010000000000010101010000000000016C
:100A8400000000000000000000030001000000025C
:100A940001010B00010800000201013B00020800F3
:100AA400000201016B0003080000020101BB000207
:100AB400000002020201EB00030400030203019F91
:100AC4000001000000000001000000000000000020
:100AD4000000000000000000000000000000000012
:100AE4000000000000000000000000000000000002
:100AF4000000000000000000000000000000990059
:100B04000000000000000166000000000000000179
:100B1400350001000000000001500000000000004A
:100B24000001020101000000020101320103000082
:100B340000020101000000000000000000000000AD
:100B440000000000000081000000000002010120FC
:100B54000000000000020101520000000000020138
:100B640001D8000000000002010160000000000044
:100B74000000010000000000000000000000000070
:100B84000000000000000000000000000000000061
:100B94000000000000000000000000000000000051
:100BA4000000000000000000000000000000000041
:100BB4000000000000000000000000000000000031
:100BC4000000000000000000000000000000000021
:100BD40000000000000000000000000000000031E0
:100BE40001010000000000010000000000000000FE
:100BF40000000000000000000000000000000000F1
:100C040000000000000000000000000000000000E0
:100C140000000000004B0001080000020101480030
:100C2400010800000201014201010000000201016B
:100C3400440000000000020101B9000000000000AF
:100C44000001AB0000000000000001ED00070700F8
:100C5400070207015A000108000002010100000018
:100C640000EF601900000300000000010010000004
:100C74000600000000000000010400000000000065
:100C84000001050001000000000001010101000055
:100C9400000000010000000000000000000300014B
:100CA4000000000201010B00010800000201013BE9
:100CB40000020800000201016B00030800000201A9
:100CC40001BB0002000002020201EB000304000366
:100CD4000203019F00010000000000010000000069
:100CE4000000000000000000000000000000000000
:100CF40000000000000000000000000000000000F0
:100D040000000000000000000000000000000000DF
:100D140000009900000000000000016600000000CF
:100D24000000000135000100000000000150000037
:100D34000000000000010201010000000201013274
:100D44000103000000020101C800010000000000CE
:100D540001C5010100000000000181000000000045
:100D64000201012000000000000201015200000005
:100D74000000020101D8000000000002010160002F
:100D84000000000000000115000100000000000147
:100D9400110101000000000001B700000000000084
:100DA4000001E90000000000000001130001000040
:100DB400000301010C00010800000301016C0003A1
:100DC400080000030101EC00030400030303011203
:100DD40001010000000301013401030000000301CC
:100DE40001210000000000030101DC0000000000FC
:100DF40003010100000000000000000000000000EA
:100E040000000000000000000000000000000000DE
:100E140000000000000000000000000000000000CE
:100E24000000000000000000004B00010800000367
:100E34000101480001080000030101420101000012
:100E440000030101440000000000030101B9000097
:100E5400000000000001AB0000000000000001EDF4
:100E640000070700070307015A00010800000201F8
:100E74000100000000C86019000003000000000128
:100E84000010000006000000000000000104000043
:100E94000000000000010500010000000000010145
:100EA400010100000000000100000000000000003B
:100EB400000300010000000201010B000108000012
:100EC4000201013B00020800000201016B0003085B
:100ED4000000020101BB0002000002020201EB005B
:100EE400030400030203019F00010000000000014D
:100EF40000000000000000000000000000000000EE
:100F040000000000000000000000000000000000DD
:100F140000000000000000000000000000000000CD
:100F240000000000000099000000000000000166BD
:100F34000000000000000001350001000000000076
:100F44000150000000000000000102010100000047
:100F5400020101320103000000020101C800010086
:100F64000000000001C50101000000000001810033
:100F74000000000002010120000000000002010145
:100F8400520000000000020101D80000000000022D
:100F940001016000000000000000011500010000D4
:100FA40000000001110101000000000001B7000071
:100FB400000000000001E90000000000000001033F
:100FC40000010000000301010B00010800000301FF
:100FD400016B0003080000030101EB00030400039C
:100FE40003030102010100000003010132010300B7
:100FF4000000030101200000000000030101D800EB
:1010040000000000030101000000000000000000D7
:1010140000000000000000000000000000000000CC
:1010240000000000000000000000000000000000BC
:10103400000000000000000000000000004B000160
:1010440008000003010148000108000003010142F7
:10105400010100000003010144000000000003013D
:1010640001B90000000000000001AB000000000016
:101074000000010000000000000000005A00010808
:1010840000000201010000000020411900000300DB
:101094000000000100100000060000000000000035
:1010A4000104000000000000000105000100000030
:1010B4000000010101010000000000010000000027
:1010C40000000000000300010000000201010B0009
:1010D400010800000201013B0002080000020101B6
:1010E4006B0003080000020101BB000200000202C1
:1010F4000201EB00030400030203019F000100004E
:1011040000000001000000000000000000000000DA
:1011140000000000000000000000000000000000CB
:1011240000000000000000000000000000000000BB
:101134000000000000000000000099000000000012
:1011440000000166000000000000000135000100FD
:101154000000000001500000000000000001020136
:10116400010000000201013201030000000201013C
:10117400C80001000000000001C5010100000000DA
:1011840000018100000000000201012000000000B5
:1011940000020101520000000000020101D8000019
:1011A40000000002010160000000000000000115C1
:1011B4000001000000000001110101000000000016
:1011C40001B70000000000000001E9000000000079
:1011D4000000011300010000000301010C000108DC
:1011E40000000301016C0003080000030101EC008E
:1011F40003040003030301120101000000030101C1
:101204003401030000000301012100000000000379
:101214000101DC00000000000301013101010000B4
:1012240000000001000000000000000000000000B9
:1012340000000000000000000000000000000000AA
:10124400000000000000000000000000000000009A
:10125400004B0001080000030101480001080000E0
:1012640003010142010100000003010144000000E8
:101274000000030101B90000000000000001AB0000
:101284000000000000000100000000000000000059
:101294005A000108000002010100000000C22539C3
:1012A4000000003C60000000001000000600000088
:1012B400000000000104000000000000000105001F
:1012C4000100000000000101010100000000000114
:1012D4000000000000000000000300010000000204
:1012E40001010B00010800000201013B000208009B
:1012F400000201016B0003080000020101BB0002AF
:10130400000002020201EB00030400030203019F38
:1013140000010000000000010000000000000000C7
:1013240000000000000000000000000000000000B9
:1013340000000000000000000000000000000000A9
:101344000000000000000000000000000000990000
:101354000000000000000166000000000000000121
:101364000000000000000000000000000000000079
:10137400000002010100000002010132010300002B
:1013840000020101C80001000000000001C50101C4
:1013940000000000000181000000000002010120A3
:1013A40000000000000201015200000000000201E0
:1013B40001D80000000000020101600000000000EC
:1013C40000000115000100000000000111010100EE
:1013D4000000000001B70000000000000001E90067
:1013E40000000000000001030001000000030101EF
:1013F4000B00010800000301016B00030800000357
:101404000101EB00030400030303010201010000D6
:101414000003010132010300000003010120000068
:10142400000000030101D8000000000003010100D6
:1014340000000000000000000000000000000000A8
:101444000000000000000000000000000000000098
:101454000000000000000000000000000000000088
:1014640000000000004B0001080000020101000020
:101474000000000000000000000000000000000068
:10148400000000000000000000B90000000000009F
:101494000001AB000000000000000100000000009B
:1014A400000000005A0001080000020101000000D1
:1014B40010B5E0B1D9B100230122436080F82220A5
:1014C4000C6804604A6880F820208A680261CA684F
:1014D40012054261FF22C4F884204FF050240168B1
:1014E4008C6701680A62016818464A6410BD0120CD
:1014F400FCE738B102680020136C23F0FF031943A2
:10150400116470470120704770B5C8B105689DF932
:1015140018609DF91C00AC6C40EAC60040EAC32385
:101524009DF910006FF3140443EA00239DF914009D
:1015340043EA801343EA423242EA81412143A964E7
:1015440070BD40B102680020136C23F47F4343EA6A
:101554000121116470470120704770B5C8B1056856
:101564009DF918609DF91C002C6D40EAC60040EA04
:10157400C3239DF910006FF3140443EA00239DF97B
:10158400140043EA801343EA423242EA8141214390
:10159400296570BD18B103680020596070470120A7
:1015A400704730B103680139C1F313010020596257
:1015B40070470120704708B103681962704718B179
:1015C4000368186900F00100704720B1026853698C
:1015D40043F001035361704738B50D460446A8B182
:1015E4000368DA61C36A0BB10120984723689D61DF
:1015F4002046FFF7E4FF0028FAD02046FFF7E5FF76
:10160400E36A0BB100209847002038BD0120FCE7B5
:1016140028B103685868C04300F0010070470120F6
:10162400704708B103685868704720B10268536D69
:1016340061F38E235365704708B10368D96070471E
:1016440010B10368D868C0B2704770B5E8B10568D6
:101654009DF91C609DF92000AC6A40EAC6009DF922
:1016640010606FF3150440EAC6209DF9146040EA47
:1016740006209DF9186040EA861040EA433343EAA5
:10168400824242EA41512143A96270BD50B10368CC
:101694001A6821B142F0010200201A60704722F05A
:1016A4000102F9E70120704750B103681A6821B1BB
:1016B40042F4001200201A60704722F40012F9E785
:1016C4000120704750B103689A6821B142F01002BA
:1016D40000209A60704722F01002F9E70120704759
:1016E40030B580B10568BDF80C00AC68800640EAEE
:1016F4008353002043EA81416FF39E1441EA82122E
:101704002243AA6030BD0120FCE730B1026800200A
:10171400936861F30203936070470120704750B1EE
:1017240003689A6821B142F0200200209A60704751
:1017340022F02002F9E70120704750B103681A68CB
:1017440021B142F0807200201A60704722F080724A
:10175400F9E70120704750B103681A6821B142F4D7
:10176400000200201A60704722F40002F9E7012009
:10177400704750B103689A6821B142F000420020DA
:101784009A60704722F00042F9E70120704750B197
:1017940003689A6821B142F0080200209A607047F9
:1017A40022F00802F9E70120704740B102680020E6
:1017B400936D23F47F0343EA01419165704701204F
:1017C400704760B100685206836D42EA012123F03C
:1017D400007323F47F43194381650020704701207F
:1017E4007047000010B5F0B10468A06DB1B1022AD1
:1017F40084BF023AD2B213026FF30F0003F4FE4324
:101804000343120654BF43F0806343F0A06343F0E4
:101814000A0323F000730020A36510BD034B0340AB
:1018240043F00073F7E70120F7E700BF0000FFFA79
:1018340030B10268936C23F4783343EA4131916404
:10184400704730B10268136D23F4783343EA4131B1
:101854001165704748B10368D3F8882009B141F491
:1018640080310020C3F8881070470120704718B1F8
:101874000368D3F8880080B270477FB50546002816
:101884003DD0C46801B394F86A30002B37D094F982
:10189400726094F96E3094F96C1094F96D2003968B
:1018A40094F97160029694F97060019694F96F400E
:1018B4000094FFF729FEEB6893F86A102846FFF7B7
:1018C40018FE002004B070BD94F84630BBB194F902
:1018D4004E6094F94A3094F9481094F949200396DB
:1018E40094F94D60029694F94C60019694F94B403A
:1018F4000094FFF709FEEB6893F84610DEE7012039
:10190400E0E77FB50546002836D0C468E1B194F914
:101914006E6194F96A3194F9681194F96921039616
:1019240094F96D61029694F96C61019694F96B4196
:101934000094FFF7E9FDEB6893F866112846FFF77A
:10194400D8FD002004B070BD94F95C6194F958315D
:1019540094F9561194F95721039694F95B61029610
:1019640094F95A61019694F959410094FFF7CCFD1A
:10197400EB6893F85411E1E70120E3E7F0B5C4689C
:101984000646174687B054B3382928D801EBC10559
:101994002C44237C1BB394F918C094F9133094F9A4
:1019A400122094F91110CDF810C094F917C0CDF895
:1019B4000CC094F916C0CDF808C094F915C0CDF840
:1019C40004C094F914400094FFF73FFEF3683A46CC
:1019D4002B443046197CFFF7FFFD07B0F0BD012012
:1019E400FBE7000070B50446002841D0C368002B13
:1019F4003ED000293CD093F893510121CDB3FFF799
:101A0400D0FD002214212046FFF7B8FF2046FFF73F
:101A140008FEC30704D540F267413D4803F04CFF7C
:101A2400002215212046FFF7A9FF054620B1002218
:101A340020461146FFF7A2FF02212046FFF7AAFD28
:101A440001212046FFF7ADFD00222B212046FFF7A0
:101A540095FF6DB101212046FFF7A3FD002202216D
:101A64002046FFF78BFF2046FFF7D2FD0028F5D074
:101A740070BDFFF796FD2A4602212046FFF77EFF40
:101A84002046FFF7CEFD2A4614212046FFF776FFB5
:101A940010B92046FFF7C5FDE3681B7AABB30121FB
:101AA40003F00F051B0901FA03F3DBB20DB11D4668
:101AB400002300221521204643EA0525FFF75EFF97
:101AC400064620B1002220461146FFF757FF29465B
:101AD4002046FFF75FFD02212046FFF762FD00224A
:101AE40003212046FFF74AFF002EC1D001212046E2
:101AF400FFF757FD002202212046FFF73FFF204653
:101B0400FFF786FD0028F5D0B2E70225D1E700BF34
:101B14000566002038B504460D46FFF763FF2946E5
:101B24002046BDE83840FFF7A8BE38B504460D4648
:101B3400FFF758FF29462046BDE83840FFF7E1BECD
:101B440010B5044640B10268936A6FF3150343F479
:101B5400802343F00103936203212046FFF721FD14
:101B640000229F212046FFF737FD2046FFF759FD4D
:101B740020F07F4010BD70B5044600283ED0C368F5
:101B8400012193F89351002D3BD0FFF70AFD002269
:101B940002212046FFF7F2FE88BB2046FFF741FDF5
:101BA400C0B2E368DD790DB120EA050500221521F4
:101BB4002046FFF7E3FE064620B1002220461146E8
:101BC400FFF7DCFE29462046FFF7E4FC012120460E
:101BD400FFF7E7FC002203212046FFF7CFFE6EB19A
:101BE40001212046FFF7DDFC002202212046FFF7F9
:101BF400C5FE2046FFF70CFD0028F5D070BD00207F
:101C0400CFE7FFF7CEFC2A4602212046FFF7B6FEB7
:101C140000283ED12046FFF704FDC6B2002214215D
:101C24002046FFF7ABFE18B92046FFF7FAFCC5B211
:101C3400E368D97909B126EA01010022204641EA84
:101C440005251521FFF79AFE064620B100222046FD
:101C54001146FFF793FE29462046FFF79BFC02211D
:101C64002046FFF79EFC002203212046FFF786FE54
:101C7400002EC3D001212046FFF793FC002202214D
:101C84002046FFF77BFE2046FFF7C2FC0028F5D074
:101C9400B4E72E46C2E7F8B5044650B30023FF224A
:101CA40001214FF050260568436080F8221080F827
:101CB4002030C5F884200568AE6705682A62056887
:101CC4006A6480F823308360FFF7E0FC2046FFF766
:101CD40037FFC0F30727C0F30745C6B229463A4683
:101CE4003046FEF775FC0146E06020B92046FFF758
:101CF400CDFC01200AE03A4629463046FEF77CFC3A
:101D040000B1606194F823500DB10020F8BD204665
:101D1400FFF731FF6369B3F1807F0DD921212A4692
:101D24002046FFF72BFE94F8201019B92046FFF740
:101D3400FCFEEAE70121F9E794F8201019B92046DE
:101D4400FFF7E8FEE1E70121F9E760B1006850B16F
:101D5400836D090623F0807301F0807123F0FF0383
:101D640011431943816570472DE9F0470E469146AA
:101D74000546002843D0C468ACB1B1F5805F3ED3BA
:101D8400A279120302F580528A4238D3C1F30902C0
:101D9400E17A1A44B2EB012F31D81C469A46002747
:101DA400BAF1000F02DC2046BDE8F087BAF1400F1B
:101DB400D046A8BF4FF0400828464146FFF7F1FB44
:101DC400324632212846FFF7D9FD3B46002FB8BFE3
:101DD400FB1C4FEAA80123F0030201EBA3014A44D0
:101DE40009EB81018A4204D147444644AAEB080A1C
:101DF400D6E72846FFF715FC42F8040BF2E7002467
:101E0400D1E738B50446D0B10368AB211D6815F09D
:101E1400010502BF1A6842F001021A600268936A5F
:101E24006FF3150343F0010393620022FFF7D4FB21
:101E340025B92268136823F00103136038BD01201B
:101E4400FCE700207047000008B5E8B103680F4ABA
:101E540093420CD002F58052934215D1062001F032
:101E64002BFA022805D1BDE8084001F05ABA042033
:101E7400F5E7032803D1BDE8084001F055BA012075
:101E8400BDE8084001F0C0BA002008BD00100450AD
:101E940038B5054608B9002038BDFFF7D1FB044624
:101EA4000028F8D02846FFF7CFFFB0FBF4F0F3E7A3
:101EB40008B1FFF745BEFF2070477FB504460A46C8
:101EC40051B3C56895F8FF31002B3BD090F8203012
:101ED400C3B395F9076295F9022295F9033295F98E
:101EE4000112039695F90662029695F90562019628
:101EF40095F904520095FFF707FBE368204693F831
:101F0400FF11FFF7F6FA0121204694F82520FFF788
:101F140069FC002004B070BDFFF764FC636994F8A9
:101F24002010B3F1807F06D919B92046FFF7E9FCE8
:101F3400EFE70121F9E719B92046FFF79EFCE8E72E
:101F44000121F9E70120E5E730B50546012487B012
:101F540078B104940024224621462346CDE9024464
:101F6400CDE90044FFF771FB224621462846FFF7DE
:101F740033FB204607B030BD10B50446F0B102680B
:101F84001420D2F8943043F00043C2F8943002F0A5
:101F940067FC2368D3F89420D205FBD5D3F89400CA
:101FA400D3F89420C0B222F00042C3F8942094F8ED
:101FB400253023F07F03034384F8253010BD00004F
:101FC4002DE9F8430E4690461F460446002800F0CB
:101FD4009D80002900F09A80FFF76AFA2068FFF7D5
:101FE40030FF3369002184F83430B3680546A363B5
:101FF400F36884F824101B05E363022384F8363065
:102004003369C4F808805A1E5342534184F823307C
:10201400B8F1000F58D0002F56D03B68C8F80030F4
:10202400A368FA685A601022A3689A608022A368A1
:10203400D960A3681A614FF48052A3685961A368F8
:102044009961A368D961A3681A62A3685962C0B18F
:102054006FF07F43984214D0012694F82330002B6C
:102064003DD1002E3DD12046FFF7CBFE304602F095
:10207400F7FB322002F0F4FB2046FFF719FF054678
:102084002FE001212046FFF7D0FA5E4BA2692046DB
:102094009A424FF000028CBF01211146FFF755FE12
:1020A40020469DF82010FFF7C7FA94F835302BB17D
:1020B400012B10D100212046FFF73FFB01212046D0
:1020C400FFF7E4FA0026C8E7002DDED06FF07F4367
:1020D4009D42C1D1D9E7022BF0D10121EBE7002EBB
:1020E400CAD025635FFA85F8C5F30729C5F3074508
:1020F4004A4629464046FEF76BFA0746E06038B97F
:1021040001462046FFF7C2FAC4E90E7701200BE02E
:102114004A4629464046FEF76FFA08B1E06360611B
:1021240094F8233013B10020BDE8F883002E65D164
:102134002046FFF720FD6369B3F1807F30D9324632
:1021440021212046FFF71AFC94F8203053B9314678
:10215400204684F82660FFF7E8FC07212046FFF7B5
:10216400D4FAE0E701212046FFF7DFFC94F826705B
:10217400012FF2D14A4629464046FEF747FA38B1C4
:102184002046FFF7F9FE39462046FFF796FEE4E7BE
:10219400324631462046FFF725FB84F82660DCE70B
:1021A40094F8203033B93146204684F82660FFF78E
:1021B400B1FCB8E701212046FFF7ACFC94F8267087
:1021C400012F15D14A4629464046FEF71FFA38B179
:1021D4002046FFF7D1FE39462046FFF76EFEA2E700
:1021E400324631462046FFF7FDFA84F826609AE726
:1021F400324631462046FFF7F5FA94E784F8263054
:1022040091E700BF00E1F5051FB50190019B114C5A
:102214000BB1206840B9002001F006F90E4BB0FB69
:10222400F3F0019B20609BB1302882BF019B03F136
:10223400FF330193019B5BB10522019B013B4343A7
:10224400B3FBF2F30393039B5A1E0392002BFAD1C0
:1022540004B010BD9C9B002040420F0070B50E4698
:102264001546044658B302220368DA600268936D87
:1022740023F00073936502680020D2F8943043F091
:102284000043C2F89430FFF7BFFF1420FFF7BCFFF0
:102294002068D0F89430DB05FBD5D0F89430D0F822
:1022A4009420DBB222F00042C0F894205A1E32700F
:1022B40001220020043B2B702368DA6070BD0120EA
:1022C400FCE7000037B514460546002843D0002932
:1022D40041D0FFF7EDF82846E1B2FFF7ADF9284603
:1022E400FFF7D6FD1D4B984230D91D4B98422FD98C
:1022F4001C4B984222D940F2B63440F274431A4A35
:10230400904288BF1C46002201212846FFF71DFD8C
:1023140000212246022328460091FFF7E1F90446F2
:1023240048B906212846FFF7F0F9044618B90121F7
:102334002846FFF7ABF9204603B030BD0B4B4FF4F2
:102344003E749842DFD800221146DEE7B424FAE74F
:102354004FF4BE74F7E70124EDE700BF00366E01C9
:10236400006CDC0200D8B805000E27070087930331
:10237400F0B50E461746054687B0D8B107220024AB
:102384000323CDE903220121CDE90143009423462F
:10239400FFF75BF902212846FFF703F9394628467F
:1023A400FFF7F8F83246C0212846FFF715F9204612
:1023B40007B0F0BD0120FBE72DE9FF410C461646AE
:1023C4001F460546002840D06B46214A10685168D4
:1023D40003C39068D16803C32846E1B2FFF7C9F983
:1023E40007F110036B4413F8088C4FEA48185FFA9E
:1023F40088F80CB304AB03EB560313F8104CA40099
:1024040044F0210464B204F0FD0200212846FFF7E1
:10241400AFFF711E284649B2FFF70AFA424604216B
:102424002846FFF7A5FF791E284649B2FFF709FAA7
:10243400002004B0BDE8F08106F110036B4413F8EA
:10244400104CA40044F00104DCE70120F1E700BFD4
:1024540050540020F0B50E461746054687B0D8B153
:10246400072200240223CDE903220121CDE90143FF
:1024740000942346FFF7E9F804212846FFF791F872
:1024840039462846FFF786F83246C0212846FFF72A
:10249400A3F8204607B0F0BD0120FBE730B50546A0
:1024A40085B0A0B100240721022390F82520CDE9AE
:1024B40002115200CDE9004352B22346FFF724F83B
:1024C40021462846FFF715F8204605B030BD012007
:1024D400FBE730B5054685B090B1072100240223FF
:1024E400CDE90211CDE90043234690F92620FFF7F8
:1024F40034F880212846FFF724F8204605B030BD83
:102504000120FBE7F0B5044687B000283BD090F8E3
:102514002330052B34D0033B012B2ED8012603276F
:102524000023072576B27FB21A4601212046CDE961
:102534000355CDE901570096FFF787F80022FF21E4
:102544002046FFF749F894F82330052B0FD10023D8
:1025540001211A462046CDE90355CDE901570096DD
:10256400FFF773F80022FF212046FFF735F800201B
:1025740002F076F9032002F073F9002007B0F0BDF1
:1025840003260227CCE70120F8E7000030B5044613
:1025940085B000286ED000296CD0FEF789FF23682F
:1025A4000DF10E020DF10F0120461D68FFF756FED6
:1025B40001212046FFF740F82046FFF769FC2E4B27
:1025C40005F00105984236D8142303218DF80E3006
:1025D4008DF80F3008460023B42284F8251084F8BF
:1025E4002610062100902046FFF77AF8072120469E
:1025F400FFF78BF801212046FFF7C9F89DF80E106C
:102604002046FFF7D2F800229DF80F102046FFF76E
:10261400D8F801212046FFF739F801212046FFF7B9
:1026240043F82DB9154B1B6803F00303032B1DD18D
:10263400002005B030BD124B98420BD903F137731B
:1026440003F5D84398420BD907211420082340F2FC
:102654003252C2E705210E20032340F2B632BCE712
:1026640006211120052340F27442B6E72046FFF705
:1026740049FFDDE70120DCE7016CDC0200000C50BF
:10268400011C4E0EF0B5044685B0002800F096807B
:10269400002900F09380FEF70BFF23680DF10E0272
:1026A4000DF10F0120461E68FFF7D8FD01212046D9
:1026B400FEF7C2FF2046FFF7EBFB414B054698426D
:1026C400404F06F0010650D8142303218DF80E3034
:1026D4008DF80F30B4220023009120460621FEF726
:1026E400FFFF07212046FFF710F801212046FFF7DE
:1026F4004EF89DF80E102046FFF757F800229DF87B
:102704000F102046FFF75DF801212046FFF707F878
:1027140001212046FEF7BAFF01212046FEF7C4FF3F
:102724002EB994F8273013B92046FFF7EBFEBD42CB
:102734003AD9254B9D423CD90622022388253B26C3
:1027440084F82630012184F825202046FFF711F86B
:10275400324600212046FFF77DFE2A46042120460A
:10276400FFF778FE002005B0F0BDB8420DD9164B36
:1027740098420FD903F1377303F5D84398420ED822
:102784001421082340F23252A6E70E21032340F21B
:10279400B632A1E71121052340F274429CE71721C8
:1027A40009234FF4BE6297E7042200230825332649
:1027B400C6E70522002308253726C1E70120D2E712
:1027C400016CDC02011C4E0E01882A1170B50E4604
:1027D4001546044686B0F8B107220323CDE9012348
:1027E4000023CDE9032200930121FEF72EFF314699
:1027F4002046FEF7E0FE02212046FEF7D2FE2946DF
:102804002046FEF7C7FE4FF480326021204606B012
:10281400BDE87040FEF7E0BE06B070BD38B50446B2
:102824000122FFF7B3FE2046FFF732FB154B984217
:102834001FD9154B98421FD903F1F47303F5904344
:1028440098421CD942F28F7541F28F730F4A90421D
:1028540098BF1D4601212046FEF734FF2A46204634
:102864000021FFF7B3FF01212046FEF782FF00207D
:1028740038BD4EF28F75EDE74FF28F75EAE740F2FF
:102884008F75E7E781FE210A01D4650C01882A11BE
:102894001FB560B10721032390F82520CDE900136B
:1028A400013A0023CDE9021152B2FEF72DFE05B024
:1028B4005DF804FB1FB560B10721032390F82620BF
:1028C400CDE90013013A0023CDE9021152B2FEF71B
:1028D40044FE05B05DF804FB2DE9FF470B6904468F
:1028E40080F823300B69033B032B00F28580DFE87B
:1028F40003F0026358792046FFF748FE0322064698
:1029040008212046FFF734FD2046FFF7C1FA4D4B5E
:1029140098425FD903F1A46303F5834398425BD9DA
:1029240003F1377303F5D843984257D9464B98427D
:1029340056D9464B984294BF072500254FF000080E
:1029440007274FF0030A4FEA4509434609F1FF32CE
:1029540039462046CDE90277CDE9008AFEF7D4FD59
:1029640041462046FEF7C5FD43466A1E39462046C9
:10297400CDE90277CDE9008AFEF7EFFD80212046FC
:10298400FEF7DFFD2B464A4601212046FFF714FDE2
:102994004FF6FF712046FEF75DFF304604B0BDE8F8
:1029A400F0872046FFF76EFE2046FFF777FD2046AE
:1029B400FFF78FFD0026EBE72046FFF7E7FD4322F4
:1029C400064608212046FFF7D3FC01212046FEF7E6
:1029D400C2FE99E70325B1E70425AFE70525ADE776
:1029E4000625ABE72046FFF719FF2046FFF750FF07
:1029F4002046FFF75FFFDDE7002603254FF00108BF
:102A040002272046FFF75EFC33460622294620466D
:102A1400CDE90067CDE90258FEF776FDEB212046AB
:102A2400FEF767FD3346324629462046CDE9006766
:102A3400CDE90258FEF791FD38212046FEF781FDCD
:102A44000646A5E70129DE0701EBC9130184D71760
:102A5400000000000102030400000000040206015B
:102A640070470000002310B5084A916B814205D8D5
:102A7400D46B2144814201D958B210BD0133052BD6
:102A840002F14402F1D14FF0FF30F6E764990020DF
:102A9400064A936B834206D8D26B1344834294BF95
:102AA4000020012070470020704700BF18970020C5
:102AB40003460244934200D1704703F8011BF9E72F
:102AC40038B50546FFF7E4FF044648B92846FFF742
:102AD400C9FF431C06D04422034B02FB003038BD1F
:102AE4000248FCE72046FAE7649900201897002082
:102AF4000120704710B50C46C9B12AB9022000F074
:102B040083FCB0FBF4F010BD00F0D6FB02280246B3
:102B140002D100F006FCF4E7012802D100F0FEFB2C
:102B2400EFE7044B0448032A18BF1846E9E70846B0
:102B3400E9E700BF006CDC0200D8B8052DE9F74FC7
:102B4400442400252D4FDFF8C4A004FB00749946EB
:102B5400DAF80030064688469346E56213B1284CFD
:102B6400284BE362D8F80C30202B03D9002003B0A3
:102B7400BDE8F08F86B3012E38D0B9F1010F04BF40
:102B84008F2384F82530DAF8003084F8269043B196
:102B9400FFF7AEFF0122014605460620FFF7AAFF14
:102BA400A0616821184A5B4601FB06222046414683
:102BB4000095FFF705FA0028D8D1DAF80030EDB215
:102BC400A5623BB1442303FB0677A36BFA6B134462
:102BD400A36323610120CAE700F086FF01220546B2
:102BE40001460420FFF786FFA061C6E700F082FFDC
:102BF4003246054601460620F4E700BF64990020EA
:102C040018970020615400205C970020149700203E
:102C14000020704770B50D4C8AB02646442200212E
:102C240005AD0B48FFF744FF0FCE0FC533682B608B
:102C340001AD04F114030FCB85E80F0000232A46ED
:102C440005A90120FFF77AFF0AB070BD34570020B0
:102C5400A8990020002070470020704700220C4BE8
:102C640010B51A60FFF7D4FF041E18BF0124FFF744
:102C7400D1FF08B144F00204FFF7ECFF08B144F0BF
:102C84000404FFF7E9FF08B144F00804204610BD2E
:102C94001497002010B586B000F026FF30220021E2
:102CA40004461748FFF704FF142201A8FFF700FFAA
:102CB400144B0193A3F558335B68C3F30223023B1F
:102CC400042B1AD8104AD35C8B4208BF0623102267
:102CD40005934FF08053CDE9033200F003FF034620
:102CE400591E4B4206484B41224601A980F8273021
:102CF400FFF7F2FD002006B010BD0623E7E700BF92
:102D0400E4960020001004502C570020B0F1805F9E
:102D140008B502D0B0F1C04F04D10348FFF7B8F8AA
:102D2400400808BD0020FCE7E496002003030502E8
:102D34000600000000200450020000000000001201
:102D440020000000000000001C10085000000000DB
:102D54003300000001000000FFF7D8BFEFF310803C
:102D640072B6704780F31088704740BF714A136889
:102D7400012B04D04FF0010313606F4A10606F4AB7
:102D840011606F484FF0805101607047EFF310827B
:102D940072B66848016889B34FF000010160664863
:102DA4000168B1B1EFF309811EF0100F08BF21EDE6
:102DB400108B21E9F00FEFF30B8441F8044D4FF031
:102DC40000041EF0100F08BF012441F8044D0068F0
:102DD40001605A490968096808C910C984F30B8855
:102DE400B1E8F00F002B18BFB1EC108B81F3098808
:102DF4004EF0100E002B18BF2EF0100E82F3108828
:102E04004EF0040E70474F484FF47F01D0F8002075
:102E140041EA02010160704748490860EFF31482F7
:102E240022F0040282F3148843494FF00000086042
:102E340040494FF00100086042484FF47F01D0F848
:102E4400002041EA020101603D484FF080510160D9
:102E54003D480068006800BF80F3088861B662B628
:102E6400704700BF20BF7047EFF308801EF0040FC7
:102E740001D0EFF3098020E9F00FEFF30B8440F861
:102E8400044D40F804ED40F804ED1EF0040F02D0A8
:102E940080F3098801E080F3088800B502F0F8FCAB
:102EA4005DF804EB4EF0040E7047EFF308801EF05B
:102EB400040F01D0EFF3098020E9F00FEFF30B8446
:102EC40040F8044D40F804ED40F804ED1EF0040F02
:102ED40002D080F3098801E080F3088800B502F08D
:102EE400C3FC5DF804EB4EF0040E704710B4EFF32E
:102EF400038410B47C4600B500B54DF804CD0FB47E
:102F0400089C2DE9F00FEFF30B8410B400B568466C
:102F140002F096FC01BC10BC84F30B88BDE8F00FF2
:102F24000FBC5DF804CB5DF804EB10BC10BC10BC06
:102F340070470000F0BF0020F8BF0020F4BF00205D
:102F440004ED00E020ED00E008ED00E0104A137805
:102F5400FF2B05D10F4B9B68DB4303F00103137078
:102F64000D4A506B4BB10D4B1B681BB90A23B0FBC8
:102F7400F3F070470A4B1B88F9E74FF47A72C0F3F9
:102F84000E03C00B5343504300EBD330704700BFD4
:102F9400588E002000B00C5000000C5044B70020A4
:102FA40040B7002008B5002A00F05581002900F040
:102FB4005281612800F24A81DFE810F062002C019E
:102FC4004801690028016D00240148017100F000E6
:102FD4001C01180148017500480179007D00480171
:102FE400810048014801860013018B009000950080
:102FF400A200A700AC00480148014801B100B60096
:103004000E010901BB00C00048014801C500480188
:103014004801CA004801CF00D400E900F900480182
:1030240048014801480148014801D9000401DE0073
:103034003F01E100E300480148014801E50048017F
:10304400E700480148014801EB00480148014801F4
:103054004801480148014801F200F200F700480124
:10306400480148014801FB004801480100012001D2
:10307400300135013A019A00480102014401F2008D
:1030840000230B6001234FF0A040136008BD002310
:103094000B600223F7E700230B600423F3E700230C
:1030A4000B601023EFE700230B602023EBE70023E2
:1030B4000B604023E7E700230B608023E3E7002352
:1030C4000B604FF48073DEE700230B604FF48063E2
:1030D400D9E700230B604FF40063D4E700230B60AF
:1030E4004FF48053CFE700230B604FF40053CAE73B
:1030F40001230B604FF400134FF080401360C5E7C9
:1031040000230B604FF48043BDE700230B604FF4B2
:103114000043B8E700230B604FF48033B3E7002388
:103124000B604FF40033AEE700230B604FF48023B1
:10313400A9E700230B604FF48013A4E700230B607E
:103144004FF400139FE700230B604FF480039AE7CA
:1031540000230B604FF0007395E700230B604FF0E2
:10316400006390E700230B604FF080538BE700234C
:103174000B604FF0004386E701230B6083E70123D4
:1031840086E7012388E701238AE7012390E70123E7
:1031940096E701230B604FF4007374E701239EE765
:1031A40001230B604FF400236DE70123C2E70123E1
:1031B400CFE701230B604FF4000364E70123C3E767
:1031C4000023F7E700230B604FF4807394E7002398
:1031D4000B604FF480638FE700230B604FF40073A0
:1031E4008AE700230B604FF4004385E700230B605C
:1031F400402381E700230B6020237DE700230B603D
:10320400102379E700230B60082375E700230B6084
:10321400042371E700230B6002236DE700230B6096
:103224004FF4801368E700230B604FF4002363E737
:1032340000230B604FF480235EE700230B604FF400
:10324400803359E700230B60802355E740F24B316C
:10325400024802F031FB002018E700BF3966002065
:1032640007B5134A134902EBC002D1F89C30927897
:10327400022862F30303C1F89C300DF1070011D159
:10328400FDF730F810B10B238DF80730094A9DF88B
:103294000710D2F8943061F30303C2F8943003B0FA
:1032A4005DF804FBFDF72AF80028EFD00D23EBE7C7
:1032B400C464002000A00C504FF0A0430D281A6AEB
:1032C4000DD842F6F173C34013F0010F0CBF012374
:1032D40003238340134023FA00F0C0B27047012354
:1032E400F7E70000012803D002280ED00020704721
:1032F4004FF0A043DB6A63B113F001000AD0064823
:10330400C3F3830303FB000070474FF0A0431B6B20
:10331400F1E71846704700BF00366E010120FFF741
:10332400E1BF0220FFF7DEBF0020704738B5244B11
:10333400A1F1B774A4F558549C423FD8012839D060
:10334400022839D040F2A4611E4802F0B5FA1E4B9F
:103354000020D3F8942091075EBFD3F8942042F064
:103364000202C3F89420D3F89420D2075EBFD3F8A6
:10337400942042F00102C3F89420144A2B68B4FB51
:10338400F2F423F001032B602B6823F4005323F0A1
:103394003C0343EA840343F4805343F001032B606A
:1033A40001F05EFA0A2001F05BFA2B68002BFCDACC
:1033B400002038BD064DCAE7064DC8E70120F8E7EE
:1033C400002A75153966002000B0005000366E01E1
:1033D4002C0000503000005001460120FFF7A6BF2A
:1033E40001460220FFF7A2BF4FF0A042D36A00209B
:1033F40023F00103D36270474FF0A042136B002007
:1034040023F0010313637047012808D14FF0A04350
:103414001B6A03F00303032B01D1FFF77FBF0148AD
:10342400704700BF006CDC02021E08BF012210B509
:103434001046FFF7E9FF012A04460AD0022A10D0F9
:1034440040F274710A4802F037FA0123B4FBF3F036
:1034540010BD4FF0A0435B6ADBB2012BB8BF012360
:10346400F4E74FF080435B6903F03F03F5E700BFE7
:10347400396600204FF0A04310B50D281B6A18D8F8
:1034840042F6F172C24012F0010F0CBF0122032276
:1034940002FA00F411404FF0A04223EA04038140F1
:1034A4000B43136220B90120FFF7BEFF024B1860E3
:1034B40010BD0122ECE700BF108700200028D8BF10
:1034C400002008B5CCBFFF230346002912DB002AE5
:1034D40043F4E06340EA01200EDA4FF0A0414A6A67
:1034E40022EA030303434B620120FFF79DFF074BCE
:1034F400186008BD002A04DB43F4E04340EA0230CC
:10350400EBE7002BF0D0FF23E7E700BF1087002094
:1035140070B50C46194D0646FFF7A2FE2B69FA203A
:1035240023F004032B6101F09BF9302C0DD800210A
:103534000846FFF79FFF302004220021B0FBF4F07F
:10354400FFF7BCFF0024204670BD01F017F90C48BA
:1035540000EBC60043680B48EB616043FFF73CFF98
:1035640004460028EFD1012106220846FFF7A6FFF2
:1035740003212046FFF77EFFE4E700BF00B00050C0
:10358400C464002040420F002DE9F3411F4C204F3A
:1035940004EBC0023B6B9278054662F317534FEA83
:1035A400C0083B630DF107000E46FCF79BFE10B10B
:1035B4000B238DF807309DF8071014F935203025BA
:1035C4000A440021FB6C084662F38503FB64FFF7A1
:1035D40051FF302EB5FBF6F504D940F62B210D48EA
:1035E40002F06AF9042200212846FFF767FFFFF77B
:1035F400FBFE01F0CFF84444074B6268DA611A69B4
:1036040042F004021A6102B0BDE8F081C4640020F3
:1036140000A00C503966002000B0005070B5314E47
:10362400054633780C46012B43D9023B012B02D9C2
:103634000125284670BD2C4B53F82120FFF771FE5D
:103644009042F5D8012905D829462046FFF79CFF6A
:10365400002535E000210846FFF70CFF2046FFF760
:10366400FFFDFA2001F0FCF8FFF7BEFE302D0DD867
:1036740001F090F800210846FFF7FCFE0422002127
:103684003020B0FBF5F0FFF719FFE1E701F076F821
:1036940016486843FFF7A0FE05460028C8D101215B
:1036A40006220846FFF70AFF03212846FFF7E2FE39
:1036B400CEE7012909D901462046FFF729FF05462F
:1036C4000020347001F0CCF8B3E78B4203D14FF003
:1036D400FF321146D4E790210220FFF719FF00289A
:1036E400A6D1B1E764870020B464002040420F00F3
:1036F400002808B511DD002926DB012800D139B1E5
:103704003F2343F4E06340EA0120002A0BDA0EE091
:103714000146F5E700200346F3E70029FADA002A18
:103724000CDB0020034643F4E04340EA02304FF050
:1037340080414A6922EA030303434B610220FFF7F5
:1037440073FE024B186008BD3F23DEE7108700209C
:1037540038B5041E08BF012420460D46FFF764FE59
:10376400012C08D0022C0ED00A4840F2957102F0C8
:10377400A3F8002006E04FF0A0435B6A3DB1C3F319
:103784000223D84038BD4FF080435B69F6E7C3F3AA
:103794000233F6E7396600204FF080431A6842F49A
:1037A40080221A601A685203FCD51A6822F4802217
:1037B4001A607047024A136823F0040313607047C9
:1037C40000000440134A1368590721D411680028E3
:1037D4000CBF01234FF0FF3341F0040111604FF09F
:1037E400804243F48013136011680029FCD0094A15
:1037F400116CC80606D5116C41F002011164116CFC
:10380400C906FCD44FF080410A6822EA03030B6026
:10381400704700BF0000044007B56A4601A9FFF7DE
:10382400C1FBB0F1A04F0FD1019B13B1012B11D1FA
:103834000C480368009A13430360036823EA0203F5
:10384400036003B05DF804FBB0F1804F02D1019B2B
:10385400002BEED040F62C01034803B05DF804EBD6
:1038640002F02AB8040000503966002007B56A4601
:1038740001A9FFF797FBB0F1A04F05D1019B83B1DC
:10388400012B06D10F4B0DE0B0F1804F01D1019B0C
:10389400B3B140F64B010C4803B05DF804EB02F001
:1038A4000BB80A4BEFF31081012282F310881A68D7
:1038B400009802431A6081F3108803B05DF804FB9A
:1038C400034BEFE70C00005039660020080000505D
:1038D4000400004007B56A4601A9FFF763FBB0F195
:1038E400A04F05D1019B83B1012B06D1104B0DE0F4
:1038F400B0F1804F01D1019BBBB140F668010D4886
:1039040003B05DF804EB01F0D7BF0B4BEFF310816C
:10391400012282F310881A68009822EA00021A60D1
:1039240081F3108803B05DF804FB044BEEE700BF9D
:103934000C000050396600200800005004000040CC
:103944002DE9F8432A4B1B69002B4EDA4FF0A045B2
:103954006B6B4FF00B096FF30F036FEA93336FEA4E
:1039640083334FF400744FF48078224E6B63736F8B
:10397400214F43F4C0037367736F43F0406373676D
:1039840047F6E073726F03EA44133A4013437367D4
:10399400032000F065FF6B6B43F080436B636B6B3C
:1039A400002BFCDAA96BAA6B6B6B90B223F08043FB
:1039B400B0EB114F6B634FEA114335BF1B1AC01AAA
:1039C4004444A4EB080435BF98B280B2A4B2A4B2B4
:1039D4003F2804D9B9F101094FEA5808D0D1A028E9
:1039E40094BF00200120BDE8F8830120FBE700BF5D
:1039F40000000C5000A00C501F80FFFF0028D6BF11
:103A04000020FF230346002910DB090201F4E061D2
:103A1400002A43F4E06340EA010009DA4FF0A041D0
:103A24004A6C22EA030303434B647047002A09DB10
:103A3400002A08BF0122120302F4E04243F4E043E7
:103A44001043EBE7002BF0D0FF23E7E74FF0A04350
:103A54005A6C22F480225A645A6C61F311425A64FB
:103A6400704708B50F20FFF735FF0D20FFF732FF31
:103A740001200021FFF7EAFF02460C20FFF7BEFFFA
:103A840000210C20FFF7F6FC01F0F2FE08BDF0283F
:103A94000DD8902807D8302807D8182894BF0021BB
:103AA4000121FFF7BBBD0321FBE70221F9E7012058
:103AB40070470000000000000000000000882A1188
:103AC40000882A11FB06090030031000FD080A00D3
:103AD40031031100000B0D0013021300020D0F003F
:103AE4001302130000207047014B1888704700BF71
:103AF4000A870020014B1888704700BF0887002000
:103B04000048704700E00012443A5C5369466C690F
:103B14005C5369466C692D53444B5C76322E342ECB
:103B2400365C637573746F6D65725C626F61726429
:103B3400735C736633326C6235322D636F72655F0A
:103B4400626173655C6273705F696E69742E630091
:103B5400443A5C5369466C695C5369466C692D53FD
:103B6400444B5C76322E342E365C637573746F6D01
:103B740065725C626F617264735C736633326C622B
:103B840035322D636F72655F626173655C62737059
:103B94005F70696E6D75782E6300443A5C536946B4
:103BA4006C695C5369466C692D53444B5C76322EC8
:103BB400342E365C647269766572735C68616C5C21
:103BC4006266305F68616C5F6770696F2E63004482
:103BD4003A5C5369466C695C5369466C692D53447D
:103BE4004B5C76322E342E365C6472697665727361
:103BF4005C68616C5C6266305F68616C5F687061B0
:103C04006F6E2E6300443A5C5369466C695C536979
:103C1400466C692D53444B5C76322E342E365C64EC
:103C24007269766572735C68616C5C6266305F6849
:103C3400616C5F6D70692E6300443A5C5369466C35
:103C4400695C5369466C692D53444B5C76322E345F
:103C54002E365C647269766572735C68616C5C6252
:103C640066305F68616C5F7263632E630052545FF9
:103C7400454F4B203D3D207200666C6173683100F6
:103C840038B50020FFF718FB044628B900F076FD8C
:103C940001212046FFF7EEFB01210C20FFF7EAFB90
:103CA400FFF720FF012863D0022000F0F7FC012079
:103CB400FFF788FD01F0FCFD00F082FD012001F01A
:103CC400C7FD022001F0B0FD424B434A0120C3F876
:103CD400902001F0E1FD01F0E7FD01F0F1FD18B1E4
:103CE4006C213E4801F0E8FD3D4A3E48936843F0AC
:103CF4000103936001F0B0FD4FF08042136943F07B
:103D040010031361EFF31085012383F31088364CFD
:103D140023781BB97921314801F0CEFD2378013B8A
:103D2400DBB2237023B9314AD36A23F00103D3628F
:103D340085F310882A4B9C6814F0010418D101F013
:103D4400D3FD64222146C82001F0D2FD01F0C8FD54
:103D54004FF41652B0FBF2F04FF47A72B2FBF0F269
:103D64001C4901320B6F23F47C7343EA02130B6783
:103D7400F020FFF78CFE02241D48FFF731FB0020E2
:103D840000F06EFD05221B4B1C801B4B1A80FCF7B8
:103D940037FA21460420FFF76DFB0122002011466B
:103DA400FCF738FAFEF776FF21460620FFF762FBA0
:103DB400FFF798FE012808D10C4A136B23F0010386
:103DC4001363BDE83840FEF725BFBDE83840FCF773
:103DD40097BB00BF00A00C5000E20400086500205F
:103DE40000B00C5000B00040F882002000000C50DD
:103DF40000882A110A8700200887002008B500F0EF
:103E04006FF8BDE80840012000F0D3B9704710B541
:103E14000123044610220921022000F0A9FE0123F7
:103E240010220A21032000F0A3FE012310220B21FB
:103E3400042000F09DFE012310220C21052000F037
:103E440097FE012310220D21092000F091FE012389
:103E540010220E210A2000F08BFE012310220F21D4
:103E64000B2000F085FE1022012311460C2000F0E7
:103E74007FFE012300221946082000F079FE012369
:103E840000220321062000F073FE022C4FF00103F0
:103E940010D0042C21D0102206210D2000F068FE41
:103EA4000121084600F0A8FFBDE8104001210720C9
:103EB40000F0A2BF10220421184600F059FE01238D
:103EC400102205210D2000F053FE2146BDE81040CC
:103ED40001230022072000F04BBE0022DCE7000093
:103EE40010B5A14B5B6813F4E06FC3F302245ED1F9
:103EF400012322460321022000F03AFE0123224638
:103F040019460A2000F034FE01231022092108205A
:103F140000F02EFE012310220A21032000F028FEC7
:103F2400012322460C210B2000F022FEFFF7DAFDCC
:103F3400012803D176218D4801F0BEFC0123002223
:103F440019211E2000F014FE012300221B211A2037
:103F540000F00EFE0123102221211D2000F008FE96
:103F64000123102222211B2000F002FE0123302213
:103F740023211C2000F0FCFD0123302224211F20DA
:103F840000F0F6FD0123302240F22111212000F03F
:103F9400EFFD30224FF490710123202000F0E8FD62
:103FA400BDE8104001220021152000F0E1B8012CE9
:103FB40040D1234600220321052000F0D9FD2346E9
:103FC400002221460A2000F0D3FD234610220921B5
:103FD4000C2000F0CDFD234610220A21032000F01E
:103FE400C7FD234630220B21204600F0C1FD2346A5
:103FF40030220C21092000F0BBFD2146022000F0F4
:10400400FBFE2146042000F0F7FE2146062000F0C6
:10401400F3FE2146072000F0EFFE2146082000F0C1
:10402400EBFE21460B2000F0E7FE01210D2000F0FD
:10403400E3FE83E7023C042C00F28D80DFE804F009
:1040440046443E0342000123002219460A2000F0A0
:104054008FFD012300220321092000F089FD0123A3
:1040640010220921062000F083FD012310220A21D9
:10407400082000F07DFD012330220B21072000F0F1
:1040840077FD012330220C210B2000F071FD01216A
:10409400084600F0B1FE0121022000F0ADFE01212E
:1040A400032000F0A9FE0121042000F0A5FE012157
:1040B400052000F0A1FE01210C20B4E70220FFF747
:1040C400A6FE3BE70420FAE70120F8E701231022CB
:1040D4000921022000F04CFD012310220A210320B3
:1040E40000F046FD012310220B21042000F040FDC6
:1040F400012310220C21052000F03AFD0123102297
:104104000D21062000F034FD012310220E2107208A
:1041140000F02EFD012310220F21082000F028FDBD
:10412400102201231146092000F022FD0123102250
:1041340006210A2000F01CFD0123002219460B2051
:1041440000F016FD0321012300220C2000F010FDD5
:104154000121084667E7002401340121204600F0CC
:104164004BFE0D2CF8D1E9E600B00050506500205C
:104174007FB50B4B0B4C0546002A18BF1C46012388
:104184000E46CDE901030023204601A9039300F064
:104194002FF82046F2B2A9B200F02EF904B070BD97
:1041A40000000A500000084001220B201146FFF7CE
:1041B400DFBF08B5FFF7F8FF08BD000008B50A4BDC
:1041C400984214BF402360238B4206D901F01F0399
:1041D4004909138000EBC11008BD044840F27E3148
:1041E40001F06AFB0020F7E700000A509A650020FE
:1041F40037B50C46054618B9DC21484801F05CFB8C
:104204006368012B14D9112B12D0454A23F40011F1
:1042140091420DD002F58012934209D023F4801309
:1042240002F50012934203D0DD213C4801F044FB27
:10423400A368022B03D9DE21384801F03DFB284650
:1042440021880DF10602FFF7B9FF034690B1012260
:104254006168BDF80600012902FA00F20CD1596A1E
:1042640011435962996D11439965DA64DA65DA6329
:104274009A645A6103B030BD11290CD1596A1143B3
:104284005962996D11439965DA64DA65DA601A63E3
:104294009A635A64EEE759B9596A11435962996DA0
:1042A40011439965DA64DA65DA639A649A61E1E73D
:1042B4009A6161681A4CA14211D1D96A1143D96239
:1042C4009A639A640122174982408D420BBF196A8E
:1042D400596D0A430A430CBF1A625A65CAE7124C65
:1042E400A14204D1D96A1143D962DA6306E00F4CC2
:1042F400A14205D1D96A1143D9629A635A64E1E7AC
:104304000B4CA14203D1196B11431963D8E7094C33
:10431400A142D7D1196B11431963E6E79A650020CE
:104324000000111000000A5000002110000031109C
:10433400000041100000511037B50D46044620B965
:1043440040F251110E4801F0B7FA20460DF1060271
:10435400A9B2FFF733FF80B10123BDF806108269CB
:104364008B401A438261426A1A434262826D1A4345
:104374008265C364C365C363836403B030BD00BF97
:104384009A65002037B50D46044620B94FF4BE7136
:10439400184801F091FA294620460DF10602FFF76C
:1043A4000DFFE0B10123BDF8062041689340D140E0
:1043B400CC0716D4816AD140C90712D4416B01EAF3
:1043C400030433EA01010CD1016C8C4309D1036964
:1043D400D340DB4303F00103181E18BF012003B0D0
:1043E40030BD016921FA02F2D2074CBF426802686B
:1043F4001340F1E79A65002073B50E46144605464E
:1044040020B94FF4D9711B4801F056FA012C04D994
:1044140040F2B311174801F04FFA314628460DF126
:104424000602FFF7CBFED0B10123BDF806104268A7
:104434008B40CA40D50718D4826ACA40D20714D424
:10444400416B01EA030233EA01010ED1056C05EA6E
:104454000201AA4309D124B943690B43436102B061
:1044640070BD83690B438361F9E70CB18360F6E7A0
:10447400C360F4E79A650020F7B50DF1060206461D
:104484000F46FFF79BFE044628B31C4BBDF80650AD
:104494009E4222D0C36DEB40D8071CD5236DEB4060
:1044A400D90704D440F22D21154801F005FA01235F
:1044B400AB40E3653946304601F00AFA39463046E6
:1044C40000F01CF9002806DB012308300D4A834064
:1044D40043F00043936203B0F0BDC36CEB40DA07D2
:1044E400F9D5C369EB40DB0704D44FF40E710448DB
:1044F40001F0E2F90123AB40E364DBE700000A507A
:104504009A65002000000C500C4B70B5984204468C
:1045140010D00B4B98420FD04FF41B71094801F097
:10452400CBF90025A9B220460135FFF7A5FFAE421D
:10453400F8D270BD4E26F4E72426F2E700000A50B4
:10454400000008409A65002037B50D46044620B99E
:104554004FF426712F4801F0AFF90DF106022946F8
:104564002046FFF72BFE024600284ED04368BDF8D4
:104574000610CB40DD070CD4836ACB40DC0708D49B
:104584000123406B8B4033EA000002D1106C83435B
:1045940035D01369CB4013F001001ED1D369CB4051
:1045A40013F0010019D0936ACB4013F0010F536B41
:1045B40023FA01F313D0D80703D5136CCB40DB07E0
:1045C4001FD4536BCB40DD071DD4136C1248CB4072
:1045D40013F0010F08BF4FF0FF3003B030BDDC070C
:1045E40003D5136CCB40D8070FD4536BCB40DB07F8
:1045F4000ED4136C0948CB4013F0010FEAE71120E5
:10460400EBE70748E9E70748E7E74FF0FF30E4E75F
:104614000548E2E79A6500200000211000005110CF
:1046240000003110000011100000411073B50DF1AD
:1046340006020646FFF7C2FD044640B3154BBDF81B
:1046440006509E4212D0C36DEB40D8070BD5236DA4
:10465400EB40D90704D440F251310F4801F02CF952
:104664000123AB40E365002002B070BDC36CEB4096
:10467400DA07F8D5C369EB40DB0704D440F25B31B9
:10468400054801F019F90123AB40E364EBE701208D
:10469400EAE700BF00000A509A650020022838B5F6
:1046A40024D1134CE620E36A43F00103E36200F0F3
:1046B400D7F8E36A9A06FCD51E2000F0D1F8E36A25
:1046C4009B06FCD5EFF31085012383F31088094C76
:1046D4002378132B03D9D121074801F0EDF823786F
:1046E4000133237085F31088002038BD0120FCE7D6
:1046F40000000C50F8820020CF650020064B984241
:1047040006D1A1F1180083B2142B01D840B270472E
:104714004FF0FF30704700BF00000A5003460846C0
:1047240031B1142B03D8183302480B807047002092
:10473400704700BF00000A50B9B1142815D80F28DB
:104744000CD910380A4BC0B21A68072300EB40009A
:1047540083401340C3400B7000207047072885BF77
:104764000838044B044BC0B2EEE70120704700BF89
:104774000C000C5008000C5004000C50044B1A6937
:1047840042F002021A611A69002AFCDA704700BF7B
:1047940000000C50024A136923F0020313617047AE
:1047A40000000C50054B5B6B834238BF03F1FF33B1
:1047B400181A88422CBF03200020704700000C50B8
:1047C400094BDA6A92060CD5084900204A6842F07F
:1047D40000424A605A6842F000425A6001225A6319
:1047E40070470120704700BF00000C5000000440D7
:1047F40010B5FFF745FAFFF775F9012828D0FFF740
:104804009FF8044618B1C221134801F055F801F08D
:104814003BF8FFF726F9FFF765F9012801D001F00D
:104824000BF8FFF75FF9013818BF012001F04CF8CD
:10483400032001F035F8002001F04EF850B9074A82
:10484400D36823F00103D36001F016F8204610BDAD
:104854000024DCE70124F9E7594F051200B00050A9
:10486400034670B5B8B142F210754FF0E026AB4282
:1048740084BFA3F51C5442F21073326998BF00241C
:10488400184688BF103CD30708D400F00BF8234621
:10489400002CECD101E000F005F870BD00F048F800
:1048A400F5E7000013B50190019B1C4C4BB3236842
:1048B4003BB3019BB3F1807F04D94FF4CD71184809
:1048C40000F0FAFF019B33B3164A136813F0010397
:1048D4000DD11548D0F8FC1041F08071C0F8FC10DF
:1048E4005360136843F4003343F001031360019BE6
:1048F40022680C49534348684A68121A9A42FBD307
:1049040009E00020FEF790FD084BB0FBF3F0019B9B
:104914002060002BCDD102B010BD00BFD89A00207A
:10492400594F0512001000E000ED00E040420F0076
:1049340037B501904FF0E0204FF47A724469019B3F
:104944006343B3FBF2F301930023816982698A42D2
:10495400FCD025BFA51A5B195B185B18019938BFF9
:104964009B1A994201D803B030BD1146EEE707B552
:104974000190019B13B903B05DF804FB4FF47A7006
:10498400FFF76EFF019B013B0193F2E78B10A3F14C
:104994004802F0B5D6B2042E49D8022E10D8254DBF
:1049A4000E2405EB820540F2B222A1EB86039BB2F2
:1049B400A3F59073032B3AD8DFE803F0091A2720F4
:1049C4001D4D9B003D2440F221321D44EDE70E2C89
:1049D4004FF0080620D14FF47C512F68031BB340DD
:1049E4007B400B4010447B40001B2B6080B2F0BD29
:1049F4000E2C4FF0000612D13F21EEE70E2C4FF0A3
:104A040010060ED14FF47C11E7E70E2C4FF0180678
:104A14000AD14FF07C51E0E74FF4E061DDE7072174
:104A2400DBE74FF4E021D8E74FF0E061D5E7002061
:104A3400DDE700BF58B000500CEF0040002A31D031
:104A44002F2816DD3A282DDC0123174A2A38834003
:104A5400106F11F0200F14BF184398431067124AC7
:104A640011F0100FD16E14BF0B4321EA0303D36678
:104A740070472638032815D80C4B11F0200F53F833
:104A8400202014BF42F0100222F0100243F820202C
:104A940053F82020C9064CBF42F0080222F0080255
:104AA40043F82020704700BF00B00C505CB00C509D
:104AB40038B14FF0A0429368064843F00403936072
:104AC40070474FF080425368034843F00803536033
:104AD400704700BF00300050003000403A2870B5E5
:104AE400CDBF002601260546A0F13C05044630460C
:104AF400FFF7DEFF4EB9402C07DD094A52F8243097
:104B040061F30E3342F8243070BD05F18043013B5C
:104B140050F8232022F00F02114340F82310F3E74A
:104B240058AF0C503B28C8BF3C38430152B1064A29
:104B34000020134433F810208A4202D00130102898
:104B4400F8D17047014AF3E7C079002020790020AA
:104B54003B28C8BF3C38000108441AB1024B33F863
:104B640010007047014BFAE7C0790020207900203B
:104B74002DE9F8431546044618B94FF0FF30BDE857
:104B8400F8833A28CDBF002701270646A0F13C064A
:104B94003846FFF78DFF8046002F00F0FE80A1F518
:104BA40090739BB20B2B2ED82046FFF7EFFE0146E5
:104BB4003A462046FFF7B6FF0F288146DDDC3A4629
:104BC40029462046FFF73AFF002F40F0EF80402CA3
:104BD40040F3EC807F4AE80652F824304FEA093962
:104BE40023F4E04323F0180348BF43F00803A90665
:104BF40048BF43F0100309F4E04949EA030342F8CB
:104C040024300020BBE7A1F59C739BB2072B26D868
:104C14004A109C3AA1EB420189B2B1F59C7F19D0AC
:104C240040F23913994240F0BF804FF0080E4FF420
:104C34007C5C6949A4F10E0351F8220003FA0EF3D7
:104C4400434003EA0C03434041F8223004F5297140
:104C540089B2ADE74FF0000E4FF03F0CE9E7A1F544
:104C6400EC739AB2092A36D80522B3FBF2F3C3EBEC
:104C74008332C3EB82020A4492B2A2F5EC7188B289
:104C8400032814D84FF03F0E5448C90050F823C0ED
:104C9400A4F10E028A4082EA0C020EFA01F10A40E3
:104CA40082EA0C0240F8232004F25521D0E7B2F541
:104CB400EE7F79D13F214A48DA00D0F86CC0A4F1E4
:104CC4000E03934083EA0C0301FA02F2134083EAD1
:104CD4000C03C366E8E76FF4017901EB090293B2B0
:104CE400052B27D80323B2FBF3F26FF4017EC2EB4A
:104CF400823302EB83030B449BB203EB0E0C1FFACB
:104D04008CFCBCF1020F4FD8DB00A3F5815335496D
:104D1400A4F10E0E083B0EFA03F3DFF8D8E051F8C5
:104D240022005EF82CC0434003EA0C03434041F8E0
:104D34002230B9E76FF4F87C01EB0C039AB2092A2C
:104D44003FF636AFB1F5FC7F16D2590813F0010FC8
:104D5400254B4FF03F00254A18BF1A46C90088402A
:104D6400D2F800C0A4F10E038B4083EA0C03034085
:104D740083EA0C03136097E707D040F2F9139942D2
:104D840007D100213F201A4AEAE710214FF47C1092
:104D9400F9E708214FF47C50F5E7A1F596739BB22F
:104DA400072B3FF605AFFFE6002101E706F1804639
:104DB400013E58F8263005F0300509F00F0945EAA0
:104DC400090523F03F031D4345F0400548F82650EC
:104DD40017E700BF58AF0C5048B0005064B0005003
:104DE40000B0005070B000507CB0005078B000505B
:104DF40080B00050147900203A2838B5044625DDE7
:104E0400402816DC0025A0F13C012846FFF750FE9F
:104E140001F18043013B50F823102A4621F05F0141
:104E240041F00F0140F8231000212046FFF706FE51
:104E34000AE0084A52F8203023F4E04323F00E033A
:104E440043F4E04342F82030002038BD01460125F8
:104E5400DBE700BF58AF0C503A2870B50D46114639
:104E64000ADC4FF0A042936843F00403936080BBD4
:104E74004FF0FF36304670BD4FF08042536843F028
:104E840008035360B0F13C03F2D040282EDD1E4BE2
:104E940053F82020C2F3C003D4064FEA0313C2F32D
:104EA400023648BF43F0200312F0040205D000226A
:104EB40043F04003402B22D01BD823B1302B08BF32
:104EC400052318BFFF230B703146FFF741FE2880EE
:104ED400D0E7034601220D4C03F18043013B54F813
:104EE400233003F00F0603F07003E3E70022084CBD
:104EF400F2E7502B05D0702B08BF0223E1E7012312
:104F0400E1E70323DFE700BF58AF0C500030005047
:104F1400003000403F000000003F000000003F0060
:104F2400000000000000000000000000000000007D
:104F3400000000000000000000000000000000006D
:104F4400B200210301030000000000003B024B02F9
:104F54003702000000000000000000000000000014
:104F6400B300220302030000000000003C024B02D5
:104F740038020000000000000000000000000000F3
:104F8400B400230303030000000000003D024B02B1
:104F94003A020000000000000000000000000000D1
:104FA400B500240304030000000000003E024B028D
:104FB40039020000000000000000000000000000B2
:104FC40000000000000000000000000000000000DD
:104FD40000000000000000000000000000000000CD
:104FE400F20004000000000000000B0000000000BC
:104FF40000000000000000000000000000000000AD
:10500400F30009000000000000000300000000009D
:10501400000000000000000000000000000000008C
:10502400F4000A000000000000000A000000000074
:10503400000000000000000000000000000000006C
:10504400F5000B000000000000000B000000000051
:10505400000000000000000000000000000000004C
:10506400F6000C0000000000000003000000000037
:10507400000000000000000000000000000000002C
:10508400F700030000000D0009000000000000000C
:10509400000000000000000000000000000000000C
:1050A400F800020000000E000B00000000000000E9
:1050B40000000000000000000000000000000000EC
:1050C400F900010000000F000A00090000000000C0
:1050D40000000000000000000000000000000000CC
:1050E400FA000D000000100003000C000000000096
:1050F40000000000000000000000000000000000AC
:10510400FB000E000000060001000100000000008A
:10511400000000000000000000000000000000008B
:10512400FC000F00000001000C000C000000000057
:10513400000000000000000000000000000000006B
:10514400FD00100000000300000009000000000042
:10515400000000000000000000000000000000004B
:10516400FE00050006000000000000000000000032
:10517400000000000000000000000000000000002B
:105184005200540100000000B202630200006A01F0
:10519400000000000000000000000000000000000B
:1051A4005300000000000000B3026402000000008D
:1051B40000000000000000000000000000000000EB
:1051C400540055010000C601B40265029A016B0146
:1051D40000003B0200002702000000000000000065
:1051E40055004E010000C801B502660299015F0135
:1051F40000003C0200002802000000000000000043
:1052040056004F010000C701B602670297015E0114
:1052140000003D0200002902000000000000000020
:10522400570050010000C401B702680295016801EB
:1052340000003E0200002A020000000000000000FE
:10524400580051010000C501B802690294016901C6
:1052540000003F0200002B020000000000000000DC
:10526400590052010000D401B9026A02920160019E
:105274000000400200002C020000000000000000BA
:105284005A0053010000D501BA026B029101610179
:10529400000041023A02000000000000000000008B
:1052A4005B00000000000000BB026C020000000074
:1052B400000042023902000000000000000000006B
:1052C4005C00000000000000BC026D020000000051
:1052D40000000000000000000000000000000000CA
:1052E4005D00000000000000BD026E02000000002E
:1052F4000000D3013702210200000000000000007A
:105304005E001B00B7010000BE026F020000000037
:10531400000000003802220200000000000000002B
:105324005F002200B8010000BF027002000000000C
:105334000000000000002302000000000000000044
:1053440060002300B2010000C002710200000000EE
:105354000000000000002402000000000000000023
:1053640061002100B4010000C102720200000000CB
:105374000000000000002502000000000000000002
:1053840062001900B5010000C202730200000000AF
:1053940000000000000026020000000000000000E1
:1053A40063002400B6010000C30274020000000080
:1053B40000000000000000000000000000000000E9
:1053C400640000001A020000C4027502000000001C
:1053D40000000000000000000000000000000000C9
:1053E4006500000019020000C502760200000000FA
:1053F40000000000000000000000000000000000A9
:105404006600000000000000C602770200000000F1
:1054140000004B020000000000000000000000003B
:105424006700000000000000C702780200000000CE
:105434000000000000000000000000000000000068
:10544400680000000000D401C802790200000000D6
:105454000000000000000000000000000000000048
:10546400690000000000D501C9027A0200000000B2
:105474000000000000000000000000000000000028
:105484006A0000004901C601CA027B020000000054
:105494000000000000000000000000000000000008
:1054A4006B0000004801C801CB027C020000000030
:1054B40000000000000000000000000000000000E8
:1054C4006C00000000000000CC027D02000000001F
:1054D40000000000000000000000000000000000C8
:1054E4006D00000000000000CD027E0200000000FC
:1054F40000000000000000000000000000000000A8
:105504006E0000004601C701CE027F0200000000C9
:105514000000000000000000000000000000000087
:105524006F0000004701C401CF02800200000000A8
:105534000000000000000000000000000000000067
:10554400700000000000C501D002810200000000CC
:105554000000000000000000000000000000000047
:105564007100000000000000D1028202000000006F
:1055740000004302000000000000000000000000E2
:105584007200000000000000D2028302000000004C
:105594000000000000000000000000000000000007
:1055A4007300000000000000D30284020000000029
:1055B40000000000000000000000000000000000E7
:1055C4007400000000000000D40285020000000006
:1055D40000000000000000000000000000000000C7
:1055E4007500000000000000D502860200000000E3
:1055F40000000000000000000000000000000000A7
:105604007600000000000000D602870200000000BF
:105614000000000000000000000000000000000086
:10562400770000004D010000D702880200006201EB
:105634000000440200000000000000000000000020
:10564400780000004C010000D8028902000000002C
:105654000000000000000000000000000000000046
:10566400790000004A010000D9028A029001630116
:105674000000450200002F020000000000000000AE
:105684007A0000004B010000DA028B028F016401F2
:10569400000046020000300200000000000000008C
:1056A4007B00000000000000DB028C029301650116
:1056B400000047020000310200000000000000006A
:1056C4007C00000000000000DC028D0296016601EF
:1056D4000000480200003202000000000000000048
:1056E4007D00000000000000DD028E0298016701C9
:1056F4000000490200003302000000000000000026
:105704007E00000000000000DE028F0200000000A6
:1057140000004A0200003402000000000000000003
:10572400032AF0B504D803461A44934227D1F0BDA6
:105734008307F8D14FF00133CCB25C4315460346DE
:105744000F2D03F1100311D802F00F031E4622F0AF
:105754000F05054403EB050C032EACEB06070BD831
:1057640003F00C032B4402F00302DDE743E9044495
:1057740043E90244103DE3E73C60043EECE703F8F0
:10578400011BD2E7830730B546D08418844604E071
:1057940003F8011B9D0704D09C46A4456346F7D13A
:1057A40030BD013A0244A2EB0C02032A29D9CCB23F
:1057B4000F2A04EB042404EB04442FD9A2F1100CA7
:1057C40003F110052CF00F0CAC44C3E90044C3E909
:1057D400024410336345F8D112F00C0F02F00F0E9F
:1057E40018D02EF0030CAEF104051A469C4442F87E
:1057F400044B6245FBD125F0030404330EF003028D
:105804002344002ACCD0C9B21A4403F8011B9342A2
:10581400FBD130BD7246F4E70346C6E79646E0E79F
:105824005FF800F0E57103125FF800F0A5C60212FC
:105834005FF800F0557303125FF800F015C7021209
:105844005FF800F0CDA003125FF800F0317103128D
:105854005FF800F051C602125FF800F0E5C60212CC
:105864005FF800F00D6B03125FF800F0C1A00312A3
:105874005FF800F0A76603125FF800F0D1A30212EC
:105884005FF800F0098503125FF800F0AD8602129C
:105894005FF800F0319F03125FF800F001C60212B6
:1058A4005FF800F0159A02125FF800F0B1C5021219
:1058B4005FF800F0750103125FF800F0456503120C
:1058C4005FF800F01DC602125FF800F0E1860212D4
:1058D4005FF800F0F91403125FF800F0CD640312CE
:1058E4005FF800F005C102125FF800F091C50212E2
:0858F4005FF800F015C102127B
:105900000348044B834202D0034B03B1184770474E
:10591000C4960020C496002000000000064B0749F2
:10592000C91A891048BF0131491003D0044B0BB18B
:1059300001481847704700BFC4960020C496002055
:105940000000000010B5064C237843B9FFF7D8FFDC
:10595000044B13B10448AFF300800123237010BD42
:10596000C896002000000000047F061208B5054B11
:105970001BB105490548AFF30080BDE80840FFF7BB
:10598000CDBF00BF00000000CC960020047F0612AF
:1059900002280B4610B505D00D4812F0EDFC4FF073
:1059A000FF3010BD58680A22002123F0B3F90446E5
:1059B0000146084812F0E0FC631E032B03D8064B97
:1059C0001C600020EDE7054812F0D6FCF9E700BFA7
:1059D000384E05124C4E05120C870020694E0512F8
:1059E00070477047B0F1C04F70B536D3B1F5804FF6
:1059F00021D900231A49C1F88430BFF34F8F43F6F1
:105A0000E074D1F88030C3F3C900C3F34E335B01B7
:105A1000024603EA040646EA8275013AC1F860527A
:105A2000F9D2203B13F1200FF2D1BFF34F8FBFF318
:105A30006F8F012070BD81B100F01F030B44BFF3D5
:105A40004F8F07490344C1F85C0220301A1A002A1C
:105A5000F9DCBFF34F8FBFF36F8F0020EAE700BF81
:105A600000ED00E000236C4970B5C1F88430BFF34D
:105A70004F8F43F6E074D1F88030C3F3C900C3F30D
:105A80004E335B01024603EA040646EA8275013A98
:105A9000C1F86052F9D2203B13F1200FF2D1BFF3CD
:105AA0004F8FBFF36F8FBFF34F8FBFF36F8F002206
:105AB000C1F85022BFF34F8FBFF36F8FBFF35F8FDB
:105AC0004B6A23F480334B62D1F8943023F0010306
:105AD000C1F89430BFF34F8FBFF36F8F114610465C
:105AE0004D4BC3F8982001320C2AC3F8A000F8D11E
:105AF000D3F8C020494822F0FF0242F02202C3F846
:105B0000C020D3F8C02022F47F4242F48842C3F878
:105B1000C020D3F8C02022F47F02C3F8C020D3F8FD
:105B2000C02022F07F4242F0EE42C3F8C020D3F8FA
:105B3000C42022F0FF0242F03302C3F8C420C3F8AD
:105B400098104FF6E1720721C3F89C10C3F8A0200B
:105B50000122C3F8982002F10112C3F89C20304AB8
:105B6000C3F8A0200222C3F898202E4AC3F89C2034
:105B70002D4AC3F8A0200322C3F89820C3F89C0044
:105B80002A48C3F8A0000420C3F898002848C3F8A6
:105B90009C002848C3F8A0000520C3F898002648B8
:105BA000C3F89C002548C3F8A0000620C3F898005D
:105BB0002348C3F89C002348C3F8A000C3F89810FA
:105BC0002149C3F89C1001F5432101F6E171C3F8A6
:105BD000A0100821C3F898101C49C3F89C1001F5C7
:105BE0007F2101F6DF71C3F8A0100921C3F89810D6
:105BF0001749C3F89C101749C3F8A010BFF35F8F73
:105C0000C3F894205A6A42F480325A62BFF34F8F2D
:105C1000BFF36F8F70BD00BF00ED00E002000020F9
:105C2000E3FF020006000010E1FFFF1FE3FF272053
:105C300003000040E5FFFF5F02000060E9FFFF6135
:105C400002C03F20E3FF4F2002C0BF20020080209F
:105C500006000062E3FFFF6F70B5204B5A6912F433
:105C6000003211D1BFF34F8FBFF36F8FC3F85022B3
:105C7000BFF34F8FBFF36F8F5A6942F400325A61FE
:105C8000BFF34F8FBFF36F8F144A536913F4803300
:105C900023D1C2F88430BFF34F8F43F6E074D2F8BB
:105CA0008030C3F3C900C3F34E335B01014603EAFE
:105CB000040646EA81750139C2F86052F9D2203BE8
:105CC00013F1200FF2D1BFF34F8F536943F48033A8
:105CD0005361BFF34F8FBFF36F8F70BD00ED00E0D6
:105CE0007047000008B5104A104B9A60D3F888201E
:105CF00042F03F02C3F88820D3F8882042F47002B3
:105D0000C3F88820FFF76DFEFFF7ACFE084B1B6859
:105D1000DB0701D4FFF764FEFFF79EFFFFF7E0FF0C
:105D2000044B054A1A6008BD0000021200ED00E0B5
:105D300000B000501087002040787D0130B5024649
:105D40000024104B1D781846954202D19D888D4243
:105D500017D00134092C03F10603F3D10A4B5B6819
:105D6000DBB2062B0CD90624084B1D781846954249
:105D700002D19D888D4204D0013C03F10603F4D189
:105D8000002030BDF88E051200B00050D48E0512F0
:105D900038B50446084619461546FFF7CFFF38B117
:105DA000438882882946E01825F020FA002038BD73
:105DB0000120FCE738B50546084619881446FFF768
:105DC000BDFF38B1418882882944204625F00EFA6B
:105DD000002038BD0120FCE7034B5B68DBB2062BDB
:105DE0008CBFCC204020704700B0005008B5F8228E
:105DF00009490A4825F0FAF906F0B6FB4FF40052BB
:105E00000021074841F01CFE4FF4FF5205490448A9
:105E100025F0ECF908BD00BF10AF0512007F40204F
:105E200000604020308F051210B50E4A86B00E4C2F
:105E300003AB07CA83E8070004F10C0384E80700FA
:105E4000184642F6F4720021019341F0F9FD41F247
:105E500024020649019825F0C9F906B0BDE81040B2
:105E600006F082BBFCC005120050402008B00512AD
:105E7000044B054A5B680548DBB2062B88BF104619
:105E8000704700BF00B000502CC00512007F4020BA
:105E90000023F0B500F18044490804F50224971C62
:105EA00037F8236032F82350013305EB064544F8F8
:105EB000045BDDB2A942F3D80139C9B2043000EB6A
:105EC000810080B2F0BD2DE9F0414FF0000E9DF849
:105ED0001C809C46DDE908633244002513E031F85C
:105EE00015400788A7428BBF3F1BE41BBCB2A4B27E
:105EF0000DB1A64506D9A6461CF805703770069F59
:105F00007F5D1F700135ECB2A045E8D8013696429E
:105F100003F1010300F10200DFD1BDE8F0810000D0
:105F200010B50E4C042041F0A3FD63690A2023F054
:105F300004036361636923F002036361636943F0EF
:105F400002036361636943F00403636141F090FD00
:105F50006369DB07FCD5A069000C10BD0028084070
:105F600010B5354B354C1A68002042F010021A600B
:105F70005A68462142F080625A60D3F8FC206FF3E1
:105F80000902C3F8FC20A26D22F48072A265226E81
:105F900042F480622266E26822F40042E260D3F8B2
:105FA000EC2022F02002C3F8EC20D3F8EC2042F0E1
:105FB0002002C3F8EC2043F6FC72636F134363675F
:105FC000A36F1343A367636F1D4A23F08043636786
:105FD000C4F88C00FFF75CFFD4F88C30043003EB7E
:105FE0000043C4F88C303621164AFFF751FF0430C5
:105FF0003021154AC4F89000FFF74AFFD4F89030DA
:10600000043003EB0043C4F890304E210F4AFFF7F1
:106010003FFF043060210E4AC4F89400FFF738FFB8
:10602000D4F89430043003EB00435A21094AC4F8F1
:106030009430FFF72DFF10BD0040084000280840B5
:1060400030C40512C4C3051264C30512C8C20512C8
:1060500008C2051254C105122DE9F04F2DED028B37
:10606000BFB00590782022F053FD0490782022F0F4
:106070004FFD83464FF4F07022F04AFD08904FF434
:106080009E7022F045FD0690A02022F041FD0B906D
:10609000A02022F03DFD0C904FF49E7022F038FDC0
:1060A00009904FF49E7022F033FD0790A02022F05B
:1060B0002FFD0D90A02022F02BFD0E904FF49E702E
:1060C00022F026FDAF4C0A90636F002623F00303F5
:1060D0006367A36F4FF0FF3A23F00303A367E368FE
:1060E000B14643F0006343F00303E36023694FF0DC
:1060F000010843F4E02323616368802523F0FF0354
:106100006360636843F031036360236843F4805342
:1061100043F001032360636843F4002343F4807376
:106120006360236A43F480432362974BD3F81821BA
:1061300022F07C62C3F81821D3F8182142F0E072F3
:10614000C3F81821A26822F4FE42A260A26842F4B9
:106150008042A260626922F473626261626942F401
:10616000E15242F008026261626842F40022626019
:10617000A2696FF30F02A261A26942F4F052A26118
:10618000D3F81C216FF30A02C3F81C21D3F81C2199
:1061900042F01002C3F81C21A26822F0FF02A260A4
:1061A000A26842F08002A260D3F8182122F07E6239
:1061B000C3F81821D3F8182142F0E072C3F818216F
:1061C000236843F001032360636943F08003636144
:1061D000636923F080036361636923F002036361F1
:1061E000636943F002036361E36843F04403E360DF
:1061F000E36943F40023E361A36823F4FE43A3604F
:10620000A36843F48043A360CDE9116A10960F960A
:10621000A368042023F4FE43A360A368402743F44B
:106220008043A36041F024FC0121636843F4807340
:1062300063606068400118D56068820100F1908059
:10624000402343FA01F03B1ADFB21591A06820F415
:10625000FE40A060A06840EA0720A060012041F055
:1062600007FC159901310729E3D1616821F4807198
:106270006160FFF755FE802148F2484C41FA08F171
:106280006045C9B275D9A0F5044A2944CDE9107515
:10629000AAF1480ACDB20F90636908F1010823F012
:1062A00004036361A368B8F1090F23F0FF03A3603F
:1062B000A36843EA0503A360AAD1129B5345049B3C
:1062C00028BFDDE910691E704FF00006089B34BF3F
:1062D000BDF85070BDF83C708BF800901F80A3682B
:1062E00023F0FF03A360A3681D43A560636923F047
:1062F00004036361049B9BF800801D784FF0000944
:10630000CA464A46A368771C23F0FF03A360A3682C
:10631000FEB258FA87F7FFB23B43A360636843F4C9
:1063200080736360236A43F4804323620F92A368FF
:10633000042023F4FE43A360A36843EA0523A3607B
:1063400041F096FB6368580137D563680F9A13F0E4
:10635000007354D1D5B1013D4FF00009EDB219E001
:10636000606883017FF571AF402343FA01F03B1869
:106370006AE7ACEB0003691AA9463E461293CDB218
:10638000149089E7002808400040084009F10109FD
:106390005FFA89F942B1139A93420EBF4FF0000A97
:1063A0000AF1010A5FFA8AFABAF1040F4FF001020A
:1063B000139302D0B9F1020FB8D1636823F480734C
:1063C0006360A36823F4FE43A360A36843EA052344
:1063D000A360FFF7A5FD47F21063984281461BD9E1
:1063E000772E04D940F669110A4810F0ABF8049BE7
:1063F0000BF806709D55089B23F816907EE73E2DFE
:1064000001D80135A8E709F101093F255FFA89F9AB
:10641000C0E700BF804E05126368282223F40023E2
:1064200063600E9B089903930C9BB348CDE901630D
:10643000CDF800B0049BFFF746FD0D9B2822039387
:106440000B9BAE48CDE90163CDF800B0049BFFF78C
:106450003AFD0A9B4F220393099BA948CDE90163AA
:10646000CDF800B0049BFFF72EFD079B4F2203934E
:10647000069BA448CDE90163CDF800B0049BFFF76B
:1064800022FD6368A04D43F400236360A36916AF47
:106490006FF30F03A361A369B7EE008A43F4874348
:1064A000A361D5F81C316FF30A03C5F81C31D5F888
:1064B0001C3143F01003C5F81C31069BDA7C079BA6
:1064C000DB7C43EA0223A360D5F8183123F07E6316
:1064D000C5F81831D5F81831C5F81831FFF720FD87
:1064E0006369064623F004036361D5F8183123F08D
:1064F0007C63C5F81831D5F8183143F07C63C5F8D2
:106500001831FFF70DFD6369801B23F004036361FD
:1065100063683A4623F4002363604FF4D823B3FB47
:10652000F0F307EE903A0025F8EEE76A9FED776A00
:10653000744931F8023BB0EE487AA3F5F443493B85
:1065400003EB430307EE903AF8EEE77AA7EEC67A3C
:1065500066EE877AFCEEE77A17EE903A0135EDB2F7
:10656000282D22F8023BE4D16368674E43F40023F0
:106570006360A3696FF30F03A361A36943F48743C7
:10658000A361D6F81C316FF30A03C6F81C31D6F8A4
:106590001C3143F01003C6F81C31069B93F83B20D6
:1065A000079B93F83B3043EA0223A360D6F81831E7
:1065B00023F07E63C6F81831D6F81831C6F81831C2
:1065C000FFF7AEFC6369804623F004036361D6F8ED
:1065D000183123F07C63C6F81831D6F8183143F02F
:1065E0007C63C6F81831FFF79BFC6369A0EB0800D9
:1065F00023F0040363614FF4D823B3FBF0F307EEF9
:10660000903A9FED436AF8EEE76A3E4916AA31F8E0
:106610001530B0EE487AA3F50043893B03EB430302
:1066200007EE903AF8EEE77AA7EEC67A66EE877A3A
:10663000FCEEE77A17EE903A22F8153001354F2D2F
:10664000E5D1E36923F40023E3610023C4F8983023
:10665000059AC4F89820059A02F1804101F50221BB
:106660000B9A0D98D25CC05C00EB02200E9AD25CB3
:1066700002EB00420C98C05C013302EB0022282B95
:1066800041F8042BECD1059AD4F89830A03203EBF2
:106690000243C4F89830059B1E49099A1944002307
:1066A000551C0A9A501C15F8132010F8136006EBBD
:1066B00002260A9A12F8132002EB0642099E16F8E7
:1066C0001360013302EB0622282B41F8042BEAD198
:1066D0000022059BC4F89C2003F5A073C4F89C30ED
:1066E000069B0D4A591E079B581E059B1A44069B84
:1066F00003F14E0512E000BFE6C6051296C605126C
:106700005AC50512BCC40512004008407F512D3700
:106710000B802A37A02008404021084037F8023B70
:1067200011F8016F1B0403EB062310F8016F8D4273
:10673000334442F8043BF1D1059B142003F51F7547
:10674000636B23F4F0136363636B43F4E0136363DD
:10675000236943F480732361A36B43F47E33A36303
:10676000636B43F483036363D4F8883043F440736A
:10677000C4F8883041F07CF9636B022023F4007385
:10678000636341F075F9636B022043F40073636344
:1067900041F06EF9D4F8883023F00103C4F8883052
:1067A000D4F8883043F00103C4F88830D4F8883036
:1067B0009907FBD5636B23F4F8436363D4F888200F
:1067C000D4F88830C2F3C302C3F38003616B9B0328
:1067D00043EA82230B436363D4F8883023F0010338
:1067E000C4F88830636B23F481036363D4F8883082
:1067F00023F40073C4F88830236923F48073236181
:10680000E36823F0006323F04303E360636F43F026
:1068100003036367A36F43F00303A367236A23F4AF
:1068200080432362636823F4002363608B4BD3F8B7
:106830001C2142F00102C3F81C21D3F8182142F4B4
:106840000012C3F81821236823F001032360636B4F
:1068500043F001036363A36B43F48063A363636941
:1068600043F002036361236E43F48063236623686D
:1068700023F480532360636923F480536361A36C22
:1068800043F40053A364A36D43F02003A365E368BE
:1068900043F08803E360236E43F4401343F404732E
:1068A0002366E36C43F0006343F0C003E364E36CEE
:1068B00023F48053E364A36D43F0C003A365E36F47
:1068C00043F00C03E367E36F23F00203E367E36F36
:1068D00043F00103E367D4F88030DA07FBD5636D3A
:1068E000D4F880201B0A22F4FE42C4F88020D4F899
:1068F000802003F4FE431343C4F88030636DD4F862
:1069000080209B0D22F0FE02C4F88020D4F8802065
:1069100003F0FE031343C4F88030E36C142623F025
:10692000006323F0C003E364E36C43F48053E36447
:10693000A36D23F0C003A365236E23F4401323F457
:1069400004732366E36F43F00203E367E36F23F00E
:106950000103E367E36823F08003E360A36C43F47F
:106960000053A364A36D43F4004343F02003A365E5
:10697000A36D23F48043A365D4F8843023F07073AF
:10698000C4F88430A36D43F48033A365A36D23F46E
:106990008073A365A36D43F48073A365D4F884303A
:1069A00043F40013C4F88430D4F88430DB0201D4FB
:1069B000002E4CD1D4F88430A26D5B0C22F47852B6
:1069C000A265A26D03F47853134343F48043A36597
:1069D000D4F8843023F40013C4F88430A36D23F476
:1069E000803323F02003A365A36C23F40053A36436
:1069F000236923F4C0232361636943F08003636147
:106A0000049822F08DF8584622F08AF8089822F06F
:106A100087F8069822F084F80B9822F081F80C98F9
:106A200022F07EF8099822F07BF8079822F078F897
:106A30000D9822F075F80E9822F072F80A9822F05C
:106A40006FF828463FB0BDEC028BBDE8F08F012007
:106A5000013E41F00DF8F6B2A6E700BF0040084045
:106A60002DE9F04FBDB00D90962022F051F8059021
:106A7000962022F04DF806904FF4167022F048F858
:106A800007904FF49E7022F043F808904FF49E70E8
:106A900022F03EF8AF4D0990D5F8EC30AE4A23F421
:106AA0000063C5F8EC30D5F8EC30AC4C43F00C0387
:106AB000C5F8EC30536F642043F4C003536740F0D3
:106AC000D7FF636F002623F00303636723694FF04A
:106AD000FF3943F4E02323616368B34623F4FD43A5
:106AE00023F07F03636063684FF0010A43F4A84317
:106AF00043F0750363602368B04623F4706323603A
:106B00002368324643F4206323602368402143F422
:106B100000532360636843F4002343F4807363608D
:106B2000236A43F480432362636923F0380363617B
:106B3000636943F4805343F010036361636843F473
:106B400000236360A3696FF30F03A361A36943F498
:106B50003453A361D5F81C316FF34A03C5F81C31D7
:106B6000D5F81C3143F01003C5F81C31D5F81C31A1
:106B700023F00103C5F81C31636A802523F0FF036D
:106B80006362636A43F080036362636943F0800376
:106B90006361636923F080036361636923F0020327
:106BA0006361636943F002036361E36843F4C00314
:106BB000E360E36943F40023E361636A23F4FE4383
:106BC0006362636A43F4804363623346CDF828907E
:106BD000606A402720F4FE406062606A40F48040B2
:106BE0006062606840F4807060600120D4F804C086
:106BF0001CF4800F19D0D4F804C01CF4001F40F01E
:106C0000958041FA00FCA7EB0C07FFB2D4F824C032
:106C100001302CF4FE4CC4F824C0D4F824C007285A
:106C20004CEA072CC4F824C0E0D1CDE90E236068FB
:106C300020F480706060FFF773F9802348F2863E8D
:106C400043FA0AFC70454FF04001DDE90E235FFA7C
:106C50008CFC75D980462B463A46A0F50349A9F12C
:106C60008609AC4460695FFA8CF520F0040060612D
:106C7000606A0AF1010A20F0FF006062606ABAF1FE
:106C8000090F40EA05006062A2D10A99494524BF74
:106C900016469B46059B38BFBDF830801E70069B8C
:106CA00028BF1FFA88F883F800B0079BA3F800807C
:106CB0004FF00008636A23F0FF036362636A1D43B9
:106CC0006562636923F004036361069B1F78059B7B
:106CD0001D78636A08F1010623F0FF036362636AAB
:106CE0005FFA86F857FA86F6F6B233436362636852
:106CF00043F480736360236A43F480432362002378
:106D000019461846626A22F4FE426262626A42EAE8
:106D1000052262626268520232D5626812F4001281
:106D200053D1EDB1013D0023EDB21BE0D4F804C016
:106D30001CF4001F3FF46AAF41FA00FC674464E7AB
:106D4000AEEB00060A96AB463E46A5EB0C0C0C904B
:106D500088E700BF004008400000094000280840C4
:106D60000133DBB228B10B9882420EBF0021013102
:106D7000C9B204294FF001000B9201D0022BC1D1FE
:106D8000636823F480736360636A23F4FE43636281
:106D9000636A43EA05236362FFF7C2F847F242736E
:106DA000984281461CD9B8F1950F04D940F6F941B3
:106DB0000A480FF0C7FB059B03F80850069B03F831
:106DC0000860079B23F8189083E73E2D01D8013512
:106DD000A9E701333F25DBB2C4E700BF804E0512AF
:106DE00063684F2223F4002363606369BD4823F086
:106DF00004036361099B07990393089BCDE9018311
:106E0000069B0093059BFFF75EF8236823F400536D
:106E10002360236923F480332361236923F400333F
:106E20002361236923F480232361D4F89C309BB22F
:106E3000C4F89C30D4F89C300D9A03EB0243C4F89C
:106E40009C30089B03F1FF38099B4246013B0C93A1
:106E50000D9B0C9803F1804707F502273946089BE4
:106E60004E330E9312F8015F10F8013F03EB052338
:106E700003F1817303F5803343F0C04341F8043BD1
:106E80000E9B9342EED1984D32206B6FDFF868B2C3
:106E900023F400136B6740F0EBFD6B6F934A23F410
:106EA00080036B67236A022023F480432362D2F8B5
:106EB0001C314FF0000943F00103C2F81C31236973
:106EC00043F4C023236140F0D3FD2368884943F491
:106ED00000532360236923F480332361E36943F47F
:106EE0000023E361636943F480536361A36A43F45D
:106EF0000063A362236943F001032361A36A43F0A3
:106F00000203A362A36A43F00803A362636A23F047
:106F1000F8736362636A43F080736362DBF8003086
:106F20000F93DBF838301093DBF83C301193D1F835
:106F3000882014AB42F00102C1F88820DBF8002061
:106F400042F4002242F08402CBF80020DBF8382023
:106F500022F4F012CBF83820DBF8382042F460221B
:106F6000CBF83820634ACBF83C20DBF8042042F011
:106F70000102CBF80420DBF8082022F00102CBF854
:106F800008200B9328AB1E46DDF82CA00A936A6FED
:106F9000282022F07E526A676A6F42EA090242F0B4
:106FA000804242F4C0026A6740F062FD002211464E
:106FB0000AF8012B1391606A20F4E0206062606A95
:106FC000129240EA02406062282040F051FDDBF856
:106FD000380040F00200CBF83800DDE91221DBF880
:106FE00044004007FBD5DBF82400DBF84430C0F355
:106FF0000B00884243F00103CBF8443088BF0AF805
:10700000012C02F1010288BF0146082AD2D11021C9
:1070100012923170616A21F4E0216162616A1AF8AA
:10702000010C41EA00416162616A21F0F87161621C
:10703000616A307841EA005161626169282041F05B
:1070400080016161616921F08001616140F010FDA2
:107050000521129AA36A3078DB074CBF801A80188A
:10706000C0B25208139130701292606A20F0F8702A
:107070006062606A96F800C040EA0C5060620420CA
:1070800040F0F6FC1399129A013911F0FF01E1D199
:107090006A6F322022F400126A6709F5000940F095
:1070A000E7FCB9F11E5F06F101067FF470AFE368FB
:1070B0000E4E23F4800323F00303E360636F142078
:1070C00043F001036367636F43F00203636723695F
:1070D00023F4C02323F001032361236823F4005326
:1070E00023600BE0F8C5051200000940004008408D
:1070F00000B00050EF0000FC00700850236923F43A
:1071000080332361636823F480736360636823F4CE
:1071100000236360236A23F480432362A36A23F479
:107120000063A362D6F81C3143F00103C6F81C319A
:10713000636923F4815323F010036361636943F0AF
:10714000A8036361E36923F40023E3616B6F23F415
:1071500000136B6740F08CFC6B6F23F0804323F4CB
:1071600080036B67D6F8EC3023F00C03C6F8EC30E4
:10717000A36A23F00803A3620F9A234B1A60109AA4
:107180009A63119ADA63214A0B9B0A9913F8010B4F
:107190000C9D0B9311F8013B18F8014F0A9115F85B
:1071A000011F01EB042112F8014B01EB00416008C3
:1071B00001EB035100F00203C4F340049B0400F010
:1071C0001C0043EAC43341F0C04143EAC0530B43BF
:1071D00047F8043B0E9B0C954345D5D1059821F00B
:1071E0009FFC069821F09CFC079821F099FC0898D8
:1071F00021F096FC099821F093FC0D9B03F59E70FD
:107200003DB0BDE8F08F00BF00700850158700202A
:107210002DE9F04190B084466C46364B03F12005D1
:10722000224618685968083303C2AB421446F7D1A6
:10723000314B08AC03F12005224618685968083321
:1072400003C2AB421446F7D14FF400722B4BC3F884
:1072500098201A689200FCD5002400255A6826461A
:1072600042F000525A602F4600232549DFF894E08F
:1072700010A800EB4300634451F8042BDBB230F953
:10728000408C102B30F9200CC2F3090208BF0023F8
:107290007145C2FB8867C2FB8045E9D1002F3046AB
:1072A0003B4604DA40F2FF13F01847F10003400AAE
:1072B000002D40EAC3504FEA63212A46234604DAF0
:1072C00040F2FF12A31845F1000200FB01F4A0FBFD
:1072D00000015B0A43EAC25352125A4301EB4401D4
:1072E000A3FB0334C01804EB420241EB020110B0CF
:1072F000BDE8F08136C7051256C7051200100040E0
:10730000008040200088402000207047F0B587B002
:1073100007460E46154603F05BF80446A0B9142252
:107320004FF4807001A903F0ADF820469DF81330AA
:10733000C3F340129B093A7033709DF8143003F088
:1073400003032B7007B0F0BD0120FBE7F0B587B059
:1073500007460D46164603F03BF80446C0B901A99E
:1073600014224FF4807003F08DF820469DF814101D
:10737000C1F380033B70C1F3C30333609DF8153044
:107380005B0003F00E0343EAD1132B6007B0F0BD9E
:107390000120FBE7002070472DE9F04FADF5017D9E
:1073A0004FF49E720190039131A8002140F048FBF8
:1073B0000022714905AB086849680DF1110403C347
:1073C0006E490DF11205086849680DF1130603C3F3
:1073D0008DF8102020468DF8112031462A46FFF7FF
:1073E00095FF9DF81130664C8BB1636E9DF81220AD
:1073F00023F4404343EA823363669DF81330012B44
:1074000040F0A9805F4B07931F238DF820304FF089
:1074100080464FF0FF3273695B4D114603F03F0326
:107420000220029340F004FBD5F8EC30574A43F0B9
:107430001C03C5F8EC30564B2820596F28AF0A4082
:1074400042F0534242F400425A67D3F8B020514907
:1074500042F48072C3F8B020D3F8B02022F0FC02CE
:10746000C3F8B020D5F82C2142F48012C5F82C21A5
:107470002A6822F010022A60E26922F4F04242F403
:107480000052E261226A22F4675222F03F02226235
:10749000226A42F4855242F00C022262226C22F4EB
:1074A00078722264226C42F4CF7242F001022264AC
:1074B000E26C22F03E0242F01802E264D4F8A4200A
:1074C00042F00402C4F8A420226D22F470722265F6
:1074D000E26842F08802E260D5F82C2142F4801282
:1074E000C5F82C212A6842F088022A602A4AC2F88C
:1074F0009C102A49C2F8A0104FF42861C2F89410D9
:10750000D2F8941041F4804141F00301C2F8941084
:107510005A6F42F4C0025A6740F0AAFA336943F046
:1075200001033361736923F03F0343F00203736186
:1075300000261FAB0093039B3341DA0740F197818C
:10754000B3B29A1E042A12D8DFE812F045032A00CB
:107550002B0335033B03032B7FF459AF04238DF832
:107560001D3040F60C03ADF81E3018234DE76022A5
:107570004FF6FF731AE000BFC14E0512CA4E051246
:10758000002808400607100C00400840FF3F7F001D
:107590000000094000000C40001000400080402026
:1075A0007022236C23F060032364102305A9705C10
:1075B0000DF11C0CD4F8AC1016F80CC021F4784175
:1075C00041EACC21C4F8AC10C5F83421D4F8A82085
:1075D0004FF4FC6822F0704242EA0072C4F8A8201E
:1075E0004FF6FF724FF0FF396FF0004A93421FBF12
:1075F000E26C22F03E0242EA4303E364AB6CC54A0C
:107600006FF3090343F04003AB64D36A43F4606350
:10761000D362D4F8A83003F07043C4F8A830D4F88B
:10762000A83043F08063C4F8A830D4F8AC3003F03D
:10763000F823C4F8AC30B84BD4F8AC20C8F30A0B2C
:107640001A4042EA0B42C4F8AC200120FFF7E0FDEB
:10765000484571EB0A02B8BF009A08F101081FFA09
:1076600088F8BEBF81468A46C2F800B0B8F5026FFE
:10767000A94BE1D14FF4FC684FF0FF396FF0004A9D
:10768000009AD4F8AC3012686FF31A4343EA02430D
:10769000C4F8AC30A14BD4F8AC20C8F30A0B1A40A4
:1076A00042EA0B02C4F8AC200120FFF7B1FD08F15B
:1076B0000108484571EB0A021FFA88F8BEBF8146EF
:1076C0008A46C7F800B0B8F5026F944BE3D14FF487
:1076D000FC684FF0FF396FF0004AD4F8AC303A68DC
:1076E0006FF30A031343C4F8AC308B4BD4F8AC20CF
:1076F000C8F30A0B1A4042EA0B42C4F8AC2001203E
:10770000FFF786FD484571EB0A02B8BF009A08F101
:1077100001081FFA88F8BEBF81468A46C2F800B049
:10772000B8F5026F7C4BE1D14FF4FC684FF0FF39A4
:107730006FF0004A009AD4F8AC3012686FF31A4325
:1077400043EA0243C4F8AC30744BD4F8AC20C8F31D
:107750000A0B1A4042EA0B02C4F8AC200120FFF7E2
:1077600057FD08F10108484571EB0A021FFA88F835
:10777000BEBF81468A46C7F800B0B8F5026F674BB6
:10778000E3D14FF440584FF0FF396FF0004AD4F87E
:10779000AC303A686FF30A0313435E4AC4F8AC3066
:1077A000D36A23F4606343F40063D362AB6C6FF37A
:1077B000090343F08003AB64D4F8A8306FF39B3324
:1077C00043F08063C4F8A830554BD4F8A810C8F330
:1077D0000D0B194041EA0B010220C4F8A810FFF775
:1077E00017FD484571EB0A0C0DAA08F11008BEBF41
:1077F00081468A4642F826B0B8F5A04F484BE4D1FE
:107800004FF47C684FF0FF396FF0004AD4F8A8308D
:107810000DAA52F826206FF30D031343C4F8A830C5
:10782000404B0DF1580BD4F8A82002201A4042EA30
:107830008832C4F8A820FFF7EBFC484571EB0A0238
:10784000B8BF4BF8268008F10108BCBF81468A46C4
:10785000B8F5825F334BE6D1D4F8A83016AA52F8B7
:1078600026206FF39B3343EA8233C4F8A830009B91
:1078700001360433072E07F1040700937FF45BAE53
:1078800030226368284923F4FD4323F07F036360BB
:107890006368264843F4A84343F075036360236894
:1078A00004AD23F4706343F420632360D4F8AC3058
:1078B00023F47843C4F8AC30D4F8AC3043F46053CC
:1078C000C4F8AC301A4BC3F83421D4F8A8304C2299
:1078D00023F0704343F0E043C4F8A830E36C23F096
:1078E0003E03E364236C23F060032364E36B23F41F
:1078F000F023E36323F07AFCFFF74CFD20B1284628
:107900007FAA31A9FFF722FD2D78002D00F07E819E
:1079100010E000BF00A00C50FFFF00F800F8FFFFD0
:1079200000C0FFFFFF3F00F008C10512684108409A
:1079300000400840272731AE35462621319B589A12
:10794000A2EB030C07FB03C3B3FBF7F007FB103EEE
:107950000139BEF1130F88BF013089B268606344FA
:1079600004350029F0D1272026257F9F59A9A7EBB0
:10797000020C00FB02C2B2FBF0F300FB132EBEF1BF
:10798000130F88BF01330B606B1E9DB2624404313C
:10799000002DF0D1636A0A2023F0704343EA077395
:1079A000636240F065F80E272B466FF04D0C8B4953
:1079B0000878002B00F0C18107FB03F292FBFCF278
:1079C0000244CA5401334F2BF3D105B108705E272E
:1079D000D4F89C3082481B0C03F180417F4D814AD2
:1079E00001F50221184415F8018B56F8049BB8F1F3
:1079F0005E0F84BF4FF05E0805F8017C0B684FEA0C
:107A0000580C1340C8F3400843EA09730CF0020E07
:107A100043EAC8330CF01C0C43EA8E4343EACC53D0
:107A200041F8043B8842DED163686F4A23F0FF03CC
:107A3000636063686D4D43F031036360D2F8943046
:107A40006B4E23F00103C2F89430D5F82C3114208A
:107A500023F48013C5F82C31736F0DF1580823F00F
:107A6000C0237367736F1FAF23F4001373673FF076
:107A7000FFFF736F142023F4800373673FF0F8FF58
:107A80004FF04432D5F8EC305A4943F40063C5F85E
:107A9000EC30D5F8EC3007A823F00C03C5F8EC3037
:107AA000D6F8B0300DF1340E23F48073C6F8B03040
:107AB000514B0DF1A00CC5F8043103F16843C5F832
:107AC0000C314E4BC5F81021C5F81431C5F82421EE
:107AD000C5F828310022AB6C6FF3090343F0400373
:107AE000AB64236D43F420732365D4F8A43023F0F2
:107AF0000403C4F8A430E36823F08803E360D5F8F6
:107B00002C3123F48013C5F82C312B6823F00803A3
:107B10002B60019B05ADC4F8A030019B19445FFAAE
:107B200082F9042A84BF09F1FF395FFA89F915F84F
:107B300001AB5EF8293058F8296043EA0A7343EA3A
:107B4000863341F8043C10F8013B5CF82960DB0205
:107B500043EA0A73334357F82960013243EA064384
:107B6000082A41F8083BDAD164203FF081FFD4F8BD
:107B700094202349234B94B213FA82F311FA82F230
:107B8000214943F8041B9A42FBD14FF0FF3202987F
:107B900011463FF04DFF04F128000DF5017DBDE8D1
:107BA000F08FE36B502223F4F023E363236C23F084
:107BB00060032364F9E4E36C302223F03E03E364C2
:107BC000D6E4226C22F478722264226C42F08002A5
:107BD00022641822EAE460220423E7E415870020E7
:107BE0003C210840FF7FF7010010004000400840A2
:107BF000000009400420084055555580445050501D
:107C0000A8200840802008400150015031AE3022A9
:107C10004C4BC3F8342103F540435A6F22F07E5297
:107C20005A675A6F002D7BD15A67D4F89C301B0CD1
:107C3000002D7CD103F1804303F502231B684FF034
:107C40001E084FF4806B63626369282043F0800351
:107C50006361636909AF23F0800363613FF008FF4C
:107C6000D4F8A830102203F07043C4F8A830D4F838
:107C7000A830002143F08063C4F8A830D4F8AC30B9
:107C8000384603F0F823C4F8AC303FF0D9FE2E4854
:107C90004FF0000E0F21F246636A23F0704343EA6F
:107CA00001736362C0F898B003689B00FCD50022A2
:107CB00094464368DFF8A09043F00053436059F8BE
:107CC000043BC3F309039B181A46204B4CF1000CEC
:107CD0009945F4D196457AEB0C03B8BF316001F1B8
:107CE000FF31BCBF9646E2460229D5D13268B8F1D1
:107CF0000108BB5C03F10103BB54C9D10F233360FE
:107D00003268F95CBA5C914288BF3360013B022B58
:107D1000F6D10135032D06F19C067FF478AF09E614
:107D2000012D0CBF42F09C5242F01C527CE7012D09
:107D30000CBF074A074A9B5881E701235E201D4676
:107D40003AE600BF0040084000100040009040208C
:107D50009C200840382108400080402073B5214B0A
:107D60006C46B3F84420186C93F84630ADF8042004
:107D70008DF8063000900EF0AEFB05460EF0A9FB24
:107D800006460EF0AAFB86421BDB0EF0A2FB062382
:107D9000E256AA4218DD013BFAD20023002214F970
:107DA000011B814212DA0132072AF8D10022002099
:107DB0000124014693420BDD0B4B88B9187002B0C9
:107DC00070BD0EF08AFBE2E75BB2E7E7D2B2EEE706
:107DD00004FA03F0014301330120C9B25BB2E9E7C1
:107DE0001970ECE736C705121487002010B5D24A87
:107DF000D24C536B23F006035363536B23F0010300
:107E00005363936B23F478439363936B23F48063FE
:107E10009363536B43F002035363536B43F00103CB
:107E20005363936B43F400639363936B9363936C1B
:107E30006FF39D339364936C43F0085343F408133A
:107E40009364D36C23F4C043D364D36C43F4C04332
:107E5000D364536D6FF30F035365536D43F42A439B
:107E600043F0AA035365D36D23F09863D365D36DB4
:107E700043F09863D365B24B196841F01001196063
:107E8000596841F080615960D3F8FC00AD49084061
:107E9000C3F8FC00106E40F480601066D06820F4D7
:107EA0000040D0604FF04430D3F8EC2022F02002A4
:107EB000C3F8EC20D3F8EC2042F02002C3F8EC2009
:107EC000A14AC3F8042102F16842C3F80C219F4A79
:107ED000C3F81001C3F81421C3F82401C3F8282102
:107EE0009A6C9B480A409A649A6CA1F5FE316FF334
:107EF00093229A649A6C42F4003242F0A6029A6489
:107F0000D3F838210A40C3F83821D3F83C210A407D
:107F1000C3F83C21D3F8382142F4D53242F0E102D3
:107F2000C3F83821D3F83C2142F4C032C3F83C21D5
:107F30005A6D02F000425A65596D864A0A435A65E5
:107F40001A6F02F000421A67196F834A0A431A67D0
:107F5000D3F8902042F00102C3F8902043F224525B
:107F60005A641A6D6FF30D021A651A6D42F4A0621D
:107F70001A65D3F8F42002F07842C3F8F420D3F85D
:107F8000F42042F4F732C3F8F420D3F8F42042F09E
:107F9000FD02C3F8F420D3F8F42042F02172C3F8B4
:107FA000F420D3F8F82002F07842C3F8F820D3F890
:107FB000F8106A4A0A430021C3F8F8209A686FF360
:107FC0009B329A609A6842F040629A601A6A19621B
:107FD0001A6A42F480421A62DA6AD962DA6AA1F550
:107FE000801142F48042DA621A6C22F080021A6434
:107FF0001A6C42F080021A64D3F8D82022F0806212
:10800000C3F8D820D3F8D82042F08062C3F8D82033
:10801000D3F8E0200A40C3F8E020D3F8E02042F48F
:10802000803242F48072C3F8E020D3F8E4200A40A2
:10803000C3F8E420D3F8E420494942F4803242F402
:10804000A072C3F8E420D3F890206FF34A02C3F87B
:108050009020D3F8902042F05002C3F89020D3F83B
:10806000E82022F0F002C3F8E820D3F8E82042F03C
:108070008002C3F8E820D3F8E82022F00F02C3F80A
:10808000E820D3F8E82042F00402C3F8E820D3F84F
:10809000E82022F47042C3F8E820D3F8E82042F444
:1080A0000042C3F8E820D3F8E82022F47062C3F855
:1080B000E820D3F8E82042F48062C3F8E8201A6888
:1080C00042F080621A60D3F8B4210A40C3F8B421A8
:1080D000D3F8B42142F00802C3F8B421D3F8B42194
:1080E0002240C3F8B421D3F8B42142F48062C3F82B
:1080F000B421D3F8B4210240C3F8B421D3F8B42199
:1081000042F0F86242F48022C3F8B421D3F8B821D7
:108110000A40C3F8B821D3F8B82142F4EF7242F014
:108120000102C3F8B821D3F8B8212240C3F8B8211E
:10813000D3F8B82116E000BF00280840FF01FCFF7B
:108140000040084000FCFFFF5555558044505050FA
:10815000FFFF03F86889000B20410005FFFEB9020C
:1081600000FEFFFF42F46E3242F40072C3F8B82101
:10817000D3F8B8210240C3F8B821D3F8B82142F0AF
:10818000FF62C3F8B821D3F8BC210A40C3F8BC2170
:10819000D3F8BC2142F04302C3F8BC21D3F8BC2180
:1081A0002240C3F8BC21D3F8BC2142F49B32C3F86F
:1081B000BC21D3F8BC2102404FF48000C3F8BC219D
:1081C000D3F8BC2142F06572C3F8BC21D3F8C021BA
:1081D0000A40C3F8C021D3F8C021A1F5FC4142F008
:1081E000FF02C3F8C021D8615A6A0A405A625A6A2B
:1081F00042F040025A6298621A6B0A401A631A6B84
:1082000042F040021A6310BD37B5FFF77DF808B998
:10821000FFF7A4FD1C4C3FF0A7FBE36B23F40063C6
:10822000E363FDF79DFEFDF717FFFEF719FC4FF026
:1082300080431A6922F001021A611A6942F00102B0
:108240001A61124B1978FFF7A7F8FFF7CFFD104B13
:108250002367FFF759F805460EF03FF904040EF0C6
:108260003AF944EA056405460EF033F9042240EA7F
:10827000040343EA05230DEB02010620019303F0FA
:108280006DFC03B030BD00BF0028084014870020FB
:108290000000022670B5044602200D463FF048FB60
:1082A000654AD2F8EC3023F40063C2F8EC30002CBD
:1082B00040F0998002F54042D2F8B030002D43F4EE
:1082C0008073C2F8B03009DD042D61DD0A2D61DD57
:1082D0000D2D61DD102DCCBF05240424574B5649CC
:1082E0001A570A2A5ADCD1F8EC30EDB223F00C030D
:1082F000C1F8EC30524B0A2D5A6B22F006025A6339
:108300005A6B22F001025A639A6B22F478429A6304
:108310009A6B22F480629A635A6B42F004025A63A9
:108320005A6B5A639A6B42F478429A639A6B42F49E
:1083300080629A6379D8434B595DFF2975D0424BCF
:10834000D3F8B02022F0FC02C3F8B020D3F8B0205C
:1083500042EA8102C3F8B0200024EFF31086012323
:1083600083F31088394D2B7823B940F24D113848EA
:108370000EF0E8F82B78013BDBB22B7023B9354ABD
:10838000D36A23F00103D36286F31088204670BDC0
:108390000124A3E70224A1E703249FE72A4B0C2A28
:1083A000D3F8B00040F48050C3F8B000D1F8EC002E
:1083B00040F00C00C1F8EC0039DD102A0FD0132A70
:1083C0000FD00D2A35D10421D3F8B02022F46062F9
:1083D000C3F8B020D3F8B02042EA4122BAE7062120
:1083E000F2E70721F0E7012CB6D1174B002DD3F8A7
:1083F000B02042F48052C3F8B02012DD032D05DD19
:10840000062D10DD0B2DB4BF03240424D3F8B020B7
:1084100022F46062C3F8B020D3F8B02042EA4422CC
:1084200098E70024F2E70224F0E70C2495E7032400
:1084300093E7022491E700BF0040084088C7051277
:10844000002808407DC7051200000940F88200207E
:10845000D34E051200000C507047704770B5254B85
:10846000FF225D680A238AB001260024CDE901239A
:108470004FF40043324669462046ADF802308DF88D
:1084800000608DF8014003F069FB04220DEB02014E
:10849000104603F063FB042202A9032003F05EFBF5
:1084A000022205200DEB020103F058FBEDB232462B
:1084B00007200DEB060103F051FB062D18D91422FD
:1084C0000D4B21460DEB020003933FF0B9FA4FF438
:1084D000886304939DF80030042203A90E208DF8D0
:1084E0001D3003F03BFB18220B2004A903F036FBE0
:1084F0000AB070BD00B0005000FE0720FFF7AEBF0D
:1085000038B502203FF014FA00203FF0A9FAFFF737
:10851000F5FF02203FF090FA2A4CA0420DD9052227
:10852000012102203FF084FA02203FF085FAA042A8
:1085300003D9AF2124480EF005F8244C6368DBB260
:10854000062B01D8FFF789FF4FF0015003F09AFB8B
:108550006368DBB2062B2AD8FDF748FC1C4B1B785E
:108560000BB9FFF751FEFFF777FF4FF4A042002150
:1085700018483FF065FA3FF04BFAEFF310850123FE
:1085800083F31088144C23781BB9BB210E480DF0DF
:10859000D9FF2378013BDBB2237023B90F4AD36A9A
:1085A00023F00103D36285F31088002038BD4FF417
:1085B000A06200214FF001503FF042FAFDF734FC79
:1085C000CCE700BF00366E01174F051200B0005017
:1085D000B89A002000804020F882002000000C5053
:1085E00008B500203FF03CFA002008BD70470000AD
:1085F00010B5104B1C691A6EDA695A6A003C18BF34
:108600000124900709D548F2FF11596119624FF40E
:108610000061094BC3F8801101E0D106F3D4074B88
:108620005B7E23B112F0120F01D0FFF7DFFF20466F
:1086300010BD00BF0000094000E100E0BC9A00202E
:10864000FFF7D6BFDFF848D0124880F30A88FDF75D
:1086500049FB114C114DAC4209DA21686268A368EC
:10866000043BA2BFC858D050FAE70C34F3E70C4BD8
:108670000C4CA34208DA19685A680020043AA4BFD7
:108680008850FBE70833F4E70EF0A9FAFEE7FEE7AF
:108690000020002000000020187F06123C7F0612F8
:1086A0003C7F06124C7F0612002070477047000086
:1086B000024A136801331360704700BFDC9A002040
:1086C0007047000008B5054B1B6A5B0002D507F038
:1086D000D9FE08BDFFF7F4FFFBE700BF00B0005074
:1086E000024B9A6B22F400729A6370470070085034
:1086F000064B9A684AB19A6842F003029A60044AAB
:10870000136813B1002111601847704700D0005062
:10871000E09A0020064B9A684AB19A6842F0380203
:108720009A60044A136813B100211160184770471A
:1087300000D00050E09A0020054A936843F00303FC
:108740009360044A136813B1002111601847704701
:1087500000D00050E49A0020054A936843F03803A3
:108760009360044A136813B10021116018477047E1
:1087700000D00050E49A0020014B1870704700BFF1
:10878000F39A0020014B1870704700BFF29A002046
:1087900038B505464A4C4B4801F068FFD4F8943090
:1087A000642023F48053C4F89430D4F8943023F434
:1087B000C043C4F894302B7CA97AD4F894201B03CE
:1087C00043EA4133134343F4000343F40263C4F820
:1087D0009430D4F8983043F4004343F08003C4F855
:1087E0009830D4F88C3023F48073C4F88C303FF088
:1087F0003FF9D4F88C30052043F48073C4F88C30F2
:10880000D4F8C03023F48043C4F8C030D4F8C0306A
:1088100023F00103C4F8C030D4F8C43023F00103BE
:10882000C4F8C430D4F8C03043F48003C4F8C03076
:10883000D4F8C43023F48003C4F8C4303FF018F9EE
:10884000D4F8C030012043F40013C4F8C030D4F889
:10885000C43023F40013C4F8C4303FF009F9D4F84D
:10886000C0300A2043F00103C4F8C030D4F8C4304B
:1088700043F00103C4F8C4303FF0FAF8D4F8C03034
:108880000A2043F40003C4F8C030D4F8C43023F401
:108890000003C4F8C4303FF0EBF8D4F8C0300A4A03
:1088A00023F48053C4F8C030D4F8C430002023F43B
:1088B0008053C4F8C430138843F00103138038BDDB
:1088C00000800850894F0512F09A002000221D4BAD
:1088D0001D481A801D4BD3F8841021F08051C3F835
:1088E0008410D3F8841021F00061C3F88410D3F809
:1088F000841021F40041C3F88410D3F88C1021F4C3
:108900000051C3F88C10D3F8901021F08041C3F8C7
:108910009010D3F8941021F40001C3F89410D3F808
:10892000801021F00101C3F880109A67DA675A6F4E
:1089300022F001025A675A6F22F080025A6701F052
:1089400095BE00BFF09A0020A04F0512008008508D
:1089500010B5254C0A20D4F8C03043F48053C4F835
:10896000C030D4F8C43043F48053C4F8C4303FF06E
:108970007FF8D4F8C0300A2023F40003C4F8C030D4
:10898000D4F8C43023F40003C4F8C4303FF070F8C6
:10899000D4F8C0300A2023F48003C4F8C030D4F8DF
:1089A000C43023F48003C4F8C4303FF061F8D4F835
:1089B000C0300E4823F40013C4F8C030D4F8C430DB
:1089C00023F40013C4F8C430D4F8C03023F00103FA
:1089D000C4F8C030D4F8C43023F00103C4F8C43064
:1089E000BDE8104001F042BE00800850AE4F0512B5
:1089F00010B5174C174801F039FE636F022023F0C1
:108A000080036367D4F8803023F00203C4F8803019
:108A1000D4F8803043F00103C4F88030D4F88030BB
:108A200023F02003C4F88030D4F8983043F080035A
:108A3000C4F89830D4F8983043F40043C4F8983020
:108A40003FF046F8636F23F08003636710BD00BFFB
:108A500000800850C44F051210B5244801F006FEEE
:108A600041F63113224C642063670023A367E36758
:108A70003EF0FEFFD4F88430322043F08053C4F837
:108A80008430D4F8843043F00063C4F88430D4F8E0
:108A9000843043F40043C4F88430D4F8843023F4A1
:108AA000F863C4F88430D4F8843043F40073C4F815
:108AB0008430D4F88C3043F40053C4F88C30D4F8AC
:108AC000903043F08043C4F89030D4F8943043F4AD
:108AD0000003C4F8943043F21333C4F888303EF0F6
:108AE000C7FFBDE81040FFF783BF00BFD44F05129A
:108AF0000080085038B50546774C784801F0B6FD3F
:108B0000636F022023F080036367D4F8AC3043F036
:108B10000203C4F8AC30D4F8AC3023F00103C4F83D
:108B2000AC303EF0D5FF636F23F080036367297A92
:108B3000E8796A7A4B0243EA006343EA822343EA14
:108B4000813343EAC23343F45C0343F40753C4F86C
:108B50009C30D4F88C30012023F48073C4F88C301E
:108B60003EF0B6FFD4F88C30142043F48073C4F880
:108B70008C30D4F8B03023F48003C4F8B030D4F88B
:108B8000B03023F40013C4F8B030D4F8B03023F080
:108B9000C073C4F8B030D4F8B030AA7A43EAC253F4
:108BA000C4F8B030D4F8B03043F00803C4F8B030A3
:108BB000D4F8B43043F00103C4F8B430D4F8B03082
:108BC00023F4E013C4F8B030D4F8B03043F4801389
:108BD000C4F8B030D4F8B43043F00803C4F8B4306B
:108BE000D4F8B43023F00403C4F8B430D4F8B0306F
:108BF00023F4E073C4F8B030D4F8B03043F080030D
:108C0000C4F8B030D4F8B83023F0C073C4F8B8302A
:108C1000AA7AD4F8B83043EAC253C4F8B830D4F8CA
:108C2000B83043F00803C4F8B830D4F8BC3043F08F
:108C30000103C4F8BC30D4F8B83023F4F803C4F806
:108C4000B830D4F8B83043F4F003C4F8B830D4F8EE
:108C5000BC3043F00803C4F8BC30D4F8BC3023F077
:108C60000403C4F8BC30D4F8BC3023F4E073C4F877
:108C7000BC30D4F8BC3043F08003C4F8BC303EF0C4
:108C800027FFD4F8B430164A43F00403C4F8B430D4
:108C9000D4F8B03023F00803C4F8B030D4F8B430BE
:108CA00023F00103C4F8B430D4F8BC3043F004031B
:108CB000C4F8BC30D4F8B83023F00803C4F8B83096
:108CC000D4F8BC3023F00103C4F8BC30138843F05F
:108CD0000403138038BD00BF00800850E14F051227
:108CE000F09A00200A4B0B48D3F8B42022F0080277
:108CF000C3F8B420D3F8BC2022F00802C3F8BC208B
:108D0000D3F8AC2022F00202C3F8AC2001F0AEBCD4
:108D100000800850F84F051210B50446002800F0F6
:108D2000828090F8893003F0FF020BB980F8882028
:108D3000022304F1600184F8893084F88A3084F8D1
:108D40008B3084F88C3004F1500353F8042F02B1B7
:108D500014638B42F9D1606DA8B14FF400724FF0EB
:108D6000800E4FF40061C0E904E2202200234FF09E
:108D7000100CC0E906124FF40052C0E902C3C0E96A
:108D8000082301F06DF8A06DA8B14FF400724FF008
:108D9000800E4FF40061C0E904E2202200234FF06E
:108DA000100CC0E906124FF40052C0E902C3C0E93A
:108DB000082301F055F8E06D98B14FF400724FF0C0
:108DC000800E4FF40061C0E904E220220023C0E9D4
:108DD00006124FF40052C0E90233C0E9082301F043
:108DE0003FF8206E90B14FF4007280214FF4006C78
:108DF000C0E9041220220023C0E906C24FF4005249
:108E0000C0E90233C0E9082301F02AF80123002059
:108E1000C4F8900084F8893084F88A3084F88B3064
:108E200084F88C3010BD0120FCE770B50446A8B36F
:108E3000002500F15006621992F8893043F00203D0
:108E400082F8893056F8040F08B101F091F8013525
:108E5000042DF0D100202268536823F002035360F0
:108E60002268536823F001035360C4F8900094F81B
:108E70008930DBB284F8893094F88A30DBB284F828
:108E80008A3094F88B30DBB284F88B3094F88C30D5
:108E9000DBB284F88C3084F8880070BD0120FCE7D8
:108EA00030B5A0B1056854686B6843F018036B6077
:108EB0001278A379056843EA0213227943EAC213C0
:108EC000627943EA02232B6119B101290FD00120F5
:108ED0000CE021890C4B026843EA414313631722DB
:108EE00003685A63FF2203689A65002030BD218918
:108EF000054B026843EA4143936317220368DA6330
:108F0000FF220368DA65F0E70906010030B578B1A1
:108F100055681278AB79046843EAC2032A7943EAB8
:108F200082136A7943EA0223636119B1012906D0E9
:108F3000012003E00368044A1A62002030BD036880
:108F4000024A5A62F9E700BF1D0C01003D0C010006
:108F5000CA0718D50268136B23F001031363026874
:108F6000936B23F0010393630268136943F040039A
:108F700013610268136923F040031361104A1388D8
:108F800023F0010313808B0718D50268136A23F0BE
:108F9000010313620268536A23F0010353620268FB
:108FA000536943F0200353610268536923F020039F
:108FB0005361034A138823F0040313800020704791
:108FC000F09A0020F8B50D46A8B3012933D882EAFB
:108FD000E273A3EBE273002A03F001064FEA630396
:108FE00001DAFEB95B4203F124045A2C23D8362B54
:108FF00000D106BB0623B4FBF3F103FB114406EBDF
:109000004402160304680F0275B9236B23F47F43EF
:109010003B4333432363036808481B6B01F026FB83
:109020000020F8BDDB43DEE7A36B23F47F433B4323
:109030003343A363EFE70120F3E700BF0E500512AF
:10904000E0B103681A6B71B142F002021A6303685F
:109050000B4A9A6501688B6B43F002038B630368CC
:109060000020DA65704722F002021A63FF220368CB
:109070009A6501688B6B23F00203EFE701207047CC
:10908000FF00010030B500B30368114D114C1A6B9D
:1090900089B1C2F303322A609A6BC2F303322260B1
:1090A0001A6B42F470421A630268936B43F4704384
:1090B0000020936330BD296861F30F321A630268A0
:1090C0002168936B61F30F33F2E70120F2E700BFF1
:1090D000EC9A0020E89A00202DE9F0410E46054662
:1090E000002854D000EB8300D0F854C0BCF1000F2E
:1090F0004DD000294BD0002A49D0991E022946D8CC
:1091000005EB030E9EF8894014F0080441D195F850
:10911000881001293DD0022B4FF001014FF00803C8
:109120004FF0000885F888102F688EF889301A4BA8
:109130004FEA9202C5F8908046664267CCF8383014
:10914000436D08BF07F140011A6808BF2037136854
:1091500018BF07F1440143F020031360436D0F4A29
:1091600018BF24375A63436D0D4ADA63436DC3F861
:109170004080436F426E406D01F030F83B6843F031
:1091800080033B6085F888802046BDE8F08101249B
:10919000FAE70224F8E700BFF591021217920212D3
:1091A0003B92021238B500EB81030446586D0D4620
:1091B00008B100F03DFF032D08D8DFE805F00209F3
:1091C0000F152268136B23F080031363002038BD52
:1091D0002268936B23F080039363F7E72268136A96
:1091E00023F080031362F1E72268536A23F08003BF
:1091F0005362EBE7002110B50346006B00F150020B
:1092000052F8044F9C4203D001310429F8D110BD1B
:109210000CF0E4FFFBE7002110B50346006B00F102
:10922000500252F8044F9C4203D001310429F8D176
:1092300010BD0CF0A7FFFBE77047002110B50346F7
:10924000006B00F1500252F8044F9C4203D00131F0
:109250000429F8D110BD0122431883F88920FFF7B3
:10926000EBFFF7E770B5044630B3002500F13C068C
:10927000621992F8A53043F0020382F8A53056F83F
:10928000040F08B100F074FE0135082DF0D12268FA
:10929000536823F0010353600023C4F8B030E11891
:1092A00091F8A5200133D2B2082B81F8A520F6D180
:1092B000002084F8A40070BD0120FCE710B5002850
:1092C00044D0032942D8DFE801F00218223794780D
:1092D0001378012C4FEAC303D1781DBF43EA44033E
:1092E00052780B430B4318BF43EA8203026808BF5E
:1092F00043F002031361002010BD937811785B00E6
:10930000D27843EAC103134302689361F3E7947888
:109310001378012C4FEAC303D1781DBF43EA4403FD
:1093200052780B430B4318BF43EA8203026808BF1D
:1093300043F002031362DEE7937811785B00D27882
:1093400043EAC103134302689362D4E70120D3E7E1
:1093500010B510B119B1012917D0012014E094788B
:109360001378012C4FEAC303D1781DBF43EA4403AD
:1093700052780B430B4318BF43EA8203026808BFCD
:1093800043F002031363002010BD937811785B0053
:10939000D27843EAC103134302689363F3E7026898
:1093A0000346002010611A6890611A6810621A68FA
:1093B00090621A6810631A6890631A6810641B68D8
:1093C0009864704702680346002010611A68906133
:1093D0001A6810621A6890621A6810641B689864B0
:1093E000704702680346002010631B68986370474B
:1093F00010B500B301291ED82432602A1BD80624D8
:10940000B2FBF4F3006804FB132251B9016D03F0C1
:109410000F0343EA421321F0FF02134303650020C8
:1094200010BD016D1B0203F4706321F47F410B43F7
:1094300043EA4233F2E70120F2E770B50C460546F5
:1094400000286CD02379E2781B04D20402F4601265
:1094500003F4E0231343A2780168920502F0E0725E
:10946000134362780E6D520602F0606213436FF38D
:109470001B4633430B6594F906200021FFF7B8FF24
:10948000012194F905202846FFF7B2FFE37CA27C76
:10949000DB00920102F4E07203F038031343227DF3
:1094A00002F007021343627C520202F4606213432B
:1094B000627B120502F440121343227B920502F4F0
:1094C00080021343E27AD20502F400021343A27A27
:1094D000120602F080721343627A520602F00072A2
:1094E0001343227A920602F080621343E279D20695
:1094F00002F0006213432A6843F0404151652A6834
:10950000516D11F0405FFBD000205365A369627D6F
:1095100023F0004343EAC2732A68936570BD0120BB
:10952000FCE710B500B301291ED82432602A1BD8ED
:109530000624B2FBF4F3006804FB132251B9016E58
:1095400003F00F0343EA421321F0FF0213430366C3
:10955000002010BD016E1B0203F4706321F47F41F3
:109560000B4343EA4233F2E70120F2E770B50C46C1
:109570000546D8B10668237AE279316E5B0492041D
:1095800002F4802203F4003301F4E02113430B437F
:109590003366002194F90B20FFF7C3FF0121284611
:1095A00094F90A20FFF7BDFF002070BD0120FCE701
:1095B0002DE9F8430446002800F0CD8090F8A5304E
:1095C00003F0FF020BB980F8A4200223254622688D
:1095D00084F8A53084F8A63084F8A73084F8A83041
:1095E00084F8A93084F8AA3084F8AB3084F8AC3021
:1095F0005368616861F313435360226804F15C01AE
:10960000536843F4807353602289638943EA0243B9
:109610002268936055F83C2B536823F00103536094
:109620002B4653F8042F02B114638B42F9D14FF04B
:10963000100800264FF0800904F14C0755F8040F7C
:1096400088B14FF400634FF400722021C0E9052374
:109650004FF40053C0E90286C0E90713C0F8109028
:10966000466200F0FDFBAF42E8D1206D98B14FF4A7
:1096700000724FF080084FF40069C0E90482202294
:109680000023C0E906924FF40052C0E90233C0E95A
:10969000082300F0E5FB606D98B14FF400724FF0C5
:1096A000800C4FF4006EC0E904C220220023C0E900
:1096B00006E24FF40052C0E90233C0E9082300F08B
:1096C000CFFBA06D90B14FF4007280264FF400677D
:1096D000C0E9046220220023C0E906724FF4005260
:1096E000C0E90233C0E9082300F0BAFBE06D90B195
:1096F0004FF4007280214FF40065C0E9041220226B
:109700000023C0E906524FF40052C0E90233C0E919
:10971000082300F0A5FB04F110012046FFF78DFEA1
:10972000204604F12C01FFF721FF01230020C4F89B
:10973000B00084F8A53084F8A63084F8A73084F807
:10974000A83084F8A93084F8AA3084F8AB3084F8C3
:10975000AC30BDE8F8830120FBE70000F8B51E46F9
:109760000546002861D000EB8300036C002B5CD021
:1097700000295AD0002A58D0032E56D895F8A43084
:10978000012B02D102242046F8BD0123AF1985F830
:10979000A43097F8A54014F0040442D12B68016668
:1097A00097F8A510920841F0040187F8A510C5F8B4
:1097B000B040596841F040015960C0F88020B5F8C8
:1097C000B410026C022924D19463026C11680A68F7
:1097D00022F020020A60026C154903F11007516360
:1097E000026C1449D16303F11402016ED0F8803089
:1097F00002EBC602006C00F0F1FC57F8363023F0A3
:10980000080343F0010347F83630002385F8A430FD
:10981000B9E709499163026C11680A6842F02002B5
:10982000D8E7002385F8A430ACE70124ABE700BFFC
:109830005F990212E9990212819902122DE9F84307
:109840000646002865D000EB8305286C002860D010
:1098500000295ED0002A5CD01F1F042F59D8334442
:1098600093F8A54014F0080455D196F8A4000128F7
:1098700051D001204FF0080E86F8A4003068012F67
:1098800083F8A5E0C6F8B04098BF43684FEA92025B
:109890009CBF43F0800343602966C5F88020B6F87A
:1098A000B42000F1340C022A2B6C0CEBC70C00F135
:1098B000300926D100229A632B6C1A68136823F0B2
:1098C00020034FF0000813602B6C144A61465A6362
:1098D0002B6C134ADA632B6CC3F84080D5F88030C8
:1098E0002A6E286C00F07AFC59F8373023F0080310
:1098F00043F0010349F8373086F8A4802046BDE8DC
:10990000F883084A9A632B6C1A68136843F02003A3
:10991000D7E70124F2E70224F0E700BFC59902125D
:10992000E9990212A399021238B501F11003054614
:1099300050F823000C4608B100F07AFB032C06D83F
:109940002A68536823F040035360002038BD043C6C
:10995000012CFAD82A68536823F08003F4E7002129
:1099600010B50346006B00F13C0252F8044F9C42D4
:1099700003D001310429F8D110BD0BF0C9F9FBE780
:10998000002110B50346006B00F13C0252F8044F71
:109990009C4203D001310429F8D110BD0BF0EAF943
:1099A000FBE7042110B50346006B00F14C0252F8AE
:1099B000044F9C4203D001310829F8D110BD0BF0AF
:1099C00045FAFBE7042110B50346006B00F14C0299
:1099D00052F8044F9C4203D001310829F8D110BD40
:1099E0000BF0EEF9FBE77047002110B50346006B62
:1099F00000F13C0252F8044F9C4203D00131082987
:109A0000F8D110BD0122431883F8A520FFF7EBFF22
:109A1000F7E70000C31E042B10B5044603D96E21DE
:109A200009480CF08FFD09492302CA6803F4E0637A
:109A300022F4E0621204120C134343F0BF6343F4B8
:109A40000033CB6010BD00BF3650051200ED00E0C2
:109A50000F2A70B505460C46164603D985211A48CB
:109A60000CF070FD0F2C03D9862117480CF06AFD0D
:109A7000164BD968C1F30221C1F10703CA1C032B9D
:109A800028BF0323062A4FF0FF3294BF0021043978
:109A900002FA03F324EA03038A4026EA02068B4013
:109AA000002D43EA0603ACBF05F16045084A4FEAC2
:109AB0004313DBB2ABBF05F5614505F00F0585F833
:109AC0000033535570BD00BF3650051200ED00E065
:109AD00014ED00E0002808DB01234109054A00F0ED
:109AE0001F00834042F821307047982102480CF053
:109AF00029BD00BF00E100E03650051200280DDB53
:109B000001220849430900F01F008240203341F838
:109B10002320BFF34F8FBFF36F8F7047A7210248F9
:109B20000CF010BD00E100E0365005120138B0F134
:109B3000807F0BD24FF0E023E021054A586182F884
:109B400023100020072298611A6170470120704796
:109B500000ED00E0002809DB01224309064900F07E
:109B60001F008240403341F82320704740F2051126
:109B700002480CF0E7BC00BF00E100E036500512DF
:109B8000042808B506D14FF0E022136943F004031E
:109B9000136108BD20B14FF4AB7104480CF0D2FC46
:109BA0004FF0E022136923F00403F1E73650051269
:109BB00038B50223044680F82D30426A03681A61E2
:109BC0000168D0E90230034320690A6803436069F1
:109BD0006FF30E120343A0690343E0690343206A55
:109BE000034313430B60A368B3F5804F18D0E16CB7
:109BF000A26CCD06C1F3870355D43F2003F00703C1
:109C0000D2F8A810DB00984021EA0001C2F8A810A1
:109C1000A16C6268D1F8A8009A400243C1F8A8205C
:109C2000A369B3F5806F52D0B3F5006F51D01BB16B
:109C3000A3212B480CF086FC00256369B3F5807FD7
:109C400049D0B3F5007F48D01BB1BA2124480CF0AD
:109C500079FC00232269A2F180014A424A41E1686D
:109C6000A1F1400041424141A06810281DBF84F885
:109C700065201A462B4684F8642018BF154684F8E0
:109C800067304FF001024FF0000308BF84F8651001
:109C9000636418BF84F8641084F8665084F82D203B
:109CA00084F82C3038BD3F2003F00303D2F8AC1009
:109CB000DB00984021EA0001C2F8AC10A16C626898
:109CC000D1F8AC009A400243C1F8AC20A8E70125C6
:109CD000B3E70225B1E70123BCE70223BAE700BFDF
:109CE0006D5005122DE9F84F354B026804461344B8
:109CF000A02B884627D9334B1344A02B29D940F2F7
:109D00002B1131480CF01EFC4FF0FF3BEFF3108A93
:109D1000012383F31088E36C1F2B4FEA930504D9CA
:109D200040F2311128480CF00DFC06EBC5073B79D9
:109D3000002B3FD056F83530A34210D18AF310885B
:109D40000220BDE8F88F4FF0320BDFF888901F4EED
:109D5000DCE74FF0020BDFF880901D4ED6E70023C2
:109D60003279374602BB01223271142202FB039280
:109D70009B449B004FFA8BF52260E3648AF31088C2
:109D8000B8F1000F05D03B68A34202D02046FFF790
:109D90000FFF0022284611463C60FFF759FE284677
:109DA000FFF798FE0020CCE70133082B06F10806E8
:109DB000D6D1C3E701235D443B716DB2DEE700BF3E
:109DC000F8EFF7AFF8EFFFBF6D500512349B00209E
:109DD000F49A002008100850081000402DE9F843BC
:109DE0001A4A836C054693424FF0000627D0184A62
:109DF000934227D04FF4C77116480CF0A3FBEB6CCD
:109E00001F2B4FEA930404D94FF4C97111480CF089
:109E100099FBEFF31088012383F3108857F834304F
:109E200007EBC4099D4206D1A01940B2FFF766FEB8
:109E3000002389F8043088F31088BDE8F8833226BF
:109E4000054FDCE70226054FD9E700BF0010085098
:109E5000001000406D500512349B0020F49A002041
:109E600038B50446002874D0836833F0100207D058
:109E7000B3F5804F04D040F24F2138480CF062FB1C
:109E8000E36833F0400304D04FF4147133480CF00E
:109E900059FB236933F0800304D040F251212F484D
:109EA0000CF050FB636933F4807207D0B3F5007F88
:109EB00004D040F2522129480CF044FBA36933F44A
:109EC000806207D0B3F5006F04D040F253212348DD
:109ED0000CF038FBE36933F0200304D04FF4157124
:109EE0001E480CF02FFB236A33F4405304D040F299
:109EF00055211A480CF026FB63683F2B04D940F229
:109F0000572116480CF01EFB2268154B13448C2B6E
:109F100014D81422B3FBF2F39B00E364114BA36447
:109F200000212046FFF7DEFE0546A0B92046FFF7D8
:109F30003FFE2046FFF752FF284638BD0A4B134428
:109F40008C2BEDD81422B3FBF2F39B00E364074B98
:109F5000E5E70125F0E70225EEE700BF6D500512A9
:109F6000F8EFF7AF00100850F8EFFFBF0010004007
:109F700010B50446002851D00268136823F001038D
:109F800013600268264B13448C2B2FD81421B3FB8B
:109F9000F1F39B00C364234BA36400231360D4E953
:109FA000121303F01C02012393404B60E36CA16C7D
:109FB0000F2B4FEA930224D83F205B00D1F8A82052
:109FC00003F0380300FA03F322EA0303C1F8A830D0
:109FD0002046FFF703FF0020C4E90D00C4E90F008D
:109FE000606484F82C0084F82D0010BD0E4B1344DF
:109FF0008C2BD2D81421B3FBF1F39B00C3640B4B21
:10A00000CAE702F003033F22D1F8AC00DB0002FAFA
:10A0100003F320EA0303C1F8AC30D9E70120E4E7F9
:10A02000F8EFF7AF00100850F8EFFFBF0010004046
:10A0300038B50446C8B101250268136823F00E0341
:10A0400013600268136823F001031360D0E9122340
:10A0500003F01C0305FA03F35360FFF7BFFE002073
:10A0600084F82D5084F82C0038BD0120FCE738B569
:10A0700090F82D300446022B03D0042343640120C2
:10A0800038BD01250268136823F00E0313600268CF
:10A09000136823F001031360D0E9122303F01C03BB
:10A0A00005FA03F35360FFF799FE002384F82C3080
:10A0B000236C84F82D500BB1204698470020DFE731
:10A0C00030B5154B846C9C421BD18368102B02D099
:10A0D000B3F5804F08D10B68104C03F16045A542E1
:10A0E00098BF03F120630B60836833F4804308D189
:10A0F00013680A4803F16044844298BF03F1206367
:10A1000013600B6803F17042B2F1805F3CBF03F152
:10A11000A0430B6030BD00BF00100040FEFF0700F1
:10A120002DE9F3414FF6FF75036D02689D4228BF8C
:10A130001D465B1B03658565136890F8667023F008
:10A14000010390F867801360D0E917230E46CDE92C
:10A150000023D0E9122303F01C01012304468B40A5
:10A160005360036869465D6001AAFFF7A9FFDDE956
:10A170000003A168226810290BBF936090602368D8
:10A1800022680CBFD860D36094F8643023B1E36DCB
:10A1900005FA07F73B44E36594F8653023B1236E75
:10A1A00005FA08F52B44236636B1A26B23685AB131
:10A1B0001A6842F00E021A602268136843F0010325
:10A1C000136002B0BDE8F0811A6822F004021A6040
:10A1D0002268136843F00A031360EDE72DE9F843A2
:10A1E0001E4690F82C300446012B8846174610D0A6
:10A1F000012380F82C3090F82D30012B5FFA83F981
:10A2000004D14946FFF76EFD054630B1002384F8BE
:10A210002C3002252846BDE8F8830223494684F8FD
:10A220002D30C4E914666064C4E917872046FFF73F
:10A2300077FFEFE770B504460421866CE26C356861
:10A2400002F01C02036891402942186812D04107AD
:10A2500010D51A6892065EBF1A6822F004021A60CE
:10A26000D4E9121303F01C02042393404B60A36B48
:10A2700023BB70BD0221914029422AD010F0020F69
:10A2800027D0716023681A68900609D41A6822F0F2
:10A290000A021A60236DABB101212046FFF740FF8F
:10A2A000002384F82C30636B002BE2D02268126804
:10A2B000910603D494F82D20012ADAD12046BDE876
:10A2C000704018472046FFF789FD012384F82D30A0
:10A2D000E6E7082101FA02F22A42CAD00207C8D5ED
:10A2E00001251A68204622F00E021A60D4E91223D2
:10A2F00003F01C0305FA03F353606564FFF76EFD7A
:10A30000002384F82D5084F82C30E36BB0E7000074
:10A31000014B1868FFF78EBF349B0020014B9868F3
:10A32000FFF788BF349B0020014B1869FFF782BFFD
:10A33000349B0020014B9869FFF77CBF349B0020C1
:10A34000014B186AFFF776BF349B0020014B986AD7
:10A35000FFF770BF349B0020014B186BFFF76ABFFB
:10A36000349B0020014B986BFFF764BF349B0020A7
:10A37000014B1868FFF75EBFF49A0020014B986804
:10A38000FFF758BFF49A0020014B1869FFF752BF3E
:10A39000F49A0020014B9869FFF74CBFF49A002013
:10A3A000014B186AFFF746BFF49A0020014B986AE8
:10A3B000FFF740BFF49A0020014B186BFFF73ABF3C
:10A3C000F49A0020014B986BFFF734BFF49A0020F9
:10A3D0000121F8B508463DF0CBFA254B04469842DA
:10A3E00040D821A3D3E900231420A4FB00012AF0C4
:10A3F00063FB0A250021461C1E480023E4FB0501DF
:10A400001D4A2AF059FB074605461C4800232246F0
:10A41000A7FB00012AF050FB42F6F82398424FEACE
:10A42000C61619D97D1E4FF4FA700FA3D3E9002385
:10A43000A4FB00012AF040FBAD0225F07F4525F486
:10A440006005013025F47F750D4B304325F0030581
:10A45000284358600020F8BD42F22733984298BF45
:10A460007D1CE0E70120F6E700CA9A3B00000000EF
:10A47000000E270720A1070040420F0000CA9A3BA8
:10A4800000C00050202A2DE9F84306460C46154628
:10A4900030DCC0F3C40808EB0203202B2ADC97074A
:10A4A00028D110F01F0925D1254A1420D2F8947024
:10A4B000360AFB1C0E2B38BF0E230F2B28BF0F2391
:10A4C000C2F894303DF0D4FA1E4AB300136013680A
:10A4D0001D4943F0010313604B4669439068C00770
:10A4E0000CD590688B4240F0010090600AD3144B69
:10A4F000C3F8947000252846BDE8F8838B42F0D25B
:10A500000133EBE7114A08F01C0000EB461025F080
:10A510000301024421448C4203D1094BC3F89470D7
:10A52000E9E752F8043B0434180A04F8043C04F840
:10A53000030C180C1B0E04F8020C04F8013CEAE7AB
:10A5400000A00C5000C0005000DC050030C00050DE
:10A550000268916891600168CA6822F00102CA60CD
:10A56000C36903B11847704710B402680346146802
:10A57000916814F0040F0FD011F0040F0CD0916803
:10A5800021F004019160042102685160036A002BEC
:10A5900033D05DF8044B1847A00712D5880710D5B3
:10A5A000916821F01A019160012202215A761A68FD
:10A5B000516000221A76DA69FAB118465DF8044B48
:10A5C000104720070FD508070DD5916821F01E010F
:10A5D000916008211A6851600122DA625A760022DD
:10A5E0001A765A6AE8E7E00607D5C90605D51021AC
:10A5F00051604FF48062DA62F3E75DF8044B704714
:10A600000368054A934206D15B6F1B0E052B02D0EF
:10A610000D203DF0B5B970470060005038B50368B3
:10A6200004465D6A5D6215F0010313D00368DA68C1
:10A63000D20642BFDA6822F01002DA600022036814
:10A640001A62FFF7DDFF0123237263680BB1204616
:10A650009847012315F01C0007D013B92046FFF7D7
:10A66000CFFF042301202372E56038BD0FB404B08E
:10A6700070470000B1288BBFB238523880B280B228
:10A680008CBF1C4B1C4B3F2810B529D903F5807398
:10A69000403880B20122824018481C1D02601848D0
:10A6A000B129046018698CBFB239523942EA0002FC
:10A6B0008CBF89B289B21A618CBF0E4B0E4B3F29F9
:10A6C00013D903F58073403989B201228A400D49BC
:10A6D000181D0A600C49086019690A431A6110BD07
:10A6E0001F28D7D980332038D3E71F29EDD98033ED
:10A6F0002039E9E70000084000000A507C9B002058
:10A70000809B0020749B0020789B0020F0B51C4BA0
:10A710001B68002B32D01B491B4C09682468CE43B0
:10A720004FF0070CE7431A680A431A60174A126889
:10A730001568254315601D6825EA01051D6015682B
:10A740003D40156040FA0CF515F0010F1D6814BF6F
:10A750000D4335401D601568BCF1010C45EA040548
:10A760001560ECD2106807401760186806401E603C
:10A770001068044314601A6811431960F0BD00BFEB
:10A78000789B0020749B00207C9B0020809B0020F5
:10A7900070B504460D460646331B9D4200DC70BD75
:10A7A00016F8010BFFF7B2FFF6E7421E0020531C1C
:10A7B00002D012F8013F03B97047A3F13001C9B2CA
:10A7C000092903D84BB203EB0010F0E7A3F16101B4
:10A7D000052902D8573B5BB2F5E7A3F141010529F2
:10A7E000EAD8373BF7E72DE9F341002504460F4649
:10A7F0001646A84623780BB1AE4203DC284602B0C9
:10A80000BDE8F0818DF8043063788DF8053033B9F8
:10A81000013401A8FFF7C9FF78550135EAE78DF843
:10A8200006800234F5E70000014B43F82010704722
:10A8300030B00C50014B53F82000704730B00C5032
:10A8400070472DE9F04204460E4615461F46DDF8D6
:10A8500018902368DB6836EA03030CBF012300234A
:10A86000AB4201D0002019E0B9F1FF3F18D03DF014
:10A8700043F9079BC01A484502D8B9F1000F0FD120
:10A880002368DB6836EA03030CBF01230023AB42D5
:10A8900006D1E36B43F020030120E363BDE8F082BF
:10A8A000002FD6D02368DA68120503D5E36B43F096
:10A8B0000103F1E7DB685B05CBD5E36B43F00403F1
:10A8C000EAE72DE9F0435F1E85B0012F0446DDE97C
:10A8D0000C56C8B248D803274000012B8DF8080059
:10A8E0008DF80970D0B234D1012302278DF80A0007
:10A8F0008DF80B300022904623680DF108099A600C
:10A9000021680B6823F070030B6022684021D36834
:10A91000204643F48863D360236899F800201A61C5
:10A92000236899F801205A604CF620430022CDE9B3
:10A930000056FFF786FF60B30320E36B43F020036C
:10A94000E3632268D36843F48863D36005B0BDE84D
:10A95000F0830123120A8DF80A208DF80B308DF850
:10A960000C008DF80D30C5E72769012F06D10323B0
:10A9700040008DF808008DF80930BBE70323C911AA
:10A9800001F0060161F00F018DF808108DF8093013
:10A99000AAE708F101085FFA88F39F4209F102096A
:10A9A000B3D8CEE72DE9F0430746581E85B00128FD
:10A9B000DDE90C5653D803244900012B8DF808100B
:10A9C0008DF80940D0B23FD102248DF80A008DF8ED
:10A9D0000B30032204AB03EB440341F0010103F805
:10A9E000081C03F8072C0134002290463B680DF147
:10A9F00008099A6039680B6823F070030B603A68A5
:10AA00004021D368384643F48863D3603B6899F8A3
:10AA100000201A613B6899F801205A604CF62043E7
:10AA20000022CDE90056FFF70CFF002839D00320A3
:10AA3000FB6B43F02003FB633A68D36843F48863FD
:10AA4000D36005B0BDE8F0830123120A8DF80A2017
:10AA50008DF80B308DF80C008DF80D30B9E73C699E
:10AA6000012C08D10323490041F001018DF80810A1
:10AA70008DF80930B8E7CB1103F0060363F00F023D
:10AA800003248DF80820012263F00E038DF809409D
:10AA90008DF80A108DF80B208DF80C308DF80D40D4
:10AAA000A2E708F101085FFA88F39C4209F1020964
:10AAB000A5D8C1E72DE9F347DDF8289004460E46F6
:10AAC00017461D46BDF82C80B9F1000F02D0B8F131
:10AAD000000F06D14FF40073E363012002B0BDE81C
:10AAE000F0870368DB6813F0040A60D190F8343013
:10AAF000012B5CD0012380F834303CF0FDFF4FF493
:10AB00007A73019000933A462B4631462046FFF770
:10AB1000D8FE10B184F834A0DFE7013D012D8CBFD1
:10AB20004023102384F83830224BE063A4F81E80C1
:10AB30002362214B2268A362E38BC4F818909BB276
:10AB4000B3F5007F2EBF40F2FF13E38B9BB2A383CC
:10AB5000936823F0400393602123226884F8373000
:10AB6000D36843F04003D3602268136843F48073D2
:10AB70001360A269236812781A61A28B2368012AE4
:10AB80000CBF052201225A60A3690133A361E38B44
:10AB9000013B9BB2E383A38B013BA383002384F897
:10ABA00034302268936843F4A253936096E70220FE
:10ABB00094E700BF0000FFFF81B802122DE9F74FB4
:10ABC0001E4690F837300446202B89469246BDF841
:10ABD00034B0DDF838803CD10C9B13B1BBF1000FD1
:10ABE00006D14FF40073E363012003B0BDE8F08F9A
:10ABF00090F83430012B2CD0012380F834303CF015
:10AC00007BFF05462368DF6817F004070BD1334646
:10AC1000524649462046CDE90085FFF7C3FED0B134
:10AC200084F83470E0E73CF067FF401BB0F57A7FB2
:10AC3000E8D92368DB685B07E4D5E36B43F02003C6
:10AC4000E363202384F83730002384F8383084F815
:10AC500034300220C9E72223013E012E84F8373028
:10AC60008CBF4023102384F838300C9BE063A4F899
:10AC70001EB0A361E38BA062A383E38B9BB2D3B925
:10AC8000012204212046CDE90085FFF7DAFD0028E6
:10AC900039D0E36B43F02003E3632368D968DA68B3
:10ACA0000A43DA60202384F83730002384F83830F0
:10ACB00084F8343098E722688021D368204643F036
:10ACC0008003D360E38B9BB2012B14BF01220D22C2
:10ACD00023685A60E38B00224CF62043CDE90085BF
:10ACE000FFF7AFFD23680028D7D11A69A3691A704E
:10ACF000A3690133A361A38B013BA383E38B013BD6
:10AD00009BB2E383B9E7202384F8340084F837301A
:10AD100084F8380069E770472DE9F74F1E4690F830
:10AD200037300446202B89469246BDF834B0DDF812
:10AD300038803CD10C9B13B1BBF1000F06D14FF40E
:10AD40000073E363012003B0BDE8F08F90F8343066
:10AD5000012B2CD0012380F834303CF0CDFE054689
:10AD60002368DF6817F004070BD133465246494683
:10AD70002046CDE90085FFF7A4FDD0B184F83470FA
:10AD8000E0E73CF0B9FE401BB0F57A7FE8D92368D4
:10AD9000DB685B07E4D5E36B43F02003E363202328
:10ADA00084F83730002384F8383084F834300220B7
:10ADB000C9E72123013E012E84F837308CBF4023A0
:10ADC000102384F838300C9BE063A4F81EB0A36114
:10ADD000E38BA0629BB2A383E38B9BB2D3B9012226
:10ADE00004212046CDE90085FFF72BFD002838D04F
:10ADF000E36B43F02003E3632368D968DA680A430E
:10AE0000DA60202384F83730002384F8383084F85F
:10AE1000343097E722684021D368204643F040034E
:10AE2000D360A269236812781A61E38B9BB2012B6D
:10AE300014BF0122052223685A60E38B00224CF6DE
:10AE40002043CDE90085FFF7FCFC0028D4D1A3699D
:10AE50000133A361E38B013B9BB2E383A38B013BF3
:10AE6000B8E7202384F8340084F8373084F83800B9
:10AE700069E7000010B5838B044623B941F23861BD
:10AE800027480BF05FFB2268D36843F40053D3607C
:10AE900094F83730212B1CD1E28B236892B27AB917
:10AEA0009A6842F450529A602268136843F4A87377
:10AEB00013602368A28B9A62202223685A6010BD17
:10AEC0009A6842F410529A602268136843F01003A3
:10AED000EEE794F83730222B1BD1E28B236892B235
:10AEE00072B99A6842F450529A602268136843F427
:10AEF000B87313602368A28B9A6223684022DDE74F
:10AF00009A6842F410529A602268136843F0100362
:10AF1000EFE74FF4B351BDE8104001480BF012BB0E
:10AF2000A15005122DE9F74F0C9E04468846914624
:10AF30001F46BDF834B016B1BBF1000F07D14FF476
:10AF40000073E3630125284603B0BDE8F08F036872
:10AF5000DD6815F004057AD190F83430012B76D0F5
:10AF6000012380F834303CF0C7FD222384F83730C9
:10AF70007B1E012B8CBF4023102384F83830354BC7
:10AF8000E563A4F81EB02362334B8246A362E38BD1
:10AF9000A6619BB2B3F5007F2EBF40F2FF13E38B97
:10AFA0009BB2A383236B002B2ED000252B4A5A6320
:10AFB000236B2B4ADA63236B32469D63236B1D643C
:10AFC000E38B2168206B9BB23031FFF707F906460F
:10AFD00088BB4FF47A734A46009341463B4620466D
:10AFE000CDF804A0FFF7DEFC0546C8B12023206B96
:10AFF00084F8373084F83860FFF739F810B1206BE7
:10B00000036C9847002308E0202284F8372084F856
:10B010003830E26B42F08002E26384F8343091E72A
:10B02000E38BA28B84F834009B1A9BB22046E38307
:10B03000FFF720FF87E7202384F8373084F8385063
:10B04000E36B84F8345043F01003E3637AE702259E
:10B0500079E700BF0000FFFF75B9021217AD0212B9
:10B060006BB902122DE9F74F0C9E044688469146B3
:10B070001F46BDF834B016B1BBF1000F07D14FF435
:10B080000073E3630125284603B0BDE8F08F036831
:10B09000DD6815F004057AD190F83430012B76D0B4
:10B0A000012380F834303CF027FD212384F8373029
:10B0B0007B1E012B8CBF4023102384F83830354B86
:10B0C000E563A4F81EB02362334B8246A362E38B90
:10B0D000A6619BB2B3F5007F2EBF40F2FF13E38B56
:10B0E0009BB2A383E36A002B2ED000252B4A314666
:10B0F0005A63E36A2A4ADA63E36A9D63E36A1D647A
:10B10000E38B2268E06A9BB23032FFF767F80646AD
:10B1100088BB4FF47A734A46009341463B4620462B
:10B12000CDF804A0FFF7CDFB0546C8B12023E06AA7
:10B1300084F8373084F83860FEF799FF10B1E06A80
:10B14000036C9847002308E0202284F8372084F815
:10B150003830E26B42F08002E26384F8343091E7E9
:10B16000E38BA28B84F834009B1A9BB22046E383C6
:10B17000FFF780FE87E7202384F8373084F83850C3
:10B18000E36B84F8345043F01003E3637AE702255D
:10B1900079E700BF0000FFFF75B9021241A8021253
:10B1A0006BB902122DE9F347DDF8289004460E46EC
:10B1B00017461D46BDF82C80B9F1000F02D0B8F13A
:10B1C000000F06D14FF40073E363012002B0BDE825
:10B1D000F0870368DB6813F0040A4ED190F834302E
:10B1E000012B4AD0012380F834303CF085FC4FF429
:10B1F0007A73019000933A462B4631462046FFF77A
:10B20000D1FB10B184F834A0DFE7013D012D8CBFE4
:10B210004023102384F83830194BE063A4F81E80D3
:10B220002362184B2268A362E38BC4F818909BB288
:10B23000B3F5007F2EBF40F2FF13E38B9BB2A383D5
:10B24000936823F0C00393602223226884F8373088
:10B25000136843F480731360E38B9BB2012B14BF1C
:10B2600001220D2223685A600023226884F83430BA
:10B27000936843F4A6539360A8E70220A6E700BFB3
:10B280000000FFFF81B8021238B5036B0C684FF461
:10B2900000551C600024036BC9685960036B9C60F7
:10B2A000036BDC608023016B0B61016B4C61016BF4
:10B2B0008C61016BCC61016B0D62C16A15680D6018
:10B2C000C16AD2684A601021C26A9160C26AD460C1
:10B2D000C26A1361C36A5C61C36A9C61C36ADC6150
:10B2E000C36A1C62006BFEF7BBFD204638BD704789
:10B2F000F8B50446002800F0A6800368534A93423C
:10B300000FD002F5805293420BD002F58052934247
:10B3100007D002F58052934203D0F2214C480BF043
:10B3200011F9E368B3F5806F03D3F32148480BF0BC
:10B3300009F92369013B012B03D9F42144480BF09F
:10B3400001F92368414A934261D12D203CF028FB4A
:10B3500094F8373003F0FF0223B9204684F83420F4
:10B36000FFF7C5FF2423226884F83730136823F0E1
:10B370000403136094F8367094F838303E03102BB1
:10B3800006F4E04652D146F00906636823B94FF44B
:10B39000A5712F480BF0D6F863685D0805F1377585
:10B3A00005F5D845B5FBF3F5ED1B063DB5F5806F0A
:10B3B0004FEA550704D34FF4A77125480BF0C2F8A4
:10B3C000226800209369AD086FF3512343EA4723B5
:10B3D00093612268032D936938BF03256FEA5323D5
:10B3E0006FEA432393612368033D1E6023689860DE
:10B3F0002368E2685A612268D36923F0FF032B4374
:10B40000D3612023E06384F837306062F8BD114ACD
:10B41000934201D12E2099E70F4A934201D12F2068
:10B4200094E70E4A934293D130208FE794F8383056
:10B43000202B02D146F00506A7E74FF4A47104487B
:10B440000BF080F8A1E70120E0E700BF00C0095041
:10B45000A150051200D0095000E0095000F0095039
:10B460007047000010B5044648B30368154A93427C
:10B4700010D002F5805293420CD002F580529342D4
:10B4800008D002F58052934204D04FF4D3710E4895
:10B490000BF058F82423226884F8373013682046CC
:10B4A00023F004031360FFF7DBFF0020E06384F860
:10B4B000340084F83700606284F8380010BD012041
:10B4C000FCE700BF00C00950A15005121FB5069C43
:10B4D0000092CDE9013400231A46FFF71DFC04B0A9
:10B4E00010BD1FB5069C0092CDE9013400231A4619
:10B4F000FFF764FB04B010BD13B590F83740202C63
:10B5000007D1CDE9002300231A46FFF7D3FA02B092
:10B5100010BD0220FBE713B590F83740202C07D16F
:10B52000CDE9002300231A46FFF73CFE02B010BD10
:10B530000220FBE713B590F83740202C07D1CDE966
:10B54000002300231A46FFF78DFD02B010BD022034
:10B55000FBE713B590F83740202C07D1CDE9002345
:10B5600000231A46FFF7DEFC02B010BD0220FBE705
:10B570002DE9F0471C46013B012B05460E461746B8
:10B58000DDF82080BDF82490DDF828A004D940F62D
:10B59000342107480AF0D6FF23463A46314628466A
:10B5A000CDE9099ACDF82080BDE8F047FFF7B4BB9C
:10B5B000A15005122DE9F0471C46013B012B054621
:10B5C0000E461746DDF82080BDF82490DDF828A04F
:10B5D00004D940F6472107480AF0B4FF23463A460B
:10B5E00031462846CDE9099ACDF82080BDE8F047DC
:10B5F000FFF7E4BAA15005122DE9F0471D46013BC3
:10B60000012B04460E461746DDF82080BDF8249035
:10B6100004D940F65A210A480AF094FF94F83730CA
:10B62000202B09D12B463A4631462046CDE90889E0
:10B63000BDE8F047FFF73EBA0220BDE8F08700BF43
:10B64000A15005122DE9F0471D46013B012B044690
:10B650000E461746DDF82080BDF8249004D940F648
:10B660006D210A480AF06EFF94F83730202B09D17B
:10B670002B463A4631462046CDE90889BDE8F047D9
:10B68000FFF790BD0220BDE8F08700BFA150051272
:10B690002DE9F0471D46013B012B04460E46174697
:10B6A000DDF82080BDF8249004D940F67F210A48B7
:10B6B0000AF048FF94F83730202B09D12B463A4640
:10B6C00031462046CDE90889BDE8F047FFF7CABCFE
:10B6D0000220BDE8F08700BFA15005122DE9F04718
:10B6E0001D46013B012B04460E461746DDF820801F
:10B6F000BDF8249004D940F691210A480AF022FFAF
:10B7000094F83730202B09D12B463A463146204653
:10B71000CDE90889BDE8F047FFF704BC0220BDE889
:10B72000F08700BFA15005127047704770477047FF
:10B7300070477047002310B5026804469360836227
:10B740000368DA68DA60C36B02680B43C36390F87E
:10B750003730602B1CBF202380F83730136813F07C
:10B7600010032CD090F83730212B13D1536823F0DD
:10B7700020035360C36A6BB3194A1A64002380F82C
:10B780003430C06AFEF773FC20B3E06A036CBDE896
:10B790001040184790F83730222B1BD1536823F004
:10B7A00040035360036BABB10D4A1A64002380F869
:10B7B0003430006BFEF75BFC60B1206BE6E790F87D
:10B7C0003720602A07D1202280F8343080F83720D3
:10B7D000FFF7AFFF10BD80F83430FFF7A9FFF9E79E
:10B7E00035BA021210B50268D36843F48053D360AF
:10B7F0000023026893600268D468D4604362836265
:10B80000A3F5803303624B0542BFC36B43F00403CF
:10B81000C36390F83730602B04D1BDE81040C16B92
:10B82000FFF788BF90F83730212B12D1202380F802
:10B83000373090F83830402B4FF0000380F8383024
:10B8400080F8343002D1FFF771FF10BDFFF76CFFB5
:10B85000FBE790F83730222BF7D1202380F83730E0
:10B8600090F83830402B4FF0000380F8383080F8E3
:10B87000343002D1FFF75BFFE7E7FFF756FFE4E75D
:10B8800038B590F834300446012B6CD00120236881
:10B8900084F83400D968D96023689A6894F83750DE
:10B8A000212D07D094F83750222D03D0002384F89F
:10B8B000343038BD11F0C00F1ED094F83700222864
:10B8C0002CD1E08B80B2B8B11869A3691870A36954
:10B8D0000133A361A38B013BA383E38B013B9BB2A9
:10B8E000E383E38B9BB23BB1E38B20689BB2012BDC
:10B8F0000CBF0D2301234360C8042DD5D2042BD5E2
:10B90000E38B9BB21BB1E36B43F00103E36320467F
:10B91000FFF768FF002084F83400CAE794F8370086
:10B920002128E9D1E08B80B20028E5D0A069007819
:10B930001861E38B20689BB2012B0CBF0523012308
:10B940004360A3690133A361A38B013BA383E38B12
:10B95000013B9BB2E383CFE74B05DBD504212046B7
:10B96000FFF7E8FED6E70220A3E71021006BFFF700
:10B97000E1BE000038B590F834300446012B54D0B5
:10B980000120236884F83400D968D96023689A6854
:10B9900094F83750212D07D094F83750222D03D03A
:10B9A000002384F8343038BDC80412D5D50410D52E
:10B9B00094F837202046212A5A680CBF22F0200232
:10B9C00022F040025A60FFF70DFF002084F8340097
:10B9D000E9E7480504D504212046FFF7ABFEF4E76C
:10B9E00089041CD593041AD5E38B9BB2002BECD0B1
:10B9F000A28BA36920461344A361E38B9BB2B3F5EA
:10BA0000007F2CBF40F2FF12E28BE38B38BF92B273
:10BA10009B1A9BB2A283E383FFF72CFAD5E741F28E
:10BA2000D92103480AF08EFDCFE70220BBE700BF13
:10BA3000A150051208B50023006BC26A1364026BA3
:10BA4000136490F83730602B05D1202380F837300D
:10BA5000FFF76FFE08BDFFF76BFEFBE790F837308E
:10BA6000202B03D10368DB685B0703D490F8370011
:10BA7000C0B270472420704738B502680446936905
:10BA80006FEA53236FEA432393610268012013682E
:10BA900043F0004313603BF0EBFF2268136823F090
:10BAA000004313602268136843F0804313602368E7
:10BAB0001D6815F0804511D11A68012042F000423E
:10BAC0001A603BF0D5FF22682846136823F0004334
:10BAD00013602023E56384F8373038BD01203BF044
:10BAE000C7FFE4E710B50A4B0A495A680A4BD2B2BD
:10BAF000062A88BF0B46094C2360FAF76DF92368C4
:10BB00000246002118463BF09BFF054A026010BD2B
:10BB100000B00050002A4020C0FD4020849B00203F
:10BB20007878454508B513460A460146034800683B
:10BB3000FAF72EF9003818BF012008BD849B0020B9
:10BB400008B513460A46014603480068FAF732F979
:10BB5000003818BF012008BD849B002070B5044642
:10BB600016460D4649B3FD2827D802203BF0E0FEDB
:10BB7000134B1B680BB9FFF7B5FF32462946204629
:10BB8000FFF7D0FF0446EFF31086012383F31088FC
:10BB90000C4D2B781BB9E4210B480AF0D3FC2B7811
:10BBA000013BDBB22B7023B9084AD36A23F00103AF
:10BBB000D36286F31088204670BD0124FBE700BFE6
:10BBC000849B0020F8820020D550051200000C5004
:10BBD000F8B5054617460E4641B33AB3FD2825D8B9
:10BBE000234C02203BF0A4FE23680BB9FFF77AFF39
:10BBF0002368204C1A68204B9A421AD0EFF3108524
:10BC0000012383F31088237823B94FF480711B48F4
:10BC10000AF098FC2378013BDBB2237023B9184A61
:10BC2000D36A23F00103D36285F3108801252846E7
:10BC3000F8BD3A4631462846FFF782FF0546EFF346
:10BC40001086012383F31088237823B94FF484717D
:10BC50000A480AF077FC2378013BDBB2237023B952
:10BC6000074AD36A23F00103D36286F31088DEE724
:10BC7000849B0020F882002078784545D550051235
:10BC800000000C500268034BC3F800214268C3F85F
:10BC9000042170470000044080B100234FF40032BB
:10BCA000C0E9052302624FF6FF72C2614FF4001231
:10BCB000C0E90A23436003618360436270477047B1
:10BCC00070B50446002800F09F8003684F4A9342F5
:10BCD0000AD002F58052934206D04D4A934203D0D7
:10BCE000B8214C480AF02EFC6368012B03D9BA2115
:10BCF00048480AF027FCA36833F4C06306D0B3F5C4
:10BD0000006F03D0BB2143480AF01CFC6368012B81
:10BD100015D1636933F0020205D0042B03D0BE2194
:10BD20003C480AF00FFCA2694AB1182A03D83A4BE2
:10BD3000D340DB0703D4BF2136480AF003FC4FF69B
:10BD4000FF72E36993420BD033F4C04208D023F46E
:10BD50000053B3F5004F03D0C1212E480AF0F2FB87
:10BD6000A36A33F4001303D0C7212A480AF0EAFB80
:10BD7000E36A33F4000303D0C92126480AF0E2FB4A
:10BD800094F8333003F0FF0223B9204684F83120C1
:10BD9000FFF795FF02234FF6FF752068616884F86E
:10BDA0003330C368E269012908BF23F48F73AA42C4
:10BDB00018BF23F46043194D18BF23F0C0031D4082
:10BDC000A368A66A0B433343E66A012943EA0603E4
:10BDD00043EA050314D1D4E905152943E56829434D
:10BDE0000B434FF6FF718A4204D0216A0A43616A0D
:10BDF0000A431343C3600123002084F8333070BD2D
:10BE00000029EED12169EBE70120F8E700100C5082
:10BE1000002004401151051200010101FEF159FFFB
:10BE200038B52E4A0368044693420D460BD002F5FE
:10BE30008052934207D02A4A934204D04FF48E6135
:10BE400028480AF07FFBB5F1807F04D340F27141AE
:10BE500024480AF077FB022384F833306368012B0F
:10BE60000FD0E36AB3F5000F34D1A36823B140F2D9
:10BE70007B411C480AF066FB2268D36823F46063A8
:10BE8000D3602268136943F00803136123681A69B9
:10BE90001207FCD49A68002042F002029A602268DD
:10BEA000936843F4007393602268136943F00103BD
:10BEB000136123689D61236894F83220012A1A696E
:10BEC0000CBF42F0040242F002021A61012384F81E
:10BED000333038BD2368DB68D3E700BF00100C5057
:10BEE000002004401151051210B5144A036804469D
:10BEF00093420BD002F58052934207D0104A9342EE
:10BF000004D040F2B5410F480AF01CFB022322681E
:10BF100084F833301369002023F001031361226891
:10BF2000936823F0020393602268936823F40073FC
:10BF30009360012384F8333010BD00BF00100C5013
:10BF4000002004401151051210B50A4A0368044646
:10BF500093420BD002F58052934207D0064A934297
:10BF600004D040F2E44105480AF0ECFA2368D869AD
:10BF700010BD00BF00100C500020044011510512EC
:10BF8000704770477047704710B5036804461A68D9
:10BF9000D10706D59A68D20703D501225A60FFF768
:10BFA000F1FF23681A68910704D5022220465A60DF
:10BFB00006F08EF823681A68520707D59A6850076A
:10BFC00004D5042220465A60FFF7DBFF23681A6875
:10BFD000110707D59A68120704D5082220465A602F
:10BFE000FFF7CEFF23681A68D0050AD59A68204665
:10BFF00022F480729A604FF4807223685A60FFF7CF
:10C00000C2FF23681A6891050AD59A68204622F46F
:10C0100000729A604FF4807223685A60FFF7B3FF92
:10C0200023681A6852050AD59A68204622F480626D
:10C030009A604FF4807223685A60FFF7A4FF10BD26
:10C0400073B502203BF074FC0021022000F014FACA
:10C050000021019001A800F02BFA0446EFF31086AE
:10C06000012383F310880D4D2B7823B94FF42171F0
:10C070000B480AF067FA2B78013BDBB22B7023B92F
:10C08000084AD36A23F00103D36286F31088201E86
:10C0900018BF0120404202B070BD00BFF8820020EE
:10C0A0004751051200000C5037B502203BF040FC10
:10C0B0000021022000F0E0F90021019001A800F029
:10C0C0000CFAEFF31085012383F310880A4C2378D0
:10C0D00023B940F29D2109480AF034FA2378013B44
:10C0E000DBB2237023B9064AD36A23F00103D3627B
:10C0F00085F3108803B030BDF88200204751051247
:10C1000000000C500320FEF795BB01460420FEF70B
:10C110008BBB000000232DE9F04F89B00693C24B82
:10C1200002929E680D4616F0010640F07A81FFF7F4
:10C1300087FF002840F09C8102203BF0F9FBEFF3E1
:10C140001080012181F31088B84B1A6942F0020275
:10C150001A61B74A117080F310881A69002AFCDA54
:10C160004FF08042136923F0030343F0010313618E
:10C17000D2F814A0CAF3023BBBF1070F05D04FF071
:10C18000FF31072208463BF053FC00229146A94F9D
:10C190000392D7F8141101206FF3DC4141F4002120
:10C1A000C7F81411D7F8141141F00051C7F8141151
:10C1B000D7F8141121F48031C7F81411D7F81411ED
:10C1C000C7F81411D7F814116FF30F01C7F8141141
:10C1D000D7F8141141F0C801C7F81411D7F8141199
:10C1E00041F40031C7F814113BF072FC039AD7F800
:10C1F00018110029FBDADFF86C82D7F81841D8F85B
:10C20000001024F0004481B10420FEF713FB41F23A
:10C210008731A04234BF221A021B8A42069004D9F9
:10C2200009F10109B9F10A0FB2D100232146824870
:10C23000FEF71CFAB9F10A0F3DD1804A1378013399
:10C24000DBB2042B137032D00023BBF1070F08D0F0
:10C250005A46CAF302210AF03F0003933BF0E8FB81
:10C26000039B4FF00009724A754F82F8009001223B
:10C270003BBBEFF3108482F310883B7823B94FF473
:10C280006F7170480AF05EF93B78013BDBB23B709E
:10C2900023B96D4AD36A23F00103D36284F3108873
:10C2A000FFF702FF6FF0010009B0BDE8F08F002337
:10C2B000C8F80030C8E721460320FEF7B5FA01238D
:10C2C000C3E7C82300921946FA226048FEF7CEF968
:10C2D00015B10225C8F80090D8F80010029BDFF8CD
:10C2E00088A199423CBF0131C8F800100129DAF851
:10C2F0000030DFF8789140F292800229D9F80020CE
:10C300006AD101260132224452084FF0000BC9F8CD
:10C31000002021464E48CDE9006BFEF7A7F9D9F879
:10C320000000CAF800400690FFF7EFFE99ED007A92
:10C33000DFED486AB8EE477AC6EE877A9FED467A17
:10C34000012367EE877A07200DF116020DF1150122
:10C35000ADF81630CDED077A8DF815B0FFF738FC43
:10C360009DF815303BB93D48FEF780F904220220C4
:10C3700006A9FFF7F3FB07A904220120FFF7EEFB54
:10C380000320FEF757FA04460420FEF753FA002371
:10C39000009302462146D8F800303148FEF766F98E
:10C3A000EFF31084012383F310883B7823B940F224
:10C3B0002A4124480AF0C6F83B78013BDBB23B70C7
:10C3C00023B9214AD36A23F00103D36284F310888E
:10C3D000FFF76AFE284667E7A24210D2A11AFA299F
:10C3E00016D9934214D9991AFA2911D90D2102EBC1
:10C3F0004202083201FB04220326120985E707D90D
:10C40000111BC82904D9934202D2D11AC829ECE7DA
:10C41000C2EBC202043222440226D20875E7224649
:10C4200073E74FF0FF303FE700B00C5000000440CE
:10C43000989B0020000009407F510512909B00202E
:10C44000F88200204751051200000C50A15105123E
:10C45000CA510512001B374C000048430E5205120A
:10C4600016520512949B0020889B00208C9B002074
:10C470006FF0020018E700BF012808B508D10329B2
:10C480000ED8084800E00848182303FB010008E024
:10C49000012905D80228F6D0D82104480AF052F81C
:10C4A000002008BD00200850002000403E52051228
:10C4B00018B1016849B9042070470329FBD8182333
:10C4C000594301F1A04101F502214869002802DB2E
:10C4D00000F00F0070470020704710B1016841B9AB
:10C4E0007047032909D81823594301F1A04101F5E8
:10C4F00002214B6943F000434B61704700232DE953
:10C50000F0414FF0402C07464FF001081846154EF9
:10C51000CCF8803007F1040E99420BDC00214FF07B
:10C5200040238A4208BF0246C3F88410C3F8802023
:10C53000BDE8F0811AB122FA03F4E4070FD557F8E9
:10C5400033509C0004F14024354025605EF83350A0
:10C5500008FA03F4CCF884402043CCF88850013327
:10C56000DAE700BFFCFF070008B5F9F781FC074BCD
:10C5700002689A4207D1BDE8084041680022C90814
:10C580000830FFF7BBBF002008BD00BF4843545030
:10C5900008B5064A0120936923F4E77343F4A773AF
:10C5A00093613BF095FA002008BD00BF00A00C503D
:10C5B00008200A4A136A116A23F4804321F0030118
:10C5C000116223F03C03064943F0CB03C1F88C0011
:10C5D000C1F8900000201362704700BF00A00C500B
:10C5E00000300050054B9A6E20B142F4807200205A
:10C5F0009A66704722F48072F9E700BF00A00C50E1
:10C60000054B9A6E20B142F0200200209A667047D6
:10C6100022F02002F9E700BF00A00C5038B50B4C07
:10C620000020236A002B0FDB3BF08AF94FF47A7568
:10C63000236A002B05DB4FF47A703BF081F9013D52
:10C64000F6D1206AC043C00F38BD00BF00A00C5017
:10C65000054BDA6920B142F001020020DA6170472F
:10C6600022F00102F9E700BF00A00C5038B50B4CD6
:10C67000E369002B0FDB0A4B5D6BE369002B06DBE4
:10C6800042F2107128463BF03FFA0028F5D0E069ED
:10C69000C043C00F38BD0020FCE700BF00A00C5015
:10C6A00000000C5010B538B90C4A136823F0010390
:10C6B00000241360204610BD02280AD1FFF7D6FFE0
:10C6C0000128044605D140F21A21054809F03AFF35
:10C6D000F0E7024A136843F00103E9E700A00C50B9
:10C6E00076520512084B984205D1084A536843F028
:10C6F000020353607047064B9842FBD1034A5368CC
:10C7000043F00403F5E700BF0040095000A00C50BF
:10C7100000B00040214B5A6922F03C0242F0040272
:10C720005A611A6B42F00F021A631A6B6FF30F1201
:10C7300042F4EE4242F070021A631A6B22F0706209
:10C7400042F0C0621A639A6A22F07F0242F0060247
:10C750009A625A6842F080025A60DA6C22F47C4293
:10C7600042F48062DA641A6D22F47C4242F4806200
:10C770001A655A6D22F0700242F030025A659A6DC5
:10C7800022F0700242F030029A651A6F42F47C7215
:10C790001A674FF00112C3F88C20704700A00C50AC
:10C7A00038B5304C0E222146062003F0B3FB00289A
:10C7B00053DD01232C4A04F8013C20786378D56AC4
:10C7C0009B07400600F0606003F08043034325F0C0
:10C7D0009C400343D362D2F89830E078234D60F355
:10C7E0000303C2F8983053692079611E60F38D23EA
:10C7F00053616B686079DBB24000072B00F01E00CC
:10C800002CD06B68DBB20F2B28D0CB79D46D5B02B8
:10C8100003F4F053034324F01E1020F4F0500343BC
:10C82000087A400400F4F0100343D3650F4A5368BC
:10C83000DBB2072B11D05368DBB20F2B0DD00A48A7
:10C840004B7A426A03F0070322F0270213438A7AE5
:10C85000520102F020021343436238BDD36D23F02E
:10C860001E03E1E7FA82002000A00C5000B0005047
:10C87000704741B10368DA6852060AD4002904DD22
:10C880004FF000421A62002070471A69C2F3090291
:10C89000F8E702207047704738B502680446D3684D
:10C8A00023F0A003D3603BF027F905462368DB683B
:10C8B0001B0601D5002038BD3BF01EF9401BB0F52A
:10C8C0007A7FF3D90320F6E738B502680446D368C7
:10C8D00043F48063D3603BF00FF905462368DB68BF
:10C8E0009B0501D5002038BD3BF006F9401BB0F593
:10C8F0007A7FF3D90320F6E738B50D46044610B326
:10C9000001290FD141753BF087F848B92268936837
:10C9100023F4D85393602268D36823F00A03D360CA
:10C92000002011E0437D03F0FF0213B90275FFF709
:10C930009FFF0223637500232046A361FFF7C4FF16
:10C9400018B104236375012038BD2268936823F46D
:10C95000E01323F0400393604DB92268936823F4F9
:10C96000D85393602268D36823F00A03D360226807
:10C97000616893680B4393602268D36823F48063F3
:10C98000D3602369A268C3F3090343EA0262E16842
:10C99000084B03EA812313432268136123689B68D1
:10C9A0009B0604D42046FFF777FF0028C9D1012356
:10C9B0006375B5E700FCFF000023092803D840EAAF
:10C9C0000310C0B270470A380133C0B2F5E7F8B5BA
:10C9D0000346DA7800785E789D785F68D20789B977
:10C9E000FFF7EAFF04463046FFF7E6FF0146284618
:10C9F000FFF7E2FF3A4342EA446242EA814242EAF6
:10CA0000C020F8BD42EA4060384340EA864040EA30
:10CA1000C520F6E7F8B5037D0E46012B0446114606
:10CA20004FF0020516D001230375036845759B6816
:10CA3000304613F0400308BFF370FFF7C8FF074606
:10CA40002046FFF741FF054630B1042301256375F9
:10CA5000002323752846F8BD23681F602268D6E9A5
:10CA60000430916803430B4393602268D36823F436
:10CA70008063D36023689B689B0604D42046FFF73D
:10CA80000BFF0028E1D101236375E1E7F8B5034608
:10CA900031B94278D00642BF22F010020A325A70F1
:10CAA000D8781A78632883BF6438C0B200244FF066
:10CAB00080745F789E7888BFD870520381B9FFF781
:10CAC0007BFF05463846FFF777FF01463046FFF704
:10CAD00073FF2243024342EA054242EA0120F8BDC5
:10CAE00042EA07223243224342EA0040F7E770B5A8
:10CAF0000446237D0846012B11464FF002050FD056
:10CB0000012365752375FFF7C1FF06462046FFF731
:10CB1000DBFE054630B10423012563750023237530
:10CB2000284670BD236826F07E4626F0C0065E606B
:10CB30002268D36823F48063D36023689B689B06D4
:10CB400004D42046FFF7A8FE0028E4D10123637532
:10CB5000E4E7030903EB830300F00F0000EB43005D
:10CB6000C0B2704738B50346C0F34560C3F386458D
:10CB7000C3F3C624DB0F08704D708C70CB7052B9B4
:10CB8000FFF7E7FF08702846FFF7E3FF48702046ED
:10CB9000FFF7DFFF887038BD70B50546094B5E6949
:10CBA0003046C6F30906FFF7DDFF4E602B68002014
:10CBB0001B691B0E8B602B681B69C3F38D23CB6035
:10CBC00070BD00BF00B0005038B50346C0F3074049
:10CBD000C3F3042503F03F04C3F34233C8704D7020
:10CBE0008C700B7052B9FFF7B4FFC8702846FFF77E
:10CBF000B0FF48702046FFF7ACFF887038BD0000DA
:10CC000070B50F4B05469E699B69002B16DB26F01D
:10CC10007E4020F0C000FFF7D7FFF30101D40020D1
:10CC200070BDCB78452B95BF2A6863F07F035368AE
:10CC3000CB709CBF23F080735360F0E70120EFE7D7
:10CC400000B00050704710B50446B8B1826903685F
:10CC500012B3DA6812F0020FDA6810D0002002F482
:10CC6000806242F07F4242F47F0242F47B4242F013
:10CC7000FD02DA60A36998470123637510BD1107AF
:10CC800041BFDA68012002F4806262F4816254BF1D
:10CC90004FF0FF30DA60EDE7DA6892070FD5FFF763
:10CCA000FAFD2268D36803F4806343F07F4343F4C2
:10CCB0007F0343F47B4343F0FD03D360DCE7DB6891
:10CCC0001B07D9D5FFF7BEFF2268D36803F4806342
:10CCD00063F48163F1E700B1816170472DE9F341AD
:10CCE0000446884616461D46089F2268536903EA93
:10CCF0000803B34201D1002024E0B8F5F82F08D191
:10CD0000B6F5F02F01BF137CDBB28DF803309DF830
:10CD100003306B1CEAD0C5B9226893680193019B6C
:10CD200023F04F030193019B43F030030193019BD8
:10CD3000936063687BB1012384F84A3000230320A9
:10CD400084F8493002B0BDE8F0813AF0D5FEC01B4E
:10CD5000A842CAD3E0E7A368013B012B9FBF22682A
:10CD6000136823F001031360E5E773B504460D462D
:10CD700016462368586910F0010018D06A1CF9D0D3
:10CD8000BDB9226893680193019B23F04F0301937F
:10CD9000019B43F030030193019B9360636873B17F
:10CDA000012384F84A300023032084F8493002B07C
:10CDB00070BD3AF0A1FE801B8542DAD8E1E7A36896
:10CDC000013B012B9FBF2268136823F0010313600E
:10CDD000E6E70000F7B504460E4601461F48174631
:10CDE000FDF744FC636843B9A368013B012B13D8EA
:10CDF0002268136823F001031360A368012B0BD191
:10CE000063684BB92268536A23F0020353622268B5
:10CE1000536A23F0010353623A4631462046FFF736
:10CE2000A4FF054628B1E36C032543F02003E36427
:10CE300010E0636873B9A368013B012B0AD833463D
:10CE40004FF4F0224FF4F82120460097FFF746FFF9
:10CE50000028E8D1284603B0F0BD00BFAA52051251
:10CE600073B5164604460D4601461348FDF7FEFB12
:10CE70002B4640224FF4F86120460096FFF72EFF24
:10CE800030B10320E36C43F02003E36402B070BDD3
:10CE9000324629462046FFF768FF0028F1D12B468D
:10CEA0004FF4F0224FF4F82120460096FFF716FFCA
:10CEB0000028EBD0E5E700BFC5520512704700001F
:10CEC00013B50446002800F0D68003686B4A9342ED
:10CED00007D002F58052934203D0B421684809F08C
:10CEE00031FB6368182B04D01BB1B521644809F0ED
:10CEF00029FBA368013B022B03D9B621604809F046
:10CF000021FBE368B3F5F07F14D023F48072C02ACC
:10CF100010D023F49072802A0CD023F06002B2F576
:10CF2000807F07D023F08003602B03D0B7215448C3
:10CF300009F008FBA369013B7E2B03D9B8215048B7
:10CF400009F000FBE36933F0020205D0042B03D0A3
:10CF5000B9214B4809F0F6FA236A33F4004303D0B1
:10CF6000BA21474809F0EEFAE369022B0FD0236992
:10CF700033F4806303D0BE21414809F0E3FA6369CA
:10CF800033F4006303D0BF213D4809F0DBFA94F885
:10CF90004A3003F0FF0223B9204684F84920FFF706
:10CFA0008DFF0223226884F84A30136823F00103BE
:10CFB0001360226893680193019B23F04F03019350
:10CFC000019B43F030030193019B93602268D36B74
:10CFD00043F48073D3632368A169DA6B012914BF1A
:10CFE00061F3060242F08002DA636268E169002AB6
:10CFF00018BF1822E3680B4321690B4361690B4397
:10D00000134322681360A2682368012A5A6D25D150
:10D0100042F001025A652268136843F4003313603A
:10D020002268D36B43F40073D36322680020136833
:10D0300043F0010313602268136823F001031360B7
:10D040006368182B01BF2268536843F005035360DF
:10D050000123E06484F84A3002B010BD22F00102DE
:10D060005A652268136823F4003313602268D36B77
:10D0700023F40073D8E70120EEE700BF0050095009
:10D08000E25205122DE9F04104460D4617461E46B0
:10D0900013460A4601465448FDF7E8FAE368E02BD8
:10D0A00006D9EB0704D540F2B311504809F04AFA0B
:10D0B000A36823F00203012B04D04FF4DD714B4829
:10D0C00009F040FA94F84930012B00F08B800123DD
:10D0D00084F849303AF010FD94F84A308046012B2C
:10D0E000D8B27DD1002D46D0002F44D0032300219B
:10D0F00084F84A30A368C4E90E11012B08BF2268E6
:10D10000E164278567856562E1622186618602BFE9
:10D11000536D23F00203536523681A68D7075EBF77
:10D120001A6842F001021A60E2686368E02A33D9A3
:10D13000182B03D0638D9BB2012B07D1236835F8E0
:10D14000022B1A61638D013B9BB26385638D9BB299
:10D150005BB9424631462046FFF782FE00283CD1AB
:10D16000E06C003818BF012005E023685A695006BA
:10D17000E5D446B90320012384F84A30002384F81B
:10D180004930BDE8F081711CE0D03AF0B5FCA0EB6D
:10D190000800B042DAD3EDE7182B03D0638D9BB2C1
:10D1A000012B07D1236815F8012B1A74638D013BFD
:10D1B0009BB26385638D9BB2002BCAD023685A69EA
:10D1C0005206F0D4002ED5D0731CF3D03AF094FC64
:10D1D000A0EB0800B042EDD3CCE72023E364BFE727
:10D1E0000220C8E70220CCE716530512E2520512CE
:10D1F0002DE9F743044600930D4616461F46134695
:10D200000A4601467548DDF82890FDF72FFAA36815
:10D21000032B04D040F22E31714809F093F994F8B1
:10D220004930012B00F0D780012384F849303AF0CF
:10D2300063FC94F84A308046012BDAB20AD0636866
:10D24000002B40F0C480A368032B40F0C080042A68
:10D2500040F0BD80002D00F0BC80002E00F0B980B1
:10D26000002F00F0B68094F84A30E662042B1CBF11
:10D27000052384F84A300023C4E90E33E3642368AD
:10D28000678627866562678527851A68D1075EBF2E
:10D290001A6842F001021A60E2686368E02A52D913
:10D2A000182B03D0638D9BB2012B07D1236835F86F
:10D2B000022B1A61638D013B9BB263851027638D3E
:10D2C0009BB273B9638E9BB25BB942464946204616
:10D2D000FFF7C6FD002877D1E06C003818BF0120A9
:10D2E00028E077B1638D9BB25BB123685A6952061F
:10D2F00007D535F8022B013F1A61638D013B9BB2C4
:10D300006385638E9BB25BB123685A69500407D56D
:10D310001B69013726F8023B638E013B9BB2638693
:10D32000B9F1FF3FCBD03AF0E7FBA0EB080048454E
:10D33000C5D30320012384F84A30002384F8493000
:10D3400003B0BDE8F083182B03D0638D9BB2012B93
:10D3500007D1236815F8012B1A74638D013B9BB22A
:10D360006385102727E077B1638D9BB25BB123689B
:10D370005A69510607D515F8012B013F1A74638DC0
:10D38000013B9BB26385638E9BB25BB123685A6994
:10D39000520407D51B7C013706F8013B638E013B25
:10D3A0009BB26386B9F1FF3F05D03AF0A5FBA0EB35
:10D3B00008004845BDD2638D9BB2002BD3D1638E4C
:10D3C0009BB2002BCFD180E72023E36484E70220C7
:10D3D000B0E70120AEE70220B2E700BF3D530512DF
:10D3E000E25205122DE9F34104460D4617461E464A
:10D3F00013460A4601465E48FDF738F9E368E02B1C
:10D4000006D9EB0704D540F26D215A4809F09AF885
:10D4100063687BB9A368032B0CD104232A4684F8E4
:10D420004A3029463B4620460096FFF7E1FE02B00F
:10D43000BDE8F08194F84930012B00F0978001237A
:10D4400084F849303AF058FB94F84A308046012B72
:10D45000D8B240F08980002D68D0002F66D0042318
:10D4600084F84A300023E364C4E90E3367866362BC
:10D4700023856385A368E562012B278620D1226876
:10D48000536D43F0020353656368CBB92268136898
:10D4900023F00103136022681368C3F344137B4332
:10D4A00093622268536A43F0010353622268536A0D
:10D4B00043F0020353622268536A43F00403536249
:10D4C00023681A68D7075EBF1A6842F001021A6023
:10D4D000E368E02B19D9638E9BB2D3B123685A69F4
:10D4E000520433D51B6925F8023B638E013B9BB286
:10D4F0006386F0E723685A69500415D51B7C05F84C
:10D50000013B638E013B9BB26386638E9BB2002B13
:10D51000F0D1424631462046FFF75CFC08BBE06C88
:10D52000003818BF012001E03EB90320012384F830
:10D530004A30002384F8493079E7711CE5D03AF08D
:10D54000DBFAA0EB0800B042DFD3EEE7002EECD010
:10D55000731CC0D03AF0D0FAA0EB0800B042BAD3A6
:10D56000E3E72023E364DAE70220DFE702205EE757
:10D5700079530512E252051273B5044613460E465E
:10D5800015460A4601463748FDF770F8E368E02B78
:10D5900006D9F10704D54FF48061334808F0D2FF73
:10D5A000A36823F00203012B04D040F204412E486B
:10D5B00008F0C8FF94F84930012B50D001202268B0
:10D5C00084F8490093680093009B23F04F03009375
:10D5D000009B43F030030093009B9360002E32D0F9
:10D5E000002D30D094F84A30834236D1032384F89A
:10D5F0004A3000231D4AE364E3626585238663861F
:10D60000A363E1681A4B6662E02988BF1346E363AF
:10D61000A3682585834201BF2268536D23F002036E
:10D620005365226893680193019B43F04B03019378
:10D63000019B23F030030193019B936023681A68D8
:10D64000D20705D50020002384F8493002B070BD10
:10D650001A6842F001021A60F4E70220F3E70220A0
:10D66000F4E700BF9F530512E252051295DE021245
:10D6700075DE0212F0B5044685B000930F461646DB
:10D680001D4613460A4601463E48FCF7EFFFE36895
:10D69000E02B0DD9F80704D540F2DC413A4808F0F8
:10D6A00051FFF10704D540F2DD41374808F04AFF49
:10D6B000A368032B04D040F2E141334808F042FF55
:10D6C00094F84930012B5AD00123226884F849305C
:10D6D00093680293029B23F04F030293029B43F053
:10D6E00030030293029B936094F84A30012BDAB224
:10D6F00007D06368002B3ED1A368032B3BD1042ADB
:10D7000039D1002F39D0002E37D0002D35D094F8E4
:10D710004A306762042B1CBF052384F84A3000237B
:10D72000E364E3686585E02B99BF184A184B194AF2
:10D73000194B6586C4E90E2322682585E662258695
:10D7400093680393039B43F04F030393039B23F0DE
:10D7500030030393039B936023681A68D20705D5AF
:10D760000020002384F8493005B0F0BD1A6842F06B
:10D7700001021A60F4E70220F3E70120F1E702203A
:10D78000F2E700BFC9530512E252051213E002127C
:10D79000D5DF0212E1E0021261E0021273B5044625
:10D7A00013460E4615460A4601464948FCF75EFFF9
:10D7B000E368E02B06D9F10704D540F25C41454807
:10D7C00008F0C0FEA368032B0DD163685BB9042386
:10D7D000324684F84A3031462B46204602B0BDE836
:10D7E0007040FFF747BF94F84930012B6DD00123FB
:10D7F000226884F8493093680093009B23F04F031C
:10D800000093009B43F030030093009B936094F8D7
:10D810004A30012BD8B256D1002E4AD0002D48D024
:10D82000042384F84A300023E168E3642A4A6586C9
:10D83000636223856385E363284BE662E02988BF42
:10D840001346A363A3682586012B20D12268536D5C
:10D8500043F0020353656368CBB92268136823F071
:10D860000103136022681368C3F344136B4393628C
:10D870002268536A43F0010353622268536A43F0FB
:10D88000020353622268536A43F00403536222681E
:10D8900093680193019B43F047030193019B23F09D
:10D8A00030030193019B936023681A68D20705D562
:10D8B0000020002384F8493002B070BD1A6842F09D
:10D8C00001021A60F4E70220F3E70220F4E700BF48
:10D8D00008540512E25205123FDF021215DF021250
:10D8E0007FB5044613460E4615460A4601464F4884
:10D8F000FCF7BCFE236C23B940F242514C4808F0BF
:10D9000021FEA36823F00203012B04D040F245510D
:10D91000474808F017FE94F84930012B00F0848046
:10D920000123226884F8493093680193019B23F016
:10D930004F030193019B43F030030193019B9360DC
:10D9400094F84A30012BD8B26CD1002E65D0002D4E
:10D9500063D00323002084F84A30A368C4E90E0092
:10D96000012B08BF2268E064666265852585E06258
:10D970002086608602BF536D23F002035365236C3B
:10D980002C4A9A63236C2C4A5A63236C2B4ADA6321
:10D990000022236C1A64E368E02B0DD8236C9B698A
:10D9A000B3F5806F08D1638D13F0010F638DC3F35E
:10D9B0004E0318BF01336385226893680293029B6C
:10D9C00043F008030293029B93602268536843F478
:10D9D000806353602268536823F400635360638D4F
:10D9E00022689BB21032616A206CFCF7F7FB0020C2
:10D9F00023681A68D2075EBF1A6842F001021A60F3
:10DA0000226893680393039B43F043030393039BB0
:10DA100023F030030393039B9360002384F8493081
:10DA200004B070BD0220F8E70220F9E73154051276
:10DA3000E2520512DFDD021239E1021221E1021287
:10DA4000F0B5044687B000930F4616461D461346B0
:10DA50000A4601466E48FCF709FE636C23B940F2A2
:10DA600043616C4808F06EFD236C23B940F24461B9
:10DA7000684808F067FDA368032B04D040F24761B3
:10DA8000644808F05FFD94F84930012B00F0BE8037
:10DA90000123226884F8493093680293029B23F0A3
:10DAA0004F030293029B43F030030293029B936067
:10DAB00094F84A30012BDAB20AD06368002B40F0A8
:10DAC000A180A368032B40F09D80042A40F09A8037
:10DAD000002F00F09980002E00F09680002D00F0BD
:10DAE000938094F84A30626C042B1CBF052384F8A1
:10DAF0004A300023E364C4E90E33E3686585E02B14
:10DB000067622585E6622586658618D8236C9B6941
:10DB1000B3F5806F06D1638DE907C3F34E0348BFA9
:10DB2000013363859369B3F5806F08D1638E13F079
:10DB3000010F638EC3F34E0318BF013363860025C4
:10DB400094F84A30042B0BBF334B344B93639363ED
:10DB50000BBF636C636C324A324A5A63636C324A5D
:10DB6000DA63636C1D64226893680393039B43F03C
:10DB700004030393039B93602268536843F4006398
:10DB80005360638E2168E26A9BB21031606CFCF7CF
:10DB900025FB236C9D63236C5D63236CDD63236C29
:10DBA0001D64226893680493049B43F00803049364
:10DBB000049B93602268536843F401335360638D80
:10DBC00022689BB21032616A206CFCF707FB0020D0
:10DBD00023681A68D2075EBF1A6842F001021A6011
:10DBE000226893680593059B43F043030593059BC7
:10DBF00023F030030593059B9360002384F849309C
:10DC000007B0F0BD0220F8E70120F6E70220F7E7B1
:10DC10005C540512E2520512EBDD0212F7DD02122E
:10DC2000B1E102120DE2021221E102127FB50446B7
:10DC300013460E4615460A4601466348FCF716FD94
:10DC4000636C23B940F2B551604808F07BFCA368CF
:10DC5000032B14D1636893B9042384F84A30236CEE
:10DC600023B940F2BC51594808F06CFC2B463246AF
:10DC70003146204604B0BDE87040FFF7E1BE94F89D
:10DC80004930012B00F09E800123226884F849303E
:10DC900093680193019B23F04F030193019B43F091
:10DCA00030030193019B936094F84A30012BD8B262
:10DCB00040F08680002E7ED0002D7CD0042384F896
:10DCC0004A300023E364C4E90E3365862385638507
:10DCD000A368E662012B258620D12268536D43F0AC
:10DCE000020353656368CBB92268136823F001030C
:10DCF000136022681368C3F344136B439362226872
:10DD0000536A43F0010353622268536A43F00203EB
:10DD100053622268536A43F004035362E368626CFF
:10DD2000E02B0CD89369B3F5806F08D1638E13F0A4
:10DD3000010F638EC3F34E0318BF01336386244B78
:10DD40009363636C234A5A63636C234ADA63002249
:10DD5000636C1A64226893680293029B43F0040385
:10DD60000293029B93602268536843F400635360FC
:10DD70002268536823F480635360638E2168E26AEB
:10DD80009BB2606C1031FCF729FA002023681A68F6
:10DD9000D2075EBF1A6842F001021A6022689368D7
:10DDA0000393039B43F043030393039B23F030034C
:10DDB0000393039B9360002384F8493004B070BD43
:10DDC0000220F8E70220F9E79C540512E2520512FE
:10DDD000EBDD0212B1E1021221E10212704708B537
:10DDE000006BFFF7FBFF08BD704708B5006BFFF73E
:10DDF000FBFF08BD704708B5006BFFF7FBFF08BDD0
:10DE000013B5044601461A48FCF730FC39F074FE9D
:10DE1000216802468B6820460093009B23F04B0349
:10DE20000093009B43F030030093009B8B606421C0
:10DE3000FFF716F818B1E36C43F02003E364A3681E
:10DE4000032B08D10023019323681A6901924FF430
:10DE500080125A61019B012384F84A30E36C20460A
:10DE60001BB104F09BFF02B010BD04F08FFFFAE776
:10DE7000C6540512426A511C4162127801680A7444
:10DE8000428D013A92B24285438D9BB20BB9FFF7A6
:10DE9000B7BF7047416A026809881161426A02325D
:10DEA0004262428D013A92B24285438D9BB20BB9D8
:10DEB000FFF7A6BF7047000013B50446014614489B
:10DEC000FCF7D4FB226893680193019B23F047037E
:10DED0000193019B43F030030193019B936039F060
:10DEE0000BFE642102462046FEF774FF18B1E36C76
:10DEF00043F02003E364012384F84A30E36C2046B6
:10DF00001BB904F047FF02B010BD04F047FFFAE769
:10DF1000DC54051210B4C26A0168541CC462097C46
:10DF20001170428E013A92B24286438E9BB21BB967
:10DF30005DF8044BFFF7C0BF5DF8044B7047026803
:10DF40001169C26A1180C26A0232C262428E013A0B
:10DF500092B24286438E9BB20BB9FFF7ADBF7047BA
:10DF600013B5044601461A48FCF780FB39F0C4FD9E
:10DF7000216802468B6820460193019B23F04303EE
:10DF80000193019B43F030030193019B8B6064215B
:10DF9000FEF766FF18B1E36C43F02003E364E36C23
:10DFA0007BB994F84A302046042B4FF0010384F8E3
:10DFB0004A3003D104F0EEFE02B010BD04F0ECFED6
:10DFC000FAE70123204684F84A3004F0E7FEF3E73D
:10DFD000F2540512426A82B0511C41621278016803
:10DFE0000A74428D013A92B24285428D92B272B960
:10DFF00001688A680192019A22F008020192019A4E
:10E000008A60438E9BB213B902B0FFF7A9BF02B07A
:10E01000704717B4C26A0168541CC462097C11704D
:10E02000428E013A92B24286428E92B2A2B9016801
:10E030008A680192019A22F047020192019A42F005
:10E0400030020192019A8A60438D9BB223B903B0DA
:10E050005DF8044BFFF784BF03B05DF8044B7047D5
:10E06000426A0368128882B01A61436A02334362CB
:10E07000438D013B9BB24385438D9BB2002B2DD139
:10E08000026893680093009B23F008030093009BB1
:10E090009360438E9BB293B9438E9BB2F3B90268EF
:10E0A00093680193019B23F047030193019B43F085
:10E0B00030030193019B936002B0FFF751BF0368E7
:10E0C0005A695204E5D51A69C36A1A80C36A0233D1
:10E0D000C362438E013B9BB24386DAE702B07047CE
:10E0E000026882B01169C26A1180C26A0232C262D9
:10E0F000428E013A92B24286428E92B272B9016861
:10E100008A680192019A22F004020192019A8A60BF
:10E11000438D9BB213B902B0FFF722BF02B0704724
:10E1200008B5006BC36C43F01003C364012380F88F
:10E130004A3004F033FE08BD37B50546046B39F0AC
:10E14000DBFC2B6802461B689B062DD42168204609
:10E150008B680093009B23F043030093009B43F0E4
:10E1600030030093009B8B606421FEF779FE18B1A9
:10E17000E36C43F02003E364A368032B08D100237E
:10E18000019323681A6901924FF480125A61019B2E
:10E1900000236385012384F84A30E36C23B12046D1
:10E1A00004F0FCFD03B030BD204604F0EFFDF9E7BC
:10E1B00037B50546046B39F09FFC2B6802461B6897
:10E1C0009B061FD4216820468B680193019B23F096
:10E1D00043030193019B43F030030193019B8B6048
:10E1E0006421FEF7F7FD08B12023E3640023638672
:10E1F000012384F84A30E36C23B1204604F0CEFDBD
:10E2000003B030BD204604F0C5FDF9E737B505463B
:10E21000046B39F071FC2B6802461B689B0622D404
:10E22000216820468B680193019B23F043030193EF
:10E23000019B43F030030193019B8B606421FEF747
:10E240000FFE18B1E36C43F02003E3640023638501
:10E250006386012384F84A30E36C23B1204604F03E
:10E260009DFD03B030BD204604F096FDF9E70000A7
:10E2700070B5036804469E685D6986B005F4811335
:10E28000B3F5005F0BD1720709D5836B23B940F654
:10E290009101674808F056F92046A36B984705F4AA
:10E2A0008153202B0BD1330709D5E36B23B940F6FB
:10E2B00099015F4808F046F92046E36B98475D4BAB
:10E2C0001D4200F0A68016F0430F00F0A2802168E6
:10E2D000594B994200F0918003F58053C81A41428E
:10E2E000414149002B4632465448FCF7BFF9E90248
:10E2F0001ED594F84A302168032B00F082804E4BE3
:10E3000099427CD003F58053CA1A514251414900C9
:10E310004B48FCF7ABF9E36C43F00403E3640023E0
:10E32000019323681A6901924FF480125A61019B8C
:10E33000EB041BD594F84A302168042B6DD03E4B7A
:10E34000994268D003F58053CE1A71427141490059
:10E350003C48FCF78BF9E36C4FF4805243F08003A8
:10E36000E3640023039323685A61039B36492940E1
:10E3700039B13648FCF77AF940F6C9012C4808F063
:10E38000E1F8E36C002B44D00121226893680593E7
:10E39000059B23F04F030593059B43F03003059342
:10E3A000059B93602368244A84F84A10934204D062
:10E3B0002749581A4142414149005A682548FCF70B
:10E3C00055F923685A68510502D45A6812052BD5AD
:10E3D0005A6822F440625A60636C23B11E4A1A6480
:10E3E000606CFBF744FE236C9BB11B4A1A64206CE3
:10E3F00006B0BDE87040FBF73ABE012172E701218B
:10E4000086E7002302930B6902934FF480134B615C
:10E41000029B06B070BD01219AE7002304934FF4DC
:10E4200080534B61049BF4E7204604F0B7FCF0E70F
:10E43000E252051200101000005009500A55051252
:10E44000285505123C5505121C0020005155051297
:10E45000006009505E5505125DE4021208B5002304
:10E46000006B4386438504F099FC08BD90F84A0090
:10E470007047C06C70470000036A70B523F0010359
:10E480000362036A426884690D6824F4700424F00E
:10E4900003042C438D6823F002032B430A4DA8424A
:10E4A0000BD1CD6823F008032B4322F44072D1E94D
:10E4B0000556354323F004032A43426084614A68C9
:10E4C0004263036270BD00BF004000502DE9F0417F
:10E4D000036A044623F480730362056AD0F804805B
:10E4E000C3690A6823F4700323F0030343EA0207B5
:10E4F0008B6825F4007545EA03251A4B0E469842B1
:10E5000028D1CB6833F0080304D041F2B731164864
:10E5100008F018F8B36933F4007304D041F2B8314D
:10E52000114808F00FF8736933F4807304D041F296
:10E53000B9310D4808F006F8F36825F4006545EA9E
:10E54000032528F44058D6E90532134325F48065A5
:10E5500048EA0318C4F80480E7617368E36325623E
:10E56000BDE8F08100400050755505122DE9F041DD
:10E57000036A044623F480530362066AD0F80480D9
:10E58000C3690A6823F0704323F4407343EA022707
:10E590008B6826F4005646EA03360D4B0D4698422A
:10E5A0000DD14B6933F4807304D041F2FD31094839
:10E5B00007F0C8FF6B6928F4804848EA8318C4F85C
:10E5C0000480E7616B6823642662BDE8F08100BFC8
:10E5D00000400050755505127047000010B5164AEE
:10E5E0000368044693421AD002F50032934216D0D3
:10E5F000A2F5F032934212D002F5F83293420ED0D7
:10E600000E4A93420BD002F58052934207D00C4A37
:10E61000934204D04FF4A5710A4807F093FF226893
:10E620000020D36843F00103D3602268136843F0ED
:10E630000103136010BD00BF0000095000900040AE
:10E64000004000507555051210B51B4A036804467A
:10E6500093421AD002F50032934216D0A2F5F0325E
:10E66000934212D002F5F83293420ED0134A9342ED
:10E670000BD002F58052934207D0114A934204D046
:10E6800040F25F110F4807F05DFF2268D36823F066
:10E690000103D36041F211122368196A114208D1B3
:10E6A00040F24442196A114202BF1A6822F0010284
:10E6B0001A60002010BD00BF00000950009000400B
:10E6C00000400050755505127047000038B51C4ACF
:10E6D0000368044693420D461AD002F50032934275
:10E6E00016D0A2F5F032934212D002F5F8329342DE
:10E6F0000ED0144A93420BD002F58052934207D0B9
:10E70000114A934204D040F64571104807F01AFFB1
:10E710006B1EFE2B04D940F646710C4807F012FF21
:10E7200094F834300220012B09D0236884F8360095
:10E730005D610020012384F8340084F8363038BD50
:10E74000000009500090004000400050755505122F
:10E7500038B590F834300446012B0D464FF00200D6
:10E7600031D0012384F8360084F834300B68B3F5D7
:10E77000805F0CD0B3F5005F09D033F0300306D0D2
:10E78000402B04D040F6D9718A4807F0DBFE22689E
:10E79000936823F47F2323F4776393602B68502BD3
:10E7A00000F0108155D8202B00F0BD810CD8002B33
:10E7B00000F08981102B00F09E810123002084F855
:10E7C000363084F8340038BD302B00F0C481402B43
:10E7D000F3D12368784A93420CD002F50032934279
:10E7E00008D0A2F52C22934204D041F234017148A2
:10E7F00007F0A8FE6B68B3F5004F09D033F00202B2
:10E8000006D00A2B04D041F237016A4807F09AFE7D
:10E81000EB680F2B04D941F23801664807F092FEED
:10E8200023686968186A1A6AED6822F001021A62A0
:10E830009A6920F00A0022F0F00242EA0512014330
:10E840009A6119622268936823F0700343F04703CA
:10E85000AEE0B3F5805F00F0888045D8602B00F013
:10E86000F180702BA9D12368534A934208D002F556
:10E870000032934204D040F6EE714E4807F062FE3B
:10E880006B68B3F5004F09D033F0020206D00A2BB3
:10E8900004D04FF47F61474807F054FEAB6833F46F
:10E8A000405304D040F6F171424807F04BFEEB684C
:10E8B0000F2B04D940F6F2713E4807F043FED5E92C
:10E8C0000103216803438A68E86822F47F4243EA2F
:10E8D000002313438B602268936823F4702323F092
:10E8E000700343F0770363E0B3F5005F7FF465AF37
:10E8F0002368314A934208D002F50032934204D093
:10E9000041F206012B4807F01DFE6B68B3F5004F7E
:10E9100009D033F0020206D00A2B04D041F20801DC
:10E92000244807F00FFEAB6833F4405304D041F2A3
:10E930000901204807F006FEEB680F2B04D941F2CD
:10E940000A011C4807F0FEFDD5E9010321680343D5
:10E950008A68E86822F47F4243EA002313438B600D
:10E960002268936843F4804322E02368124A93426A
:10E970001AD002F50032934216D0A2F5F03293423B
:10E9800012D002F5F83293420ED00C4A93420BD0CB
:10E9900002F58052934207D0094A934204D040F6D0
:10E9A000E571044807F0CEFD2268936823F47023D4
:10E9B000936002E775550512000009500090004071
:10E9C000004000502368704A93420CD002F5003298
:10E9D000934208D0A2F52C22934204D041F21801B0
:10E9E0006A4807F0AFFD6B68B3F5004F09D033F00C
:10E9F000020206D00A2B04D041F21B01634807F043
:10EA0000A1FDEB680F2B04D941F21C015F4807F010
:10EA100099FD23686968186A1A6AED6822F0010294
:10EA20001A629A6920F00A0022F0F00242EA051206
:10EA300001439A6119622268936823F0700343F0DE
:10EA40005703B5E72368504A93420CD002F50032D1
:10EA5000934208D0A2F52C22934204D041F2260121
:10EA60004A4807F06FFD6B68B3F5004F09D033F0EB
:10EA7000020206D00A2B04D041F22901434807F0D4
:10EA800061FDEB680F2B04D941F22A013F4807F0E2
:10EA900059FD236868681A6AED6822F010021A624C
:10EAA00099691A6A21F4704122F0A00242EA001228
:10EAB00041EA053199611A622268936823F0700374
:10EAC00043F0670374E723682F4A93420CD002F5A2
:10EAD0000032934208D0A2F52C22934204D041F296
:10EAE00042012A4807F02EFD2268936823F0700344
:10EAF00043F007035CE72368234A93420CD002F5F6
:10EB00000032934208D0A2F52C22934204D041F265
:10EB100048011E4807F016FD2268936823F0700331
:10EB200043F0170344E72368174A93420CD002F5D9
:10EB30000032934208D0A2F52C22934204D041F235
:10EB40004E01124807F0FEFC2268936823F0700320
:10EB500043F027032CE723680B4A93420CD002F5BD
:10EB60000032934208D0A2F52C22934204D041F205
:10EB70005401064807F0E6FC2268936823F070030E
:10EB800043F0370314E700BF000009507555051224
:10EB9000704770477047012310B5046BE26984F831
:10EBA0003630824206D123752046FFF7F3FF00235B
:10EBB000237510BD236A834201D10223F3E7636A00
:10EBC000834201D10423EEE7A36A8342ECD10823F8
:10EBD000E9E77047704708B50123006B80F83630CD
:10EBE000FFF7F8FF08BD00000E4A0368904207D007
:10EBF00002F50032904203D0A2F52C22904203D1BC
:10EC00004A6823F07003134303608B68C3620B6888
:10EC10008362054B984204BFCB68036301234361C1
:10EC2000704700BF000009500040005010B5044676
:10EC3000002877D002683C4B9A4202D11B2038F062
:10EC4000EFFE2268394B9A4202D11C2038F0E8FED0
:10EC50002268374B9A4202D1462038F0E1FE226802
:10EC6000344B9A4202D1202038F0DAFE2268324B2F
:10EC70009A4202D1212038F0D3FE22682F4B9A42CB
:10EC800002D1222038F0CCFE22682D4B9A4202D1CC
:10EC9000232038F0C5FE2368234A934219D002F599
:10ECA0000032934215D0A2F5F032934211D002F512
:10ECB000F83293420DD0214A93420AD002F5805295
:10ECC000934206D01A4A934203D0BE211D4807F052
:10ECD00039FCA36833F0100205D0602B03D0BF21AC
:10ECE000184807F02FFC94F8363003F0FF0223B9E0
:10ECF000204684F83420FFF76FFC0223206884F854
:10ED00003630211DFFF770FF6FF0010223680020ED
:10ED10001A612268136843F004031360012384F826
:10ED2000363010BD0120FCE70000095000000B50F8
:10ED3000004000500020095000100B50009000408F
:10ED400000A000407555051210B5044600283FD0BC
:10ED50000368204A93421AD002F50032934216D03B
:10ED6000A2F5F032934212D002F5F83293420ED05F
:10ED7000194A93420BD002F58052934207D0174AAA
:10ED8000934204D04FF47671154807F0DBFBA3687B
:10ED900033F0100206D0602B04D040F2D931104875
:10EDA00007F0D0FB94F8363003F0FF0223B9204679
:10EDB00084F83420FFF788FC0223206884F836307A
:10EDC000211DFFF711FF0123002084F8363010BD0C
:10EDD0000120FCE700000950009000400040005076
:10EDE000755505122DE9F041036A044623F010031E
:10EDF0000362056AD0F8048083690A6823F07043CF
:10EE000023F4407343EA02278B6825F0200545EA86
:10EE10000315114B0E46984216D1CB6833F0080308
:10EE200004D041F281210D4807F08CFBF36825F0F6
:10EE3000800545EA031528F44068D6E905231A43FE
:10EE400025F0400548EA8208C4F80480A761736889
:10EE5000A3632562BDE8F08100400050755505129E
:10EE600070B590F834300446012B0D46164600F07C
:10EE70009F800123182A80F8343003D84D4BD340AB
:10EE8000DB0704D440F6B3414B4807F05BFB2B682B
:10EE9000B3F5C00F07D0B3F5700F04D040F6B441FE
:10EEA000454807F04FFBAB6833F0020304D040F64F
:10EEB000B541414807F046FB0223082E84F836305E
:10EEC0005BD009D826B3042E3DD00123002084F85E
:10EED000363084F8340070BD0C2EF6D12368374AE2
:10EEE00093420CD002F50032934208D0A2F52C22B6
:10EEF000934204D04FF44E612F4807F023FB29467C
:10EF00002068FFF733FB2268D36943F000634DE0CC
:10EF100023682A4A93420CD002F50032934208D06B
:10EF2000A2F52C22934204D040F6BE41224807F0BD
:10EF300009FB29462068FFF79FFA2268936943F48A
:10EF400000239361C1E723681C4A93420CD002F569
:10EF50000032934208D0A2F52C22934204D040F60E
:10EF6000C941154807F0EEFA29462068FFF73AFF35
:10EF70002268936943F00063E3E723680F4A9342F2
:10EF80000CD002F50032934208D0A2F52C22934215
:10EF900004D040F6D441084807F0D4FA2946206846
:10EFA000FFF794FA2268D36943F40023D3618CE716
:10EFB000022090E71111000175550512000009505B
:10EFC000144B70B5984204460E4615460CD003F516
:10EFD0000033984208D0A3F52C23984204D041F284
:10EFE00028310D4807F0AEFA182E03D80B4BF3402A
:10EFF000DB0704D441F22931074807F0A3FA0122C4
:10F00000236AB24023EA02032362236AB5401D4308
:10F01000256270BD000009507555051211110001DF
:10F0200038B5184A0368054693420C4603D002F5EA
:10F03000003293421FD10C2C04D841F21113E3404B
:10F04000DB0704D44FF487610F4807F07BFA286888
:10F0500001222146FFF7B4FF2B680C4A002093429F
:10F0600002BF5A6C42F400425A642A68136843F0A3
:10F070000103136038BD054A9342E3D11429E1D856
:10F08000034BDCE7000009507555051200400050A5
:10F090001111110038B5244A0368044693420D4605
:10F0A00003D002F50032934236D10C2D04D841F240
:10F0B0001113EB40DB0704D440F259411B4807F021
:10F0C00041FA002229462068FFF77AFF2368184A90
:10F0D00093420DD141F21112196A114208D140F246
:10F0E0004442196A114202BF5A6C22F400425A6427
:10F0F00041F211122368196A114208D140F24442C8
:10F10000196A114202BF1A6822F001021A60012333
:10F1100084F83630002038BD054A9342CCD11429FA
:10F12000CAD8044BC5E700BF000009507555051249
:10F130000040005011111100F8B516461F46494A0B
:10F140000368044693420D4603D002F50032934211
:10F1500035D10C2D04D841F21113EB40DB0704D458
:10F1600040F20551404807F0EDF994F83630022B93
:10F17000D8B223D094F83630012BD8B204D106B9D6
:10F18000E7B9022384F83630082D58D01ED8002D58
:10F1900030D0042D41D0012220682946FFF710FF0E
:10F1A00000202368314A934202BF5A6C42F4004265
:10F1B0005A642268136843F001031360F8BD2B4AB8
:10F1C0009342CDD11429CBD8294BC6E70C2DE2D1DF
:10F1D000A36A284A31465A63A36A274ADA63226837
:10F1E0003B464032A06AFAF7F9FF2268D36843F43D
:10F1F000805310E0E3691F4A31465A63E3691E4AAF
:10F20000DA6322683B463432E069FAF7E7FF2268A6
:10F21000D36843F40073D360BDE7236A154A3146CF
:10F220005A63236A144ADA6322683B463832206AFA
:10F23000FAF7D4FF2268D36843F48063EBE7636A8C
:10F240000C4A31465A63636A0B4ADA6322683B46CA
:10F250003C32606AFAF7C2FF2268D36843F4006365
:10F26000D9E700BF00000950755505120040005055
:10F270001111110097EB0212D7EB0212F8B51646E6
:10F280001F46324A0368044693420D4603D002F5F6
:10F290000032934240D10C2D04D841F21113EB40BF
:10F2A000DB0704D440F27D51294807F04BF994F86C
:10F2B0003630022BD8B22ED094F83630012BD8B28B
:10F2C00004D106B93FBB022384F83630A369214A32
:10F2D000082D5A63A369204ADA63226832D022D803
:10F2E00035B3042D2BD022682946D36843F48073AC
:10F2F000D36020680122FFF763FE00202368174ACD
:10F30000934202BF5A6C42F400425A642268136866
:10F3100043F001031360F8BD104A9342C2D114298F
:10F32000C0D80F4BBBE70C2DDDD13B46403201E08E
:10F330003B4634323146A069FAF750FFD3E73B46EB
:10F340003832F7E73B463C32F4E700BF0000095093
:10F350007555051297EB0212D7EB021200400050D0
:10F360001111110038B5364A0368054693420C4620
:10F3700003D002F50032934243D1082C5AD04AD828
:10F38000002C38D0042C50D040F2DA512D4807F030
:10F39000D9F8082C4ED045D8002C2CD0042C44D0C1
:10F3A000002221462868FFF70BFE2B68264A93426D
:10F3B0000DD141F21112196A114208D140F24442B2
:10F3C000196A114202BF5A6C22F400425A6441F297
:10F3D00011122B68196A114208D140F24442196A8D
:10F3E000114202BF1A6822F001021A60012385F857
:10F3F0003630002038BD2A68D36823F40073D36008
:10F40000CEE7114A9342BFD1082913D0B8D921F0D1
:10F410000403102BC4D00C2CB6D12A68D36823F473
:10F420008053ECE70C2CF8D0BAE72A68D36823F4B1
:10F430008063E4E72A68D36823F40063DFE700BF52
:10F4400000000950755505120040005038B5264A95
:10F450000368044693420D4603D002F500329342FE
:10F460003BD10C2D04D841F21113EB40DB0704D43F
:10F470004FF4C4611D4807F065F822682946D36837
:10F4800023F48073D36020680022FFF799FD23687E
:10F49000174A93420DD141F21112196A114208D153
:10F4A00040F24442196A114202BF5A6C22F40042EF
:10F4B0005A6441F211122368196A114208D140F2CC
:10F4C0004442196A114202BF1A6822F001021A600E
:10F4D000012384F83630002038BD054A9342C7D155
:10F4E0001429C5D8034BC0E7000009507555051213
:10F4F00000400050111111007047704710B50368AB
:10F5000004461A6991070FD5DA6892070CD56FF097
:10F5100002021A610123037503689B699B0779D076
:10F52000FFF737FB0023237523681A69500711D5AD
:10F53000DA6851070ED56FF004021A6102232375B1
:10F54000236820469B6913F4407F69D0FFF721FBB5
:10F550000023237523681A69120710D5DA6810078B
:10F560000DD56FF008021A61042323752368204625
:10F57000DB6999075AD0FFF70CFB0023237523683A
:10F580001A69D20611D5DA68D0060ED56FF01002CE
:10F590001A610823237523682046DB6913F4407F32
:10F5A0004AD0FFF7F6FA0023237523681A69D107BA
:10F5B00008D5DA68D20705D56FF0010220461A6136
:10F5C00002F07AFD23681A69100608D5DA68110678
:10F5D00005D56FF0800220461A61FFF78EFF236881
:10F5E0001A69520608D5DA68500605D56FF0400250
:10F5F00020461A61FFF7EDFA23681A69910608D5CB
:10F60000DA68920605D56FF0200220461A61FFF7EE
:10F6100073FF10BDFFF7BCFA2046FFF7BBFA81E786
:10F62000FFF7B6FA2046FFF7B5FA91E7FFF7B0FA11
:10F630002046FFF7AFFAA0E7FFF7AAFA2046FFF748
:10F64000A9FAB0E710B50424036A01F01F018C4049
:10F6500023EA04030362036A8A401A43026210BD6C
:10F6600038B50446002200680D46FFF7EBFF41F273
:10F6700011122368196A114208D140F24442196AF2
:10F68000114202BF5A6C22F400425A6441F2111234
:10F690002368196A114208D140F24442196A1142A2
:10F6A00002BF1A6822F001021A6001231DB984F812
:10F6B0003D30002038BD042D02D184F83E30F8E7FB
:10F6C000082D0CBF84F83F3084F84030F1E700008B
:10F6D00010B50223044641BB80F83D300422206867
:10F6E000FFF7B0FF2268536C43F400435364236870
:10F6F000144A934212D002F5003293420ED0A2F582
:10F70000F03293420AD002F5F832934206D00E4A04
:10F71000934203D002F58052934200D19A681A684E
:10F72000002042F001021A6010BD042902D180F8C5
:10F730003E30D3E708290CBF80F83F3080F84030D6
:10F74000CCE700BF0000095000900040FFF788BFE1
:10F7500030B5054695F834300068012B3AD00123C6
:10F7600085F83430CB68C3F309040B6844EAC374EA
:10F770004B689B0703F080431C438B6A9A03CB6A58
:10F7800002F480422243DC028B6904F400641443D7
:10F790001A040B6902F4702222431C034B6904F41F
:10F7A000805414435A034B6A02F4005222431C054E
:10F7B000CB6904F4700414431A060B6A02F08072D9
:10F7C0005B06224303F0007313434364002085F873
:10F7D000340030BD0220FCE70268136823F4907304
:10F7E00013600268936823F001039360202380F87C
:10F7F00072300023036670477047000038B5134627
:10F8000090F871200446202A33D100292FD0002BF4
:10F810002DD090F87020012A2BD00122002580F8ED
:10F8200070202122A0F85230C1644567124980F847
:10F830007120826EA0F850305163826E0F4991633F
:10F84000826E0F49D163826E15640268C16C2832E2
:10F85000806EFAF7C3FC4022284623681A622268A9
:10F8600084F87050936843F08003936038BD0120A2
:10F87000FCE70220FAE700BF9FF90212D1F9021259
:10F8800023FA021238B5134690F872200446202A53
:10F8900038D1002934D0002B32D090F87020012AC2
:10F8A00030D00122002580F8702022224165456772
:10F8B000154980F87220C26EA0F858305163C26EAC
:10F8C00012499163C26E1249D163C26E1564016818
:10F8D000426D2431C06EFAF781FC2846226884F814
:10F8E0007050136843F4807313602268936843F088
:10F8F000010393602268936843F04003936038BD2E
:10F900000120FCE70220FAE7DBF9021219FA0212E1
:10F9100023FA02122DE9F0411646D0E91A240546D1
:10F9200088461F4663B300231446194600228020F0
:10F93000C4E90522C4E90320C4E907312046A760D1
:10F94000FAF716FB20B140F26E51134806F0FAFDAB
:10F950002046FAF785FA20B140F271510E4806F0C0
:10F96000F1FD41462846B2B277B9FFF78BFF20B1CF
:10F9700040F27751084806F0E5FD0020BDE8F0812F
:10F9800020234FF48051D1E7FFF738FF0028F4D04F
:10F9900040F27C51EEE700BFA9550512704708B54B
:10F9A00003461B68006B1B6813F020030CD1026830
:10F9B000A0F85230936823F08003936002681368C4
:10F9C00043F04003136008BDFFF7E8FFFBE7704713
:10F9D00008B5006BFFF7FBFF08BD08B503461B68C1
:10F9E000006B1B6813F0200313D10268A0F85A3093
:10F9F000136823F4807313600268936823F0010393
:10FA000093600268936823F040039360202380F89A
:10FA1000723002F0AFF808BD08B5006B02F07EF856
:10FA200008BD08B5006B90F87130212B0DD103682B
:10FA30009A68120609D50022A0F852201A6822F00E
:10FA4000C0021A60202380F8713090F87230222BA7
:10FA500008D103689B685B0604D50023A0F85A30E0
:10FA6000FFF7BAFE436F43F01003436702F090F8CC
:10FA700008BD704710B502680446136823F0C00340
:10FA800013600268936813F0800310D0936823F02A
:10FA900080039360836E53B1094A1A64806EFAF74B
:10FAA000E6FA10B1A06E036C9847002010BDA4F8D0
:10FAB00052306366202384F87130FFF7DAFFF4E7F1
:10FAC000C5FA021208B50023006BA0F852302023BB
:10FAD00080F87130FFF7CDFF08BD704710B50268A0
:10FAE0000446136823F4907313600268936823F04C
:10FAF000010393600268936813F0400321D0936878
:10FB000023F040039360C36E53B1114A1A64C06E70
:10FB1000FAF7ADFA10B1E06E036C9847002010BD03
:10FB20000F22A0F85A30436503681A62026893698D
:10FB300043F008039361202384F87230FFF7CDFF70
:10FB4000ECE7A0F85A3043650F231362F3E700BFD8
:10FB500055FB021208B500230F22006BA0F85A30A3
:10FB600003681A620268936943F0080393612023D3
:10FB700080F87230FFF7B1FF08BD000010B5394BB7
:10FB8000426804469A4204D940F6D211364806F03B
:10FB9000D9FCA36833F0C05304D040F6D3113248E7
:10FBA00006F0D0FCE36833F4405304D040F6DA1199
:10FBB0002D4806F0C7FC236A33F4006304D040F6F6
:10FBC000DB11294806F0BEFC236933F4806207D0BC
:10FBD000B3F5C06F04D040F6DE11234806F0B2FC46
:10FBE000636933F00C0200D123B940F6DF111E48DF
:10FBF00006F0A8FCA36933F4407304D04FF41E61EF
:10FC0000194806F09FFCE36933F4804304D040F6C2
:10FC1000E111154806F096FC2269A3682168134398
:10FC2000626908681343E2691343104A02401343B0
:10FC30000B602268E168536823F440530B43536020
:10FC4000206AA3692168034300208A6822F4306295
:10FC500013438B602268D36A23F0F003D362C4E9B4
:10FC6000180010BD80969800A9550512F3B9FFE75A
:10FC700010B5436A0446FF2B04D940F611215348BE
:10FC800006F060FC636AD8070FD5A36A33F400332B
:10FC900004D040F616214D4806F054FC2268A16AB3
:10FCA000536823F400330B435360636A99070FD5FD
:10FCB000E36A33F4803304D040F61D21434806F054
:10FCC00041FC2268E16A536823F480330B4353609C
:10FCD000636A5A070FD5236B33F4802304D040F6B0
:10FCE00024213A4806F02EFC2268216B536823F445
:10FCF00080230B435360636A1B070FD5636B33F498
:10FD0000004304D040F62B21304806F01BFC22684B
:10FD1000616B536823F400430B435360636AD80656
:10FD20000FD5A36B33F4805304D040F6322127481B
:10FD300006F008FC2268A16B936823F480530B4300
:10FD40009360636A99060FD5E36B33F4005304D0D4
:10FD500040F639211D4806F0F5FB2268E16B9368F7
:10FD600023F400530B439360636A5A061AD5236C3D
:10FD700033F4801304D040F64121144806F0E2FB2E
:10FD80002268216C536823F480130B435360236C67
:10FD9000B3F5801F06D12268616C536823F4C00359
:10FDA0000B435360636A1B060FD5A36C33F4002327
:10FDB00004D040F64E21054806F0C4FB2268A16C31
:10FDC000536823F400230B43536010BDA95505125B
:10FDD00010B50446002870D00268394B9A4202D10F
:10FDE000082037F01DFE2268364B9A4202D10920C6
:10FDF00037F016FE2268344B9A4202D10A2037F0BF
:10FE00000FFE2268314B9A4202D10B2037F008FED8
:10FE100094F8713003F0FF0223B9204684F8702073
:10FE2000FFF7EAFC2423226884F871301368204627
:10FE300023F001031360FFF7A1FE636A13B12046AC
:10FE4000FFF716FF2268536823F49043536022683B
:10FE5000936823F02A0393602268136843F0010338
:10FE6000136061681A4B2268B3FBF1F30F2B19D8AA
:10FE7000184BB3FBF1F3116841F480411160216824
:10FE8000CA6A22F00F0242F00202CA62226800200F
:10FE9000D3602023606784F8700084F8713084F8A0
:10FEA000723010BD116821F4804111602168CA6A66
:10FEB00022F00F0242F00602E7E70120F1E700BF5F
:10FEC00000500850006008500050004000600040A2
:10FED000006CDC0200D8B80538B50023CD5CFF2DDE
:10FEE00001D1002413E0CC18032D647806D0E51866
:10FEF00002359542F5DA02342344EFE73CB1042C95
:10FF0000A8BF04240233224619441BF06FF9E0B263
:10FF100038BD00002DE9F04104461046914A56686C
:10FF200011B90020BDE8F0810028FADD8E4B1D7864
:10FF3000002DF6D0042C79D10D28F2DD546893F809
:10FF400004C0E4B2072C874C18BF52686268DFF81F
:10FF50001482D2B2072A18BF62685A79120202F4D8
:10FF600070624CEA020CA1F800C09D795A792D010B
:10FF700005F0100545EA12158D80DF799A79FF01A9
:10FF800007F4786747EA52074F801C7ADA79E40071
:10FF900004F0180444EA5214CC805A7A1E7A920172
:10FFA00002F47C6242EA96020A819E7A93F809E0A2
:10FFB000B60006F03C0646EA9E1605EB850504EB06
:10FFC000840406EB860605EB850504EB840406EB4A
:10FFD0008606AD00A400B6008D80CC804E81D8F896
:10FFE00004E05FFA8EFEBEF1070F06D0D8F804E0F9
:10FFF0005FFA8EFEBEF10F0F08D193F811E0CEF339
:020000041203E5
:10000000C00E81F80CE05B7C1B094B73BCF1000F48
:1000100087D0002D85D0002F83D0002C81D0002ADE
:100020003FF47FAF002E3FF47CAF7BE7062C79D105
:100030000D287FF776AF5468E4B2072C494C18BFFF
:1000400052686268D2B2072A03D06268D2B20F2A1D
:1000500003D1C6F30722042A1CD0424C6268D2B2F4
:10006000072A00D0626805F007050D701A78C2F300
:10007000C0044C705C78120904F00F0524098A70E2
:10008000CD700C715C7B24090C739C7B04F00F0415
:100090004C7315E01A7D02F007020A701A7DC2F354
:1000A000C0024A701A7D12098A705C7D04F00F0448
:1000B000CC705C7D24090C711C7FC4F3C3040C73E9
:1000C000284D6C68E4B2072C0FD06C68E4B20F2C9A
:1000D0000BD09C7824098C71DC7804F00F05CD716D
:1000E000C4F30215E4090D724C721E4C6568EDB242
:1000F000072D03D06568EDB20F2D07D16568EDB20D
:10010000072D03D06468E4B20F2C03D19B7803F071
:100110000F034B71002A3FF404AF0B7B002B3FF41D
:1001200000AFFFE6152C7FF4FCAE07287FF7F9AE91
:100130009A7A12090A70DA7A02F03F024A701A7B40
:10014000DC7A920002F01C0242EA94128A701A7B56
:10015000D208CA709A7BDB7B1B0143EA12130B7136
:10016000E0E600BF00B00050A09B002000487047B0
:10017000C09C002030B597B0FAF72AF90446002851
:1001800040F0878037F074FC0A2037F071FC2022A1
:100190002146424837F054FC20224FF480703F49FA
:1001A000FAF770F9202876D1FCF7FAFA37F0CCFB91
:1001B0002C22054621460DEB020037F041FC05F1EB
:1001C0007043B3F1007F3FD2354B0A930AA837F052
:1001D00087FC18B1F921334806F0B4F920234FF415
:1001E000805102AA0AA837F0D3FB002803DCFE21C5
:1001F0002C4806F0A7F94FF480734FF400512A4AB7
:100200000AA837F0C5FB002804DC40F2031125489A
:1002100006F098F94FF480734FF44051234A0AA82E
:1002200037F0B6FB041E04DC40F207111D4806F04F
:1002300089F9224602A901A8FFF74EFE88B101986C
:1002400000BB002017B030BD05F16E45B5F1606F01
:1002500001D2174BB9E7F72112480A9406F072F958
:10026000B4E74FF48072104901A8FFF735FE00286B
:10027000E5D14FF480720D4901A8FFF72DFE00284B
:10028000DFD0DCE740F2FF339842DAD037F07CFB76
:10029000D7E70120D6E70220D4E700BFA09B0020CB
:1002A00000100450DE550512C09C0020C09B0020A9
:1002B0000020045008B5064A0648136A43F000536C
:1002C000136208F01BF9044809F02CFE002008BD59
:1002D00000B000506D03031265040312F0B52DED5C
:1002E000028B16461E4A044693420D4607EE903A8C
:1002F00085B015D9F8EE677A9FED1A7A4D2787EE0B
:10030000878ACCB918EE100A24F056F800970246F6
:100310000B46304608F030F805B0BDEC028BF0BD5E
:10032000B3F57A7FB8EEE78A23BFDFED0F7A4B276C
:1003300088EE278A2027E4E720461AF0CDFF2D1A01
:10034000012DE9D9044418EE100A029724F034F87C
:100350003246CDE900012946204607F0DBFFDBE706
:100360003F420F000024744900007A4410B5064C47
:10037000236A5B0006D4022037F0DAFA236A43F0DE
:100380008053236210BD00BF00B0005001282DE94A
:10039000F04180460C4607DD4E682B4831461AF086
:1003A000E9FD20B9F8F7ACF80020BDE8F08131464E
:1003B00026481AF0DFFD10B9F8F712F9F4E73146D4
:1003C00023481AF0D7FD10BBA06818F095FBC0B207
:1003D00018B1022037F0ACFAE6E7EFF310850123FD
:1003E00083F310881B4C237823B940F29B311A48C1
:1003F00006F0A8F82378013BDBB2237023B9174A33
:10040000D36A23F00103D36285F31088CCE730462A
:100410001AF062FF04F1080704EB88044FF020088B
:100420003518A74206D130460D4919F04BFCBBE701
:1004300005F8018B2B7838680BB98542F8D31AF090
:100440004BFF04370544ECE7967905121256051266
:1004500016560512F88200201D56051200000C5099
:100460007176051210B5064C236A5B0006D4022093
:1004700037F05EFA236A43F080532362012010BDF7
:1004800000B0005008B507F06BF9094807F074FF99
:10049000084807F071FF084807F06EFF40F2691244
:1004A0000649074808F030F8BDE8084007F06EB983
:1004B000565605125F560512717605129CC7051235
:1004C000636C051230B599B0044603A80D4606F0DA
:1004D00007F807A806F050F80BA806F021F84FF02F
:1004E000805037F065FA0F904FF0905037F0E4FAF3
:1004F00010906F4806F0A2FB0146002800F08680AD
:1005000000231793038B1A070AD5172114AA06F0A4
:1005100007FD28B140F215226649674807F0F4FF4D
:1005200024B12A460021204637F08AFA294620467F
:10053000039B624AFFF7D2FE29462046049B604A8D
:10054000FFF7CCFE29462046059B5E4AFFF7C6FE14
:1005500029462046069B5C4AFFF7C0FE29462046F6
:10056000079B5A4AFFF7BAFE29462046089B544A81
:10057000FFF7B4FE29462046099B524AFFF7AEFE1C
:10058000294620460A9B504AFFF7A8FE29462046E6
:100590000B9B4F4AFFF7A2FE294620460C9B484A78
:1005A000FFF79CFE0023294620464A4AFFF796FEA5
:1005B000294620460F9B484AFFF790FE29462046D1
:1005C000109B464AFFF78AFE29462046179B444A5D
:1005D000FFF784FEFCB99DF85230BDF85620BDF8F7
:1005E0005410404807F0C8FE9DF85330DB0730D563
:1005F00024BB3D4807F0C0FE9DF85030052B33D09A
:10060000082B42D0002C4BD138482FE0102214A8E0
:1006100037F016FA84E720461AF05EFE291A0129FF
:10062000E2D99DF852302F4A0193BDF8563020444C
:100630000093BDF8543007F06DFED5E720461AF060
:100640004BFE291A0129D7D9274A204407F062FE18
:10065000D2E70CB92648CDE720461AF03DFE291A0C
:100660000129C9D9224AF0E724B9224807F084FEBB
:1006700019B030BD20461AF02FFE291A0129F7D9EA
:100680001C4A204407F046FEF2E70CB91A48EDE791
:1006900020461AF021FE291A0129E9D9164AF0E765
:1006A00020461AF019FE291A0129E1D90F4AE8E774
:1006B0006F5605128EC70512735605128156051224
:1006C00099560512A9560512BA560512CB560512AF
:1006D000E4560512FE560512075705121757051264
:1006E0002757051242570512535705127A5705121C
:1006F0005F5705126A5705127257051208B506486A
:1007000007F03AFE00210846FFF7DCFE034807F039
:1007100033FE002008BD00BF885705127176051210
:1007200008B507F01DF8F9F7F3FDBDE8084007F03C
:100730002DB808B507F014F8F9F7F0FDBDE808404A
:1007400007F024B808B507F00BF8F9F7EDFDBDE8A0
:10075000084007F01BB808B507F002F8F9F7EAFD02
:10076000BDE8084007F012B808B506F0F9FFF9F740
:10077000E7FDBDE8084007F009B808B506F0F0FF4E
:10078000F9F7E4FDBDE8084007F000B808B506F049
:10079000E7FFF9F7E1FDBDE8084006F0F7BF08B54F
:1007A00006F0DEFFF9F7DEFDBDE8084006F0EEBF1B
:1007B00008B506F0D5FFF9F7DBFDBDE8084006F007
:1007C000E5BF08B506F0CCFFF9F7D8FDBDE8084055
:1007D00006F0DCBF08B506F0C3FFF9F7D5FDBDE8AC
:1007E000084006F0D3BF08B506F0BAFFF9F7D2FD0E
:1007F000BDE8084006F0CABF08B506F0B1FFF9F73A
:10080000CFFDBDE8084006F0C1BF08B506F0A8FF5F
:10081000F9F7CCFDBDE8084006F0B8BF08B506F012
:100820009FFFF9F7C9FDBDE8084006F0AFBF08B566
:1008300006F096FFF9F7C6FDBDE8084006F0A6BF32
:100840002DE9F84FDDF828800E469A46144637F019
:1008500073F80C2705460023DFF8C890DFF8C8B00E
:10086000B9F80010994235DC202905D140F2E11297
:100870002849294807F048FE0C23B9F800707B434B
:100880003BF90330013305D040F2E31221492348FC
:1008900007F03AFE0C235F430BEB07022BF80760CF
:1008A0005388C4F30D046FF30E039F2E44EA030430
:1008B000B9F80030C2F804A05480C2F80880C8BF5C
:1008C000174A03F10103A9F80030C2BF13880133AE
:1008D000138014E007FB03F00BEB00023BF9000070
:1008E000B04201D00133BDE7536853450CD1538862
:1008F000C3F30D03A34207D19368434504D12846AF
:1009000037F076F8002003E0284637F071F807202A
:10091000BDE8F88F42C80512AD570512D157051230
:10092000249E0020269E002068870020F8B50C46F3
:1009300037F002F8002105460C221D4E1D4F33886A
:100940008B4204DC284637F053F80020F8BD02FB48
:1009500001F000EB070C385EA04201D00131EFE757
:10096000013B8B421EBF02FB037207CA8CE80700E3
:100970000C225343FA58F91802F000426FEA12426F
:100980006FEA0242FA5000239F2CC1E901330BDDCC
:10099000094C23882BB94FF405720849084807F021
:1009A000B3FD2388013B23803388013B3380C9E7B3
:1009B000269E002068870020249E002057C805122C
:1009C000E157051210B50446054807F0D5FC21464D
:1009D000044807F0D1FCBDE81040034807F0CCBC48
:1009E000F957051208580512717605122DE9F043E2
:1009F0005F2805466C4C87B01FFA80F929DC01237B
:100A0000DFF8F4810E3005AA0DF1160137F034F845
:100A10009DF814300646052B96BF644A644F52F881
:100A20002370A04540F081805FFA89F840460DF1BF
:100A3000150136F0CDFF08B35E4807F09DFC49462E
:100A40005D4807F099FC5D4807F096FC07B0BDE8EB
:100A5000F0839F28D2BFA9F16009A9F1A009A0469F
:100A60004FF00003DDBFDFF8948123381FFA89F9C6
:100A7000A5F15F00C8BF1FFA89F9C4E79DF81530DA
:100A8000002B50D14FF00C0C4D4A14884D4A9C421B
:100A900001D8002411E00CFB03F18818515EA94233
:100AA00001D00133F3E74488C4F30D04042C33D898
:100AB000240504F1805404F58814404636F048FFBC
:100AC000414B81469C424DD041D8112C4DD036D857
:100AD000002C4DD03D4A3E4B012C14BF9046984609
:100AE00000240C22364B37491B88A34249DC4FD0E7
:100AF000304807F041FC0C22324B294602FB0433FC
:100B00009A68344803925B683246CDE901830097C6
:100B10004B4607F031FC96E740F247422E492F48FA
:100B200007F0F2FCB5E70124C7E74946404636F036
:100B3000AFFF49460446404636F086FFC0E7284AE4
:100B40002249284B944214BF88469846C8E7264B52
:100B50009C4210D003F580139C420FD0234A1B49BE
:100B6000234BEFE7DFF89880BAE7DFF89880B7E724
:100B7000DFF89480B4E7DFF89480B1E7DFF8908085
:100B8000AEE702FB04F0085EA842B1D00134ACE746
:100B9000084807F0F1FB4B4632462946CDE900787C
:100BA000144807F0E9FB4EE75CB00C50FCC7051297
:100BB000CD580512F9570512D45805127176051251
:100BC000269E00206887002000002110C3580512CF
:100BD0002A580512ED58051214C80512636C051247
:100BE000000011104F580512000041100000311094
:100BF000785805122059051200000A5000000840DC
:100C0000635805123B5805121A58051294580512DC
:100C1000AC58051202282DE9F34107460C4600F3B3
:100C20008C80A54807F0A8FBA44807F0A5FBA448C2
:100C300007F0A2FBA04807F09FFBA24807F09CFB2F
:100C40009F4807F099FB9C4807F096FB9E4807F0E9
:100C500093FB9B4807F090FB974807F08DFB9B4860
:100C600007F08AFB964807F087FB934807F084FB60
:100C7000974807F081FB924807F07EFB8E4807F00B
:100C80007BFB944807F078FB8D4807F075FB8A489A
:100C900007F072FB904807F06FFB894807F06CFB88
:100CA000854807F069FB8D4807F066FB844807F02C
:100CB00063FB814807F060FB894807F05DFB8048D3
:100CC00007F05AFB7C4807F057FB864807F054FBB7
:100CD0007B4807F051FB784807F04EFB824807F04D
:100CE0004BFB774807F048FB734807F045FB7F480C
:100CF00007F042FB724807F03FFB6F4807F03CFBF0
:100D00007B4807F039FB6E4807F036FB6A4807F06E
:100D100033FB784807F030FB694807F02DFB664845
:100D200007F02AFB744807F027FB654807F024FB0F
:100D30006FF0090002B0BDE8F081704805F07EFF59
:100D4000054658B95C4807F017FB6D4807F014FBDF
:100D50005B4807F011FB6FF00700EBE7032105F09C
:100D6000E1FF032F66686DD0304666491AF002F93C
:100D7000074618BBA06817F0BFFEADF80400E06896
:100D800017F0BAFE39468DF8060001AA284606F08B
:100D9000C7F89DF80640012C0BD1BDF804300221A4
:100DA0001846594A16F05AF82146BDF8040016F0C4
:100DB0007DF8284606F012F80020BBE7304653497C
:100DC0001AF0D8F8074688B9A06817F095FEADF874
:100DD0000400E06817F090FE0423ADF806003946E1
:100DE00028460DEB030206F063F8E2E73046484977
:100DF0001AF0C0F80746F0B9A06817F07DFEE46865
:100E00005F28D4BF00F10E08A0F12308064641492F
:100E10002046D8BF01271AF0ADF818B93046FFF7C1
:100E2000E5FDC6E7204617F067FE3A460146404614
:100E300036F046FEBDE7204807F09EFA364807F038
:100E40009BFA19E0304635491AF094F80746B8B9CC
:100E5000A06817F051FE04233946ADF804000DEBED
:100E60000302284605F0ECFF134807F085FABDF8A9
:100E700006102B4807F080FA114807F07DFA98E732
:100E8000304628491AF076F888B9A66826493046CF
:100E90001AF070F8044630B920460134FFF7A6FD79
:100EA000A42CF9D185E7304617F026FEB7E70248B3
:100EB00007F062FA1D48C2E7F957051251590512A9
:100EC0007176051286590512B6590512E6590512B2
:100ED0000D5A0512345A05125B5A0512825A051230
:100EE000A95A0512D05A0512F65A05121D5B0512B1
:100EF000445B05126B5B0512925B0512B95B051230
:100F0000BD5B0512E8580512C5090312D35B051233
:100F1000D95B0512DD5B0512DF5B0512AF730512AD
:100F2000EB5B0512625C0512F55B0512F95B0512BD
:100F30002DE9FF470D461446002800F0DB80C36C06
:100F4000002B00F0D7805F2919DC0026DFF8D8914C
:100F50000191012C40F0A28036F0EEFC4FF0000A27
:100F600007460C20644BDFF8B88119888A451DDBE1
:100F7000384636F03DFD062004B0BDE8F0879F29D5
:100F800006DCA1F160030026DFF8A0910193E0E701
:100F900001F16006F6B2032E05D940F23E22574910
:100FA000574807F0B1FA4FF00009D2E700FB0AF307
:100FB00003EB080238F903309D4202D00AF1010A1E
:100FC000D4E753880022C3F30D03042B08D8DFE8CD
:100FD00003F003272B2E310002230393494B029386
:100FE000B9F1000F35D0484601A936F00DFD5F2D4F
:100FF0004FF000024FF005014FF054001DDCF8F7F0
:1010000027FD5420F8F766FD0C2303FB0A83DA78EA
:1010100042F04002DA70384636F0EAFC0020ABE7D6
:1010200001230393384BDAE7384B0392D7E7384B69
:101030000392D4E7374B0392D1E7F8F709FD542028
:10104000F8F748FD142000220521F8F701FD1420CF
:10105000D8E7304636F07CFC041E05DA40F28622E2
:1010600026492D4807F050FA2C4B04F001029A55FE
:101070000C2303FB0A8898F80330E40103F03F03D4
:1010800044F040041C4300220521542088F803400A
:10109000F8F7DEFC5420F8F71DFDBCE73CBB36F04A
:1010A0004BFC224607460C24134BB3F800C01C4BE4
:1010B000624507DBB9F1000F11D04846019936F0BF
:1010C0008BFCA8E704FB02F0C118185E854201D032
:1010D0000132EDE7CB7823F04003CB70EAE7012241
:1010E0001049B2400B6823EA02030B6093E76FF0EC
:1010F000050041E701203FE7269E00206DC805124C
:101100000C5C0512000011100000211000003110CD
:101110000000411000005110235C0512209E0020A9
:10112000688700201C9E002000000A500000084034
:1011300010B538B1C46CCCB15F2905DC0C4889B25C
:1011400036F082FC044611E09F2903DC603909482F
:1011500089B2F5E76031C8B236F0FAFB041E05DA51
:101160004FF4B8720449054807F0CEF9204610BD87
:1011700000000A500000084033C80512325C051216
:101180000B46A0B1C16C91B15F2BD2B203DC084811
:1011900099B236F029BC9F2B03DC603B054899B21D
:1011A000F7E703F160001146C0B236F055BC704756
:1011B00000000A500000084030B50C4685B058B316
:1011C000C36C4BB35F29D4BF0B46A1F160030193FD
:1011D0004FF001014FF00003D8BF1E48CDE90213C4
:1011E000C8BF1D48042A19D8DFE802F03103080BF4
:1011F0000F00029300219F2C13DC0AE0CDE902319D
:10120000F8E7029302230393F4E711239F2C029340
:1012100015DC01A936F0F8FB05B030BD9F2CF8DDD8
:10122000002104F16000C0B236F056FC0028F3D073
:101230004FF4DE7209490A4807F066F9ECE70749FE
:101240004FF4DD72074807F05FF90121E9E701215A
:10125000D1E700BF00000A500000084024C8051272
:10126000585C05123D5C05122DE9F84F4A4B1B886E
:10127000002B00F08F8036F05FFB00268046B146E1
:10128000464DDFF840A1464FBAF800304B4509D82B
:10129000404636F0ADFB002E7CD0BDE8F84F542020
:1012A000F8F758BC6B68002B59D0B5F900409F2C5B
:1012B00055DDEB78590652D56034E4B2032C04D9DD
:1012C000D2223849384807F01FF9204636F040FB53
:1012D000B0F1000B04DAD4223249344807F014F993
:1012E0006B88C3F30D03042B52D8DFE803F0033CF3
:1012F00042484D003B5D002B08BFBBF1010F0CBF06
:1013000001230023EA786BF3C712EA7007F804B0F0
:101310002BB32146264836F053FB002806DB012379
:101320000830244A834043F0004393621F2C05D9C0
:1013300040F209121B49204807F0E6F801231F4A32
:10134000A34011681F2E43EA0103136005D940F240
:101350000B1214491A4807F0D7F80136F6B209F112
:1013600001090C3590E73B5D012B08BFBBF1000F75
:10137000C5E73B5DB3EB0B0318BF0123C2E70BF1DD
:10138000FF3253425341BDE7BBFA8BF35B09B9E728
:101390000023B7E7BDE8F88F249E0020688700206F
:1013A000209E00209CC805120C5C0512695C051289
:1013B0005CB00C5000000C50725C05121C9E0020AA
:1013C0007F5C0512269E0020234B2DE9F0419842B8
:1013D00007460E461AD0214B98420AD101F1600807
:1013E00000250C221E4B1F4C1B88AB4210DCBDE8B5
:1013F000F0811D4B984202D101F1A008F0E74FF4B3
:1014000037721A491A4807F07FF8E9E78846E7E794
:1014100002FB05F1615E414501D00135E5E7124B64
:101420009F4211D1F0B236F093FA061E05DA4FF45E
:101430003A720E490F4807F067F80C2303FB054387
:10144000DA7866F3C712DA700C2303FB0544D4E99B
:101450000130BDE8F041184700000A500000084084
:10146000269E0020688700205CB00C5090C80512B2
:10147000636C0512695C051238B5054636F05CFAF6
:10148000044615B15420F8F765FB2046BDE8384006
:1014900036F0AEBA70B5002406F062F90C4A0D4D74
:1014A00013680D4E013313602B88A34203D8BDE8A7
:1014B000704006F06BB90C236343F15E603989B26A
:1014C0003F2902D8054836F0E7FA0134ECE700BFBF
:1014D000149E0020269E00206887002000000840FF
:1014E000024A0349034815F08FBC00BF00000A50B0
:1014F000C8C80512B95B05122DE9F84305460E462A
:1015000036F01AFA134C144A2368A91ADFF84C80F3
:101510004A424A4108EBC3039A802368074608EB16
:10152000C303DE80D4F8009036F0E6FA48F83900BC
:10153000236828460133092B8CBF002323683146DA
:1015400098BF01332360FFF73FFF3846BDE8F843FB
:1015500036F04EBAC09D002000000A50C49D002005
:1015600073B536F0E9F9294A0026546A24F060433D
:1015700023F0FF0343F00043936236F039FAC4F3DB
:10158000142464B3E20725D5F5B228460DF1050110
:1015900036F0AEFAF0B99DF80530012B1AD928467D
:1015A0000DF1060136F0D8F9054658B94FF44F72DF
:1015B0001749184806F0A8FF2846BDF8061036F06F
:1015C00003FA02E0144B9842F6D12846BDF8061003
:1015D000FFF792FF0136152E4FEA5404D1D10024B3
:1015E00036F0AAF90D4B1D681C6036F001FA55B1B2
:1015F000EB0703D50848A1B2FFF77EFF0134042CA6
:101600004FEA5505F3D102B070BD00BF00000C5089
:1016100082C80512A35C05125CB00C501C9E002011
:1016200008B506F09DF8064A136801331360FFF70A
:1016300097FF044836F034FABDE8084006F0A6B833
:10164000189E002000000A5010B5044628B940F248
:101650003B120A490A4806F057FFE46C2CB940F2E5
:101660003D120649074806F04FFF2368DA699206E3
:101670004ABF586A4FF0FF30C0B210BD11C9051201
:10168000DD5C0512EF5C051237B50D46044628B93E
:101690004FF492721249134806F036FFE46C236847
:1016A0009A6B0192019AD20715D436F045F940227F
:1016B00023681A6223689D622268D3695906FCD5A3
:1016C00036F096F9019B0120DB075EBF01222368FB
:1016D0009A6303B030BD019AD006E1D4E5E700BFBC
:1016E00006C90512DD5C0512F8B50E4617461D4603
:1016F000044628B94FF4A7722149224806F004FF96
:10170000E46C2CB94FF4A8721D491F4806F0FCFE8A
:10171000012DA06F24D104F17C03E366C4F8AC4032
:10172000C36822681B682946E367C368DB68C4F89E
:101730008030136843F010031360A36F002293F905
:101740000800F8F785F9A36F93F90800F8F7C2F9D4
:1017500000233A4631462046FEF7DCF80020F8BD6B
:1017600004F1E803A366C4F8184103691B68C4F8D0
:10177000E8300369DB68C4F8EC301023E9E700BF08
:101780001CC90512DD5C0512EF5C051238B50D466B
:10179000044620B990223249324806F0B5FE25B9F8
:1017A00091222F49304806F0AFFEE46C24B9932211
:1017B0002B492E4806F0A8FEA36F5B6823602B68B8
:1017C0006360EB79C3F381031B02A3610C236361A4
:1017D0000023E3612B793F2B07D903F00F02082A7E
:1017E0009EBF013262F303032B712B7903F00F03C9
:1017F000063B032B23D8DFE803F0280222254FF015
:101800000063A3602B79C3F30113022B1FD0032BBA
:1018100020D0591E4B424B415B03E3602B799B095F
:10182000012B1AD09A1E534253419B02204623613A
:10183000FEF7CEFA003818BF0120404238BD4FF005
:101840008053DEE74FF0C053DBE70023D9E74FF4C6
:101850008053E2E74FF44053DFE74FF4C063E5E71E
:10186000E8C80512DD5C0512FF5C0512EF5C05128D
:10187000F8B50F461646054620B9E2223A493B48DC
:1018800006F042FEEC6C24B9E4223749384806F0F1
:101890003BFE102F3CD0112F08D0032F4FD02846ED
:1018A00005F15401FFF772FF0020F8BDA36F93F913
:1018B0000830002B0DDB01215A0903F01F0399406A
:1018C00002F120032B4A42F82310BFF34F8FBFF3DE
:1018D0006F8F2268B6F5007F136823F02003136032
:1018E0000FD100232046C4F8E430FEF7F7F8226851
:1018F000136823F01003136040F2244223681A6235
:10190000CDE7B6F5006FCAD12046FEF7B3F8C6E7BB
:10191000B6F5807FC3D1A36F93F90830002B08DBA5
:101920000122590903F01F0302FA03F3114A42F896
:1019300021302268136843F020031360AFE7B6F547
:10194000007FACD122682846936943F00803936175
:10195000D5E9162101230968C2F38F22FFF7C4FEDF
:101960000023C4F8E4309AE7F8C80512DD5C0512DC
:10197000EF5C051200E100E0032838B50D461CD9E4
:101980001849686819F0F6FA58BBA86817F0B4F857
:101990000446E86817F0B0F84FF4DE736343124A68
:1019A000D118C1F8AC0103F5D67103F5AC73D018AA
:1019B0001144BDE83840FFF7E9BE0C4806F0DCFCF6
:1019C0000B4806F0D9FC0B4806F0D6FC074806F099
:1019D000D3FC094806F0D0FCBDE83840054806F0C5
:1019E000CBBC38BD506B0512289E00200E5D051241
:1019F0001D5D051271760512405D051270B5064633
:101A000028B940F287124249424806F07DFDF46C45
:101A10002CB94FF4C5723E493F4806F075FD236866
:101A2000DA69920608D51A68950605D5012130466F
:101A3000BDE8704016F070B994F85421FAB1DA6933
:101A4000D0061CD51A68D10619D510221A6235F0B5
:101A500073FFE36FB26D5B68D4F8E450C2F38F227A
:101A6000D31A9D4286BF521BD5185D1BC4F8E430C3
:101A700035F0BEFFD5B1290241F00301D7E794F854
:101A80005521A2B1DA69520611D51A6855060ED54C
:101A900040221A622023042184F87130304616F067
:101AA0003BF92268136823F04003136070BDDA69C4
:101AB000100744BF08221A622368DA69510744BF3D
:101AC00004221A622368DA69920744BF02221A626A
:101AD0002368DA69D60744BF01221A622368DA69EB
:101AE000550544BF4FF480621A622368DA69100614
:101AF00044BF80221A622368DA69510644BF40223B
:101B00001A622368DA69920644BF20221A62CDE77E
:101B100074C90512DD5C0512EF5C051238B5054687
:101B200028B94FF4F0721149114806F0EDFC35F078
:101B300003FFEB6FD5F8B0215B68D5F8E440C2F342
:101B40008F22D31A9C4286BF121BD4181C1BC5F8C7
:101B5000E43035F04DFF44B1210205F5AC7041F0A1
:101B60000301BDE8384016F0D7B838BD58C9051292
:101B7000565D0512FFF7D2BF08B505F0F1FD034829
:101B8000FFF73CFFBDE8084005F000BE809F002045
:101B900028B940F206320249024806F0B5BC704747
:101BA00041C90512565D05122DE9F74F002504467F
:101BB000E9462E469A46204B884693E80300CDE935
:101BC0000001DFF880B004F5AC7402EB8207BD427F
:101BD00003D1304603B0BDE8F08F08EB850244F82E
:101BE000E02CCDF800A004F1540299E80300C4F8F9
:101BF00050B082E8030040F2035140F2037214F83F
:101C0000040CA4F5AC73002808BF0A4614F8031CA2
:101C100009B142F40062204658F8251016F044F845
:101C2000064628B140F272320449054806F06CFCC1
:101C3000053504F5DE74CAE7ACC905122FC90512D3
:101C4000645D051298C905120122054B054983F808
:101C50005421054B0248CB60044BFFF7A5BF00BFE2
:101C6000289E0020F8880020E888002040420F00CD
:101C700010B5044628B940F2BB120449044806F0E6
:101C800043FCE36C1B68586A10BD00BF24CA0512F0
:101C90007B5D051270B50E461446054628B94FF413
:101CA000C4721949194806F02FFC2CB940F2891268
:101CB0001549174806F028FC1F2EED6C1ED1012196
:101CC00095F83500246835F053FE2B68114A93428D
:101CD00012D01149114A8B4208BF1046B0FBF4F0F4
:101CE000B0F5803F0DD20138986200202A68536910
:101CF00043F00103536170BD0848EFE76FF0050042
:101D0000F9E76FF00900F6E736CA05127B5D0512A8
:101D10008C5D051200000B5000100B5000366E0158
:101D200010B5044628B940F275120449044806F07B
:101D3000EBFBE06CBDE81040FCF786BC19CA05124D
:101D40007B5D051270B50C461646054628B940F273
:101D50004B121049104806F0D7FBE86C012E0368BF
:101D6000DC620368C4601A680CBF42F0080222F00B
:101D700008021A60FCF732FC50B1084806F0FCFA81
:101D8000074806F0F9FA074806F0F6FA4FF0FF3078
:101D900070BD00BF0DCA05127B5D05129B5D05126B
:101DA000AC5D051271760512F0B50D461646044677
:101DB00089B028B94FF415723149324806F0A4FBB6
:101DC0002EB940F255222E492F4806F09DFB1F2DBB
:101DD000E76C51D17B681BB16FF0090009B0F0BD11
:101DE0003B69002BF8D1294B34689D6815F001053B
:101DF0000ED10320F8F71EFD2B460246022124488F
:101E000022F05AFE30604FF6FF739C4216D1E3E792
:101E10006D46204EB4F5004F0FCE0FC596E80F006B
:101E200085E80F0025D84FF40042B2FBF4F204FB22
:101E300002F3D3F500430CD04FF6FF753A6800204B
:101E4000D36823F46063D3603A68D3682B43D360CC
:101E5000C4E70121D2B201FA03F0824205D108AAF7
:101E600002EB830353F8205CE8E70133082BF2D13F
:101E7000E2E74FF6FF75C6E76FF00500AEE700BF7B
:101E8000F4C905127B5D05128C5D051200B00C5083
:101E90000060343C8CCA051210B5044628B940F2E3
:101EA00095220849084806F02FFBE46C94F832307C
:101EB000012B02D12046FAF767F82046BDE8104012
:101EC000FAF742B8DFC905127B5D051210B504466A
:101ED00028B940F222220449044806F015FBE06CC0
:101EE000BDE81040FAF700B8D1C905127B5D0512B4
:101EF00038B50D46044628B940F20D122849294844
:101F000006F002FB002D4AD0E56C012194F8BD00DB
:101F100035F02EFD2B68244A93422CD02349244AC5
:101F20008B4208BF10464FF47A73B0FBF3F042F2D5
:101F30000F7301386860EB6094F8BD30284685F86F
:101F40003530636D1B7B013B18BF01231B01AB6068
:101F500000232B61FCF76AFE024670B1154806F0BB
:101F60000BFAD4F8C010144806F006FABDE8384061
:101F7000124806F001BA0E48D5E7032194F9BC00D7
:101F8000F7F766FD94F9BC00F7F7A4FD6FF00102C6
:101F90002B681A612A68136843F00403136038BD84
:101FA00002CA05127B5D051200000B5000100B5099
:101FB00000366E019B5D0512BE5D0512717605123D
:101FC00070B50E461446054628B940F202220D4966
:101FD0000D4806F099FA013C18BF0124E86C31461F
:101FE00080F83240F9F71CFF50B1084806F0C4F9F8
:101FF000074806F0C1F9074806F0BEF94FF0FF3078
:1020000070BD00BFC2C905127B5D05129B5D051244
:10201000CD5D05127176051238B50D46044628B916
:1020200040F2DB121349144806F06EFA05B3E56C72
:102030002846F9F731FE2846F9F742FE024660B11C
:102040000E4806F099F9D4F8B0100D4806F094F94E
:10205000BDE838400B4806F08FB994F9AC00032175
:10206000F7F7F6FC94F9AC00BDE83840F7F732BD5D
:1020700038BD00BFB4C905127B5D05129B5D05121A
:10208000BE5D05127176051208B505F069FB0348BF
:10209000FDF734FABDE8084005F078BB388A002027
:1020A00008B505F05DFB0348F9F76EFFBDE8084091
:1020B00005F06CBB848900200268034B9A4202D170
:1020C000024814F02DBB704700200950C089002041
:1020D000044B01689A6F914202D1184614F020BB5C
:1020E000704700BF0C8900202DE9F84300250E46FB
:1020F00004462F46DFF85080DFF85090AE4202DCF5
:102100003846BDE8F8832046C4E91498D4F8C010D6
:1021100004F1780214F030FB60B1084806F02CF9A5
:10212000D4F8C010064806F027F9064806F024F94E
:102130004FF0FF370135C434E0E700BF9B5D051267
:10214000E05D0512717605127CCA051268CA051297
:102150002DE9F84300250E4604462F46DFF850804F
:10216000DFF85090AE4202DC3846BDE8F8832046E6
:10217000C4E91498D4F8B01004F1780214F0FCFA11
:1021800060B1084806F0F8F8D4F8B010064806F038
:10219000F3F8064806F0F0F84FF0FF370135B43495
:1021A000E0E700BF9B5D0512E05D05127176051248
:1021B00058CA051244CA051208B501210448FFF7A0
:1021C00093FFBDE8084001210248FFF7C1BF00BFEF
:1021D000C08900200C8900202DE9F0430027514CD4
:1021E0003E46A0463D4685B010220021684604F1D7
:1021F000540935F025FC4846C4E916552566FCF718
:1022000015FD08B3484806F0B7F8B42303FB06836E
:102210004648D3F89C1006F0AFF8454806F0ACF8F5
:10222000414806F0A9F8B42303FB06834148D3F8DC
:102230009C1006F0A1F83E4806F09EF84FF0FF37DC
:10224000384605B0BDE8F0834FF4805369464846F0
:102250000093FCF77DFA48B1334806F08DF8B423BB
:1022600003FB06833448D3F89C10D4E74846FCF7B8
:102270006BFD48B12C4806F07FF8B42303FB0683BE
:102280002E48D3F89C10C6E710214FF0800C626DE9
:10229000136843F00403136004F19C0353F8042F04
:1022A0004AB191601A68D5601A68C2F810C01A68FD
:1022B000D5611A681562013080B20428EED1D4F8D5
:1022C000B03073B110229A608022D4F8B030DD6053
:1022D000D4F8B0301A61D4F8B030DD61D4F8B03041
:1022E0001D625421012006F023FB2346144AD4F832
:1022F0009C1014F06BFF60B10B4806F03DF8D4F869
:102300009C10104806F038F8094806F035F84FF0F0
:10231000FF37731C022B4FF0010604F1B4048FD079
:1023200062E700BF888A0020005E05120D5E05127C
:1023300071760512BE5D0512265E05123B5E051222
:10234000848A0020E05D05122DE9F0474B1E012B29
:102350000E4614468CB003D80A200CB0BDE8F087B6
:102360001388C56C2BB940F27142B249B24806F0ED
:10237000CBF8803E052EEFD8DFE816F006006E00A1
:102380009D0022017201A2012388227D5F1EBF00F1
:1023900005F154081AB3273355F823601822002199
:1023A00001A835F04DFB4FF4C00300936B6DBA08E4
:1023B000343353F8223069463A4640460193FCF7DD
:1023C0004FFD78B19D4805F0D7FF414622889C48D3
:1023D00005F0D2FF9B4805F0CFFF0120BDE7D5F8FF
:1023E000B060DBE79EB396F86C90B9F1000F16D1A0
:1023F0003046F7F735FDB6F86A304A4605EB8303F9
:10240000DE66316A96F96800C6F83080F7F720FB7F
:1024100096F96800F7F75EFB012386F86C30E269F5
:1024200042B1238C33B1B6F86A1059B939464046E7
:10243000FCF724FFA3781BB139464046FDF748F965
:1024400000208AE739464046FCF776FEF2E7394637
:102450004046FCF7E5FDEDE72388227D5E1EB600D1
:1024600005F15407E2B1273355F82350F5B10023A5
:1024700085F86C30B5F86A30314638469BB9FCF7C0
:10248000E5FF95F96800F7F739FB2846F7F770FD87
:10249000A378002BD4D031463846FDF757F9CFE763
:1024A000D5F8B050E2E7FCF75DFFEAE73146384681
:1024B000FCF7F0FDECE7B4F800A06B6D624A0AF19E
:1024C000FF3A93424FEA8A0A05F154094BD002F5CC
:1024D0002C2293424FF6FF7848D0012195F88900CD
:1024E00035F046FA594F4FF47A72B0FBF7F760684F
:1024F0000023A0FB070122F0DFFAB0FBF8F303F1A1
:102500000108B0FBF8F6032E38BF03266A6D93620C
:102510006A6D731ED3622B66A06842460023A0FB3F
:10252000070122F0C9FA4FF47A72002322F0C4FAAC
:10253000F0B1864200D8701C6B6D4FEA9A0A3433B2
:10254000013843F82A0094F822303BB10025DFF827
:102550000CA1238C9D420DD33D4A136001214846B6
:10256000FCF7B4F86CE74FF0FF38B6E73948B9E745
:102570000120E1E7A369424653F825000023A0FBB0
:10258000070122F099FA00234FF47A7222F094FAAC
:10259000013861F1000150EA01030ED0B04271F13F
:1025A000000C32464FF0000301D202460B46CAE946
:1025B000002301350AF1080ACBE701220023F6E7E0
:1025C00026886A6D244B013E9A424FEA86062ED039
:1025D000012195F8890035F0CBF900231B4A002131
:1025E00022F06AFA4FF47A7881466B6D0F46DA6A08
:1025F000986A0B46013002FB000000214A4608FBA6
:1026000000F022F059FA60606B6DB60803F13402F5
:1026100052F826209D6A0021013502FB05553B46F4
:102620004A4608FB05F022F047FAA06008E709488F
:10263000D3E700BFC3CA05124E5E0512005E051245
:10264000695E0512717605120040005040420F008D
:10265000E49F002000366E0100000B50E89F002030
:102660006B6D514A05F15407934224D002F52C2298
:1026700093424FF6FF7621D0012195F8890035F07D
:1026800077F94A4B6168B0FBF3F04FF47A7200239C
:10269000A1FB000122F010FAB0FBF6F60136B0FB08
:1026A000F6F0032838BF03206B6D0138D862012192
:1026B0002866384654E74FF0FF36DDE73C48E0E750
:1026C00030220021684635F0BBF96A6D394B05F1BF
:1026D00054079A4220D0012195F8890035F048F935
:1026E000324E637BB0FBF6F620691B07A0FB0601A8
:1026F00014D54FF47A52002322F0DEF9451EB5F5C9
:10270000806F4AD32C4805F037FE4FF47A022B49EC
:10271000B2FBF6F22A485BE62548E1E74FF47A720D
:10272000002322F0C9F9451EB5F5806F35D3224844
:1027300005F022FE4FF47A222148B2FBF6F21F493F
:1027400005F01AFE1F4805F017FE627B3846C2F3FB
:1027500080130A93A37B039503F00F011B090993D0
:10276000E37B00240691C2F340110591C2F30011EE
:102770000491C3F340010891C2F3C00203F00101C8
:1027800007910B926946C3F38012DB090294019210
:102790000093FCF7DDFF2046DFE5002DD5D1A589AC
:1027A000C5F30905D1E700BF0040005040420F00CB
:1027B00000366E0100000B50005E0512ACCA051217
:1027C000855E05127176051273B50D4614460646F0
:1027D00028B940F242222649264805F095FE2CB938
:1027E00040F243222249244805F08EFE102D336D1D
:1027F0002AD0112D25D114F4A06F22D053F8DC2C4F
:10280000A3F5967392F90820002A0DDB01205109E7
:1028100002F01F02904001F12002184941F8220005
:10282000BFF34F8FBFF36F8F1A6893680193019BBB
:1028300023F04F030193019B43F030030193019B6D
:102840009360002002B070BD14F4A06FF9D053F86B
:10285000DC3C93F90830002BF3DB0122590903F02B
:102860001F0302FA03F3054A42F82130E9E700BFEB
:10287000F0CA0512CC5E05128C5D051200E100E085
:102880002DE9F74F0E46814628B940F277128A4962
:102890008A4805F039FED9F850302BB94FF4BC7294
:1028A0008549874805F030FED9F85030DB6C2BB9EC
:1028B00040F279128049834805F026FE2EB94FF484
:1028C000BD727D49804805F01FFED9F85050337C19
:1028D000A5F59675D907D5F81CA007D5BAF1020F52
:1028E0001FBF2A68136843F480431360B7680FB9A9
:1028F0003C4649E000220121D5F8AC0104F064FD1A
:1029000028B140F29D126C49704805F0FDFDD6E9F2
:102910000012B7F5803F39BFBCB200274FF6FF74F5
:10292000A7F57F47B36828BFFF3FDB1B1B1B02EBEC
:10293000030B002968D001EB0308B9F81830002A0E
:102940004AD003F42062B2F5206F2FD121465846B9
:10295000F3F748F823465A4641462846FBF770F8F5
:10296000044600286FD05A4805F006FD2846FBF7BC
:1029700080FD21460246574805F0FEFC564805F00A
:10298000FBFC012385F84A30337C9B0707D5BAF15D
:10299000020F1FBF2A68136823F480431360002CC2
:1029A00040F08780B06803B0BDE8F08F03F4A06307
:1029B000B3F5A06F06D123465A4641462846FAF79A
:1029C00059FECDE741F288335A46009341462346EB
:1029D0002846FAF70DFCC3E71A0505D522464146FD
:1029E0002846FAF77DFFBBE7580505D52246414644
:1029F0002846FAF7C1FDB3E741F288332246414643
:102A00002846FAF73FFBABE7EAB1B9F81830990569
:102A100009D521465846F2F7E5FF22465946284691
:102A2000FBF704F99CE7DA0505D522465946284606
:102A3000FAF7B4FE94E741F2883322465946284615
:102A4000FAF7D0FC8CE72846FBF710FD01281FD0D1
:102A50000238C0B203282AD841F28831D5F8AC0137
:102A600004F0C0FB023013D1194805F085FC1B4867
:102A700005F082FC184805F07FFC0324144805F09B
:102A80007BFC2846FBF7F5FC21460246144873E719
:102A90002846FBF7EEFC00283FF429AF0C4805F070
:102AA0006BFC104805F068FC0B4805F065FC012440
:102AB000E4E7002077E700BFFCCA0512CC5E0512F0
:102AC000DE5E0512F55E05121E5F0512315F05120E
:102AD000445F0512515F051271760512765F05128B
:102AE000975F0512875F05122DE9F0410D460746F5
:102AF00028B940F237225249524805F005FD2DB958
:102B00004FF40E724E49504805F0FEFC3E6DA6F59E
:102B10009674656525B9AE224C494D4805F0F4FC24
:102B20002B7813F0080F0CBF0023182363602B7859
:102B300013F0400F0CBF03230123A3606B78082B15
:102B400004D0102B56D00820BDE8F081E023E360CC
:102B50002B7803F00103DB0263612B78C3F340039E
:102B60009B022361236D5B7A84F848306A685308BE
:102B700003F1377303F5D843B3FBF2F3A3616B881A
:102B800013F4407339D1E3614FF40043236200230F
:102B9000304A84F84A302368934238D1242034F0F4
:102BA0003FFF2046FAF78CF903460028CBD194F872
:102BB0002821D00715D53A8B910512D56A78A6F150
:102BC000D408082A86BF4FF480734FF480621A46F7
:102BD0004046C4E91B32F7F743F9C4F84480C4F80F
:102BE000884094F828319A0702D53B8B1B0513D4F3
:102BF0000020A9E74FF4F073A9E7B3F5807F01D176
:102C00000223C0E7B3F5007FBED10423BBE7124A1D
:102C10009342C6D12520C2E76B786C3E082B93BF48
:102C200000234FF480734FF480621A463046C4E9A3
:102C30003532F7F715F92664C4F8F040D8E700BF3D
:102C4000E2CA0512CC5E0512BC5F0512D3CA05129A
:102C5000FF5C051200500950006009502DE9F04753
:102C60000027924699460D460446B8460326C845B5
:102C700002D13846BDE8F0872565C4F878512B6845
:102C800094F828212360D1070AEBC803636516D5A1
:102C9000EB6880211B6846F40076A365EB68DB686F
:102CA000E365EB685B68C4F880300023C4E918333F
:102CB000C4E91A13C4E91C334FF40053A367930704
:102CC00018D52B6900211B6846F40066C4F8C03093
:102CD0002B69DB68C4F8C4302B695B68C4E9361122
:102CE000C4F8E8301023C4E932318023C4E9343118
:102CF000C4F8E010002295F90800114646F4A066D9
:102D0000F6F7A6FE3246114B696804F5967015F089
:102D1000F3F8074628B140F2D1220D490D4805F0DD
:102D2000F3FB00226868114604F028FAC4F8AC01ED
:102D300028B940F2D5220649074805F0E5FB08F11D
:102D40000108143504F5D87491E700BF18CB0512BB
:102D500004CB0512645D0512D55F05120748084AC9
:102D600090F82831064943F0020380F82831054BDA
:102D700013610123044AFFF771BF00BF38A0002090
:102D8000088C0020F08B0020008C0020D0F8AC01D3
:102D900004F0E0BAFFF7FABFFFF7F8BFFFF7F6BF9E
:102DA00008B504F0DDFC0348FBF762FABDE8084013
:102DB00004F0ECBC38A000200020704770B5054638
:102DC00004F0CEFC4FF4D2736B430F4CE218D2F8F0
:102DD000B06026B1002288331146E018B0474FF4A6
:102DE000D27303FB054494F8BF30212B08D094F82C
:102DF000BF30222B04D0054B53F8250004F0AAFA6B
:102E0000BDE8704004F0C2BCF4A10020E8A100209D
:102E10002DE9F04F0D469046064685B0E8B940F2E0
:102E2000B6329A499A4805F06FFB4FF0FF394FF0E0
:102E3000000AD6F88820DFF878B2136843F004035C
:102E40001360C2451DD14046D6F88820136823F090
:102E50000403136005B0BDE8F08F8E4B98420AD092
:102E600003F5D272904209D003F552739842DCD137
:102E70004FF00209DBE74FF00009D8E74FF00109F6
:102E8000D5E7002201215BF8290004F09DFA28B162
:102E90004FF471727D49804805F036FBEA88308B2B
:102EA00012F0800F02F0010306F1880700F087801E
:102EB000AA88082A8CBF02240124002B57D083053E
:102EC0003ED506F1D000F6F7CBFF2989E868F2F786
:102ED00089FD2B8938460193EB6800936A88234665
:102EE0002988F8F7FBFB0446002840F0AE803846FE
:102EF000F8F7B4FD202817D0A02814D02138C0B28C
:102F0000012800F29980F16F5BF8290004F06AF95A
:102F10000230ECD1614805F02FFA614805F02CFA37
:102F2000604805F029FA0324D6F8C430002B40F09D
:102F300085801035002C40F088800AF1010A80E776
:102F4000C0056A882988EB68B5F808E006D5CDE9A0
:102F5000003E38462346F8F775FBC4E7F06F009350
:102F6000CDE901E023463846F8F724FBBBE703052B
:102F70000ED506F59C70F6F773FF2B893846019342
:102F8000EB6800936A8823462988F8F781FBAAE753
:102F900040056A882988EB68B5F808E006D5CDE9D0
:102FA000003E38462346F8F727FB9CE7F06F009376
:102FB000CDE901E023463846F8F7DAFA93E7FBB1AA
:102FC00084050ED506F1D000F6F74AFF2989E86896
:102FD000F2F708FD38462B89EA682988F8F7B9FA2C
:102FE00081E7C0052988EA682B8903D53846F8F7B8
:102FF00092FA78E7F06F00903846F8F772FA72E7C5
:1030000004050AD506F59C70F6F72AFF38462B8989
:10301000EA682988F8F78EFA65E740052988EA68A2
:103020002B8903D53846F8F767FA5CE7F06F009014
:103030003846F8F74BFA56E7012475E7B8F1000F68
:1030400003D114B94FF00008FDE6144805F094F9D7
:103050003846F8F703FDD6F8C43052462146CDE98C
:1030600000034346104805F087F90E4805F084F93F
:103070003846F8F701FD094805F07EF90B4805F0E0
:103080007BF9084805F078F9DCE700BF36CB05127C
:10309000E65E0512F4A10020315F0512EB5F051218
:1030A000F85F051271760512096005123D60051280
:1030B000E8A10020002807DB01234109034A00F0B2
:1030C0001F00834042F82130704700BF00E100E05C
:1030D00000280CDB01220649430900F01F00824052
:1030E000203341F82320BFF34F8FBFF36F8F70471A
:1030F00000E100E070B50E461546044628B940F2DE
:1031000069422349234805F0FFF9102E18D0112EEB
:1031100003D0022E37D0002070BD15F4A06F05D06B
:10312000D4F8CC3093F90800FFF7D2FF15F4206FE4
:10313000F1D0D4F8CC3093F90800FFF7C9FFEAE7E3
:1031400015F4A06F0DD0D4F8CC30002293F908000C
:103150000121F6F77DFCD4F8CC3093F90800FFF795
:10316000A9FF15F4206FD6D0D4F8CC30002293F903
:1031700008000121F6F76CFCD4F8CC3093F9080074
:10318000FFF798FFC7E704F18800F8F76BF9C2E78B
:1031900042CB0512E65E051238B50D4604460028FE
:1031A0003BD140F2AD423449344805F0ADF94FF01F
:1031B000FF320C21324B01FB0233002D08BF1D46AC
:1031C0006A68E2672A88520738D50222C4F8982034
:1031D0006A88C2F30E02C4F89420AA68C4F88C204E
:1031E0000022C4F89C20D4F8CC20527A84F8BD2068
:1031F000102284F8C02028686968224A03C3A8689E
:103200001860D4F8883093421FD12D2034F008FC88
:1032100004F18800F8F76CF838BD1B4B984209D0D0
:1032200003F5D272904207D003F552739842BED193
:103230000222BEE70022BCE70122BAE70122C4F85D
:1032400098206A88520092B2C5E7104A934201D191
:103250002E20DBE70E4A934201D12F20D6E70D4AFC
:10326000934201D13020D1E74FF49C6202490A48D1
:1032700005F04AF9CCE700BF24CB0512E65E051243
:103280001C8C002000C00950F4A1002000D009507F
:1032900000E0095000F00950636C05120020FFF7B0
:1032A0008DBD0120FFF78ABD0220FFF787BD00001A
:1032B0002DE9F84F17461E4682460C46002540F27F
:1032C00003584FF00C0BDFF8B090B54202D100204C
:1032D000BDE8F88F244BCAF8CC40CAF84C40CAF875
:1032E00050306268CAF888209AF8A0219AB10AF191
:1032F000D002CAF8B8200AF188000AF59C72CAF810
:103300000001CAF8B420CAF86801D4E90312F7F73B
:10331000BBFF40F60378DAF8CC1042460968504605
:1033200013F074FA50460BFB0571FFF735FF28B117
:1033300040F2E1520D490E4805F0E6F80022DAF8B5
:10334000CC001146006803F019FF49F8040B28B9B6
:1033500040F2E4520549074805F0D6F801350AF570
:10336000D27A1434B1E700BF64CB051252CB0512F8
:103370005360051261600512E8A1002008B5044AF7
:10338000032304490448FFF793FF002008BD00BF52
:103390001C8C0020408C0020F4A1002030B5044695
:1033A0000846DDE90351002D3DD000293BD0002C1B
:1033B00039D0B8B384428CBF201A001B07EE900AA4
:1033C000F8EE677AF5EE407A9A428CBFD31A9B1AD0
:1033D000F1EE10FA27D007EE103ADFED146AB8EEDE
:1033E000477A27EE267AC7EE276A114B07EE904AF6
:1033F000C3ED006A4FF47A735A4307EE102AB8EE11
:10340000477AF8EE677A87EE266A77EEC67A094B36
:10341000C1ED006AC3ED007AC5ED007AFDEEE77AF2
:1034200017EE900A30BD0020FCE700BF00007A4490
:10343000808C0020848C002000B5002389B00122FC
:103440002749284803F074FE0E22002104A834F016
:10345000B3FA0E22042004A9FCF75CFD002834D046
:10346000BDF8100068B3BDF8121051B301221E4B15
:10347000C0F30E001A6003AB019302ABBDF8142039
:10348000C1F30E010093BDF81630ADF81000ADF891
:103490001210FFF783FF154A5368DBB2072B03D0E6
:1034A0005368DBB20F2B0CD1114B1B684BB19DF84D
:1034B0001C2032B11A689DF81D10136861F3D233D5
:1034C0001360002009B05DF804FB0A4804F054FFC3
:1034D000094804F051FF094804F04EFFF1E700BF2E
:1034E0007C600512E0A600207C8C002000B000501B
:1034F00000A70020826005128F6005127176051208
:1035000070B5064692B04FF47A700D46144603F03B
:10351000FDFA0146534803F0A7FF20B16222524949
:10352000524804F0F1FF2EB940F2BB125049514805
:1035300004F0EAFFA5F11001062908D8DFE801F040
:1035400004140707074D520002F06AFF20600024B0
:10355000444804F05FF820B16A224749434804F028
:10356000D3FF204612B070BD2368002418222146E4
:1035700009A8CDE9023434F063FA02A801940BF0F3
:103580009DFF036822468DF82630436809A98DF80F
:10359000253083688DF82430C3688DF806300369C0
:1035A00001338DF8053043698DF80730836933485E
:1035B000A34208BF07238DF80430F9F72BFA02461F
:1035C00010B14FF0FF34C3E72C4801A9F9F78FFA87
:1035D0000028F6D12A4B9B68B9E721462748F9F71E
:1035E00048F9B4E71822002102A834F029FA002291
:1035F000019202A92148F9F7CFFA00221F4801A938
:10360000F9F7FEFA01282BD09DF80A309DF9072022
:1036100009939DF8093009A80A939DF808300B9387
:103620009DF806300C939DF80530013B0D939DF8F5
:103630000430072B08BF00230F939DF80730002AA2
:10364000B4BF23F0800364330E93039B636016F0D2
:1036500083FF40F64272636820605343636076E7FD
:103660000022C6E704A7002094CB0512735605126A
:10367000A7CB0512A760051282CB051228A7002050
:1036800000B00C507047000010B50420F7F7D2F8D6
:103690000C4B002814BF04461C460B4804F06CFE7B
:1036A0000A4900232246B1FBF4F1094804F064FE04
:1036B000084804F061FE21460120F7F7B5F82046DE
:1036C00010BD00BF804F1200B6600512007C920052
:1036D000C3600512717605124FF4807310B5036153
:1036E0000F4B04461A6900234A43500848F60D71EF
:1036F00000F1C05021F0E0F9830BC0F30D00A3608E
:10370000E060084804F038FED4E90323A1680648C5
:1037100004F032FEBDE81040044804F02DBE00BFA6
:1037200028A70020B6600512EB600512717605121D
:1037300037B500224B494C4803F076FE28B140F2E1
:103740004E224A494A4804F0DFFE4A4B4A4C4B4855
:1037500023601D6904F010FEC5F30903294648489B
:1037600000932A0EC5F38D2304F006FE454804F0AD
:1037700003FEF8F753FF70B1404804F0FDFD4248E6
:1037800004F0FAFD3F4804F0F7FD40F22F123F49E4
:103790003F4804F0B9FE00238022C4E902234FF41D
:1037A00080732361334CA368D9074CD5334804F0A8
:1037B000E3FD3848A16804F0DFFD324804F0DCFD89
:1037C00034F02AF9002848D10220F7F733F8041E14
:1037D00018BF0124294804F0CFFD21462E4804F0EB
:1037E000CBFD284804F0C8FD21462348F9F784F8AA
:1037F0000446002833D129491F48F9F76CFA012102
:103800000220F7F711F82648264B0322836305238D
:103810001449C0E90944C0E90B44C0E907444463C2
:10382000C464037503F03CFA044648B11E4804F032
:10383000A3FD1E48214604F09FFD124804F09CFDA4
:10384000204603B030BDFFF71FFF044602F030FEF4
:1038500021460948FFF740FFB2E70124BAE74FF0DD
:10386000FF34E3E70A61051204A70020B6CB051276
:103870000E61051200B00C5028A70020B66005129A
:103880001F610512717605124161051274CB051294
:10389000636C0512646105127D61051285360312A1
:1038A00044A7002001350312926105129F610512A1
:1038B00008B503F055FF0348F9F7C5F9BDE808401E
:1038C00003F064BF28A70020031F022B04D9A0F136
:1038D0001403584258417047012070472DE9F74FB3
:1038E00093460091814634F02FF8064634F0CCF828
:1038F000044618B1C3680BB1D87A68B94846FFF7D7
:10390000E3FF074620B9FCF731FC0546002871D1DA
:10391000002003B0BDE8F08F000215F0F9F805466D
:103920000028F5D04846FFF7CFFFC0F10207204638
:1039300034F0E6F800218246204634F01DF8304687
:1039400034F0B2F80021304634F056F833F0F4FF8A
:10395000E3682A46DB7A4FF480511B0280462046FA
:1039600034F016F80190404634F042F80121304618
:1039700034F042F8304634F017F8019B43B928463A
:1039800015F0CEF820461FFA8AF133F0F5FFBFE7B5
:10399000A846E368DB7A1B02002115F801C0BCF1E0
:1039A000FF0F2BD1022F4DD1304634F07DF800218E
:1039B000304634F021F833F0BFFFE3684246DB7A4B
:1039C0004FF400511B020546204633F0E1FF074645
:1039D000284634F00DF80121304634F00DF8304619
:1039E00033F0E2FF002F2DDDE3684546DB7A012747
:1039F0001B02D1E7B8464FF40073CDE76A1852783E
:103A0000881802309842CDD2CC4502D002321144FF
:103A1000C3E7002AC6D093455E46A8BF16460231CA
:103A200032460098294417F0E1FB20461FFA8AF13C
:103A300033F0A2FFB8F1000F02D0404615F070F845
:103A4000F0B266E70026F0E707B5042203200DEB8D
:103A50000201FFF743FF68B1019858B140F2FF330C
:103A6000984207D0054B9B6EC3F30953984201D08F
:103A700034F03AF8002003B05DF804FB00A00C50CD
:103A800010B5084C226852B90121074803F076FBB3
:103A9000206020B947220549054804F035FD002083
:103AA00010BD00BF38A80020CD610512C5CB05129E
:103AB000B961051208B503F053FE0348F6F754FD4B
:103AC000BDE8084003F062BE3CA80020002070471B
:103AD00001207047F8B504461D460E4611B390F814
:103AE0007C71032F05D940F21B721349134804F06F
:103AF0000BFDB4F83831AB4205D240F21C720E49CE
:103B00000F4804F001FD04EB8707D7F85C0158B1BA
:103B10002A46314617F06AFB94F87E3113B1FF2331
:103B200084F87C312846F8BD4FF4E5620249054827
:103B300004F0EAFCF6E700BF5ECC0512D661051280
:103B4000F16105120C6205122DE9F0474FF4803146
:103B5000554807F087FB051E06DA4FF480315348BD
:103B600007F080FB051E5FDB4FF4E67004F0E4FD18
:103B7000044620B9BA224E494E4804F0C5FC4FF421
:103B8000E6722146284607F0BAFBB0F5E67FDFF87B
:103B900074A1DFF87491DFF87481474F474E46D027
:103BA000474804F0E9FB284607F08EFB204604F066
:103BB000CDFE9AF90010434804F0DEFB99F800109E
:103BC000414804F0D9FB98F80010404804F0D4FBB9
:103BD00097F900103E4804F0CFFB96F900103D48DD
:103BE00004F0CAFB00243C4D214615F9012B3B484B
:103BF000013404F0C1FB102CF6D1394B394893F94C
:103C0000001004F0B9FB384B384893F9001004F069
:103C1000B3FB0024364D214615F9012B35480134FC
:103C200004F0AAFB102CF6D10020BDE8F08794F830
:103C3000A631C8228AF8003094F8A43104F11401A6
:103C400089F8003094F8A5312B4888F8003017F037
:103C5000CDFAC82204F1DC01284817F0C7FA94F81D
:103C6000A9311D4A3B7094F8AA3104F5E67033700F
:103C700004F5DE73194653F804CB834242F804CBB3
:103C8000F9D194F8A721164B1A7094F8A821164B75
:103C90001A70174A04F5D67353F8040B8B4242F896
:103CA000040BF9D116487CE7126205122462051252
:103CB0006ECC0512206205122E8E002024AA002050
:103CC0002C620512536205126562051278620512B4
:103CD0008B620512A06205121E8E0020BB620512C7
:103CE0003F8E0020CF62051225AA0020E262051255
:103CF0002F8E0020FB620512548D00208C8C00203A
:103D00004162051226AA00201D8E00201C8E002074
:103D100010B54FF4D67200210A4833F091FE4FF0EF
:103D20005023084A0849C2F89830084B05481365E3
:103D30000023032212F07CFA0446024802F0CEFF70
:103D4000204610BD74A800200F630512BCCC0512DC
:103D50002DE9F84F044600F1980600201F46564B07
:103D600053F8305003EBC00CAA4243D1BCF80630E4
:103D7000A4F8A030A4F8A2309CF8043084F8A43051
:103D800094F8A400D4F89830C0BB586820F40070B0
:103D90005860B4F8A050B4F8A230D4F8980043EAC0
:103DA00005438A4283602DD100224FF08071434B3E
:103DB000C4E9302293F9003084F8D02084F8CF3061
:103DC00084F8CE303E4BC4F8D420C4E92A32C4E98A
:103DD0002D13C4F8B020A4F8BC20C4F8C820A4F85F
:103DE000CC20002F4CD0304604F1C401F5F7BEFBC7
:103DF000002051E001300928B2D1C1E7586840F4F1
:103E00000070C5E700252F4803888B423ED14388C8
:103E100093423BD12C4804F0AFFA29462B4804F0DA
:103E2000ABFA2B4804F0A8FA2A4A2D01505B083A55
:103E30002A44D188938892F809B092F808A092F8A1
:103E4000079092F8068092F805E092F804C0957AFF
:103E500040BAD26849BA5BBA07BB032384F8AFB053
:103E600084F8B0A084F8B19084F8B28084F8B3E00C
:103E700084F8B4C084F8BD50C4F8C02084F8B530CC
:103E8000304604F1A801F5F7D8FAB1E70135482D1D
:103E900000F11000B8D10120BDE8F88FA4F8C830B7
:103EA0000323A4F8C400A4F8C61084F8D050C4F8C2
:103EB000D42084F8CA3096E7E8CC051226AA002060
:103EC0000005010530CD05121663051226630512A3
:103ED0007176051238CD0512222970B505461446B3
:103EE00005DC1B2906DC01296DD0022964D04FF0C6
:103EF000FF3017E01C390629F9D801A353F821F047
:103F0000273F0312793F0312A53F0312B53F031267
:103F1000EF3E0312EF3E03121D3F03125400A0F8C0
:103F20003841002070BD012AA5F84C2109D0022A91
:103F30000FD0B2B9D0F89820136D23F04053136519
:103F4000EFE7D0F89820136D23F0405343F08053EF
:103F5000F5E7D0F89820136D23F0405343F0005359
:103F6000EDE71D4804F008FA21461C4804F004FA65
:103F70001B4804F001FAD4E73AB1012A0CD01648E4
:103F800004F0FAF921461748F0E7D0F89820136EAC
:103F900023F480331366C4E7D0F89820136E43F4FB
:103FA0008033F7E7002328462289A188BDE87040C6
:103FB000FFF7CEBE0123F6E79830F5F753F900205E
:103FC000F4F7DAFBADE7502033F02AFD05F1980055
:103FD000F5F7EEFAA5E700BF3D6305124D63051244
:103FE000717605126963051210B50446D0F8F80021
:103FF00020B114F095FD0023C4F8F830D4F808017E
:1040000020B114F08DFD0023C4F80831002010BD4C
:104010002DE9F8435FFA81F808F1FF39B9F1010F92
:104020009CBF0122904B044698BF1A7001290E468E
:1040300000F1980704D8B0F84E51002D00F08580AB
:104040008A4804F099F93146894804F095F989487D
:1040500004F092F916F0FD0308D194F8A8210AB1F2
:1040600084F8A831B9F1010F75D102E0B9F1010F5F
:104070006ED816F480550AD004213846F5F754FC62
:104080000546B4F84E3123F01003A4F84E31B204C3
:104090000AD505213846F5F747FC0546B4F84E31F8
:1040A00023F02003A4F84E3173040AD506213846C4
:1040B000F5F73AFC0546B4F84E3123F04003A4F876
:1040C0004E31B8F1020F47D0B4F84E816748B8F1CD
:1040D000000F40F09B8004F04FF9674804F04CF962
:1040E000644804F049F9D4F898203846536823F01E
:1040F00001035360F5F753F9D4F8982084F8CB8086
:10410000536843F002035360D4F89820536823F0B7
:10411000020353600123554884F83D3184F83E3151
:1041200084F83F3184F8403184F8413184F84231D9
:1041300084F8433184F8443104F01EF94F48314685
:1041400004F01AF94B4804F017F92846BDE8F88343
:10415000B8F1000F58D10025F00512D500213846DE
:10416000F5F7E2FBB4F84E310546D4F8F80023F039
:104170000103A4F84E3120B114F0D2FC0023C4F89E
:10418000F830B10512D501213846F5F7CDFBB4F86A
:104190004E310546D4F8FC0023F00203A4F84E315A
:1041A00020B114F0BDFC0023C4F8FC30720512D518
:1041B00002213846F5F7B8FBB4F84E310546D4F87D
:1041C000000123F00403A4F84E3120B114F0A8FC40
:1041D0000023C4F8003133057FF576AF032138465C
:1041E000F5F7A2FBB4F84E310546D4F8040123F0EC
:1041F0000803A4F84E3100283FF466AF14F090FC99
:104200000023C4F804315FE700255DE718F0CF090B
:104210000DD104F0B1F81A4804F0AEF8154804F0D6
:10422000ABF83846F5F7CEF884F8CB9072E718F083
:1042300030080DD104F0A0F8124804F09DF80D48A4
:1042400004F09AF83846F5F7CCF884F8CB8061E7AB
:1042500004F092F8B4F84E110B4804F08DF80548BC
:1042600004F08AF856E700BF70A800201663051214
:1042700087630512717605129C630512C2630512ED
:10428000B1630512DC630512ED63051238B53B49D5
:104290003B4806F0E7FF051E04DAEA2239493A48AE
:1042A00004F032F94FF4E67004F046FA044620B9FF
:1042B000EC223449354804F027F92246344B1B7868
:1042C00084F8A631334B1B7884F8A431324B1B7829
:1042D00084F8A531314B03F1140153F8040B8B42E0
:1042E00042F8040BF9D14123C82284F8AB312C49A0
:1042F00004F1140016F07AFFC8222A4904F1DC0008
:1043000016F074FF284B04F5DE721B7884F8A9318F
:10431000264B1B7884F8AA31254B03F1100153F882
:10432000040B8B4242F8040BF9D1224B04F5D672F0
:104330001B7884F8A731204B1B7884F8A8311F4BD9
:1043400003F1100153F8040B8B4242F8040BF9D12E
:104350004FF4E6722146284606F0EEFFB0F5E67F00
:1043600004D0FB220749164804F0CEF8284606F090
:10437000ABFF2046BDE8384004F0E8BA0206010071
:1043800012620512D2CB05120364051220620512D7
:1043900026AA00201D8E00201C8E0020B6D10512FA
:1043A000548D00208C8C00202E8E002024AA00200A
:1043B0001E8E00203F8E002025AA00202F8E002078
:1043C0000B64051202287FB505460C4607DCAA4897
:1043D00003F0D2FF2946A94803F0CEFF50E04A6817
:1043E0001378732B2ED153786D2B1ED1886814F05F
:1043F00083FBA34C2070A04803F0BEFF2178A148A6
:1044000003F0BAFFA04803F0B7FF23780A2B5CD96A
:10441000994803F0B1FF9D4803F0AEFF9A4803F0BE
:10442000ABFF4FF0FF3004B070BD762BF0D1886841
:1044300014F062FB964C20708F4803F09DFF2178AA
:104440009448DDE7042877D1772B40F01A8253781F
:104450006D2B45D100250A222946A068ADF80C50E5
:104460008DF80E5014F002FD0646E06816F034FF99
:10447000282809D0804803F07FFF874803F07CFF9D
:10448000814803F079FFC3E7092E05D97A4803F084
:1044900073FFA16881489FE7814B06EB860603EB1B
:1044A0008606E36800215A5D2B448DF80C205B786A
:1044B000102203A88DF80D3014F0D8FC0235282DF9
:1044C00006F8010FEDD101F059FE6B4803F054FFDF
:1044D000744803F051FF6C4803F04EFF0020A2E740
:1044E000762B95D100250A222946A068ADF80C50FC
:1044F0008DF80E5014F0BAFC0646E06816F0ECFE9B
:104500002828B7D1092EC1D8674B06EB860603EBE6
:104510008606E36800215A5D2B448DF80C205B78F9
:10452000102203A88DF80D3014F0A0FC0235282DC0
:1045300006F8010FEDD1C6E7742B5AD017D8652BBA
:1045400000F0F380722B1ED0032D40F0A481612B6C
:1045500000F0A3816D2B7FF45BAFA3681B78722BF7
:104560007FF456AF444803F007FF504B6BE0762BC7
:10457000EAD1A3681B78722B40F074813E4803F0A7
:10458000FBFE4B4B5FE053786D2B22D100210A22BA
:10459000A06814F06BFC0446374803F0EDFE454973
:1045A00004EB8400041D51F82440831C0194C41CB6
:1045B00051F82440421C009451F8233051F8222035
:1045C00051F820103C4803F0D7FE2F4803F0D4FEEA
:1045D0007BE7762B7FF41CAF00210A22A06814F041
:1045E00045FC0446244803F0C7FE344904EB84002C
:1045F000D8E705287FF40CAF8B681B786D2B26D18C
:10460000CB681B78772B7FF403AF086914F074FA3A
:104610002B4B1870C0B206283FF6FAAE164803F0CE
:10462000ABFE284803F0A8FECFE7A3681B786D2BEC
:104630007FF4EEAEE3681B78722B7FF4E9AE0E4890
:1046400003F09AFE1E4B93F900101F4876E06C2B86
:1046500055D1D1E903050378722B39D1284614F0DE
:104660004BFA0F2804463FF6D3AE034803F084FE0E
:10467000164B1957E9E700BF1663051227640512A8
:104680001D8E00203D640512717605120765051226
:104690001C8E00204E6405125F64051271640512C1
:1046A000538D0020146505128B8C00202E8E002067
:1046B0003F8E0020548D0020876405128C8C0020D2
:1046C00025AA0020B0640512C96405122F8E0020AF
:1046D00014F012FA0F2804463FF69AAE284614F05A
:1046E0000BFA744D2855744803F046FE21462A57AC
:1046F000724803F041FE724803F03EFE8EE7642BE1
:104700007FF486AED1E9030514F0F6F900226D4B73
:104710000F2804461A703FF67BAE6B4B1870284684
:1047200014F0EAF9634B185578E7A3681B78762BE9
:1047300007D1614803F020FE6449654803F01CFE80
:1047400043E7732B03D10122624B1A70BDE6652B40
:104750007FF45EAEFFF79AFD00225E4BF5E76D2B0E
:104760007FF456AEE3681B78722B7FF451AE52484B
:1047700003F002FE584B66E7052D7FF449AEA368AF
:104780001B786D2B09D1E3681B78772B7FF440AE43
:10479000206914F0B1F9504B3BE76C2B1BD1D4E9E5
:1047A00003050378722B0BD1284614F0A5F90F28C6
:1047B00004463FF62DAE404803F0DEFD474B58E778
:1047C00014F09AF90F2804463FF622AE284614F05A
:1047D00093F9424BA7E7642B7FF41AAED4E90305A3
:1047E00014F08AF90122374B0F2804461A703FF65D
:1047F0000FAE354B1870E9E76D2B7FF409AE042D31
:10480000BAD1A3681B78772BA9D1E06814F074F9AA
:10481000334B31E0032D3FF4FBAD772B7FF4F8AD44
:10482000E06814F069F92F4D2F4C2870224803F0EE
:10483000A3FD2E4803F0A0FD214803F09DFD95F94E
:104840000020002104F1980084F8CF2084F8CE20C5
:10485000F4F767FE012195F9002004F19800F4F7C0
:1048600060FE32E6032D3FF4D3AD772B7FF4D0AD5D
:10487000E06814F041F91E4B18704830C0B2B428FB
:10488000CAE6742B3FF4D1AE10D8652B3FF44DAF80
:10489000722B3FF478AE612BAED1A3681B78722BDC
:1048A000B8D1054803F068FD0E4BCCE6762B3FF4FB
:1048B00060AEF0E72F8E002016630512DC6405124F
:1048C0007176051222AA00208A8C0020B0D1051230
:1048D000F064051223AA002024AA00201E8E0020C6
:1048E0002E8E002026AA002074A80020B064051295
:1048F0003F8E002001207047F8B5044600F198076C
:10490000502033F08DF8682014F002F90546C4F801
:10491000D80008B90520F8BD60220021083033F026
:104920008FF833233A48C5E90003682014F0F0F803
:104930000546C4F8E8000028ECD0602200210830C9
:1049400033F07EF83523334A0321C5E900234FF0C5
:1049500001130025C4E927132F4B2022C4F8383156
:104960002946C4F8585104F5AE7033F069F81420A4
:1049700014F0CEF80646C4F8A001142014F0C8F8CC
:104980001022C4F8A40104F5C071304613F03CFFB6
:1049900004F5C8711022D4F8A40113F035FF4FF0CC
:1049A00080721E4B384693F90030C4E9305584F8C4
:1049B000CF3084F8CE301A4B84F8D050C4E92D2380
:1049C000C4E92A35C4F8D450C4F8B050A4F8BC5097
:1049D000C4F8C850A4F8CC50F4F7EAFD06461148D4
:1049E00003F0CAFCD4F898300F48196E03F0C4FCE9
:1049F0000E4803F0C1FC0B4803F0BEFC31460C48E6
:104A000003F0BAFC094803F0B7FC284683E700BF6F
:104A100008100850441008508002800226AA002086
:104A2000000501051663051224650512717605124D
:104A3000406505120020704710B5FFF7FBFF28B155
:104A4000074803F099FC6FF0030010BD054C0648C1
:104A500094F9001003F090FC94F90000F5E700BF12
:104A60005865051226AA002076650512F7B50D4691
:104A70000446002800F00481002900F001810B6841
:104A800000F19807082B0ADC002B0BDD013B072BFC
:104A900008D8DFE803F00A580794070707C3202B5C
:104AA00000F0E5804FF0FF361EE04E6836B1013E63
:104AB000022E4FF0FF3698BF002615E0D0F808010F
:104AC000B4F83A2198B91146012014F019F8C4F845
:104AD000080178B940F21E326A496B4803F014FDB0
:104AE000D4F8083133B90426304603B0F0BD31465E
:104AF00032F0A6FF012200238DF80720EA688DF826
:104B00000430102A14BF01221A468DF8062003D162
:104B1000AB68013B18BF01238DF80530FFF78CFF10
:104B2000002102463846F4F7FCFCFFF785FF01211F
:104B300002463846F4F7F5FC019BC4F850310423D3
:104B400084F87D31D0E74E68002EB0D1D0F8F8005F
:104B500008B113F0E5FF0120B4F8381113F0D0FFCD
:104B6000C4F8F80028B940F29F324649474803F09C
:104B7000CBFCD4F8F830002BB5D00122C4F85C315E
:104B800000238DF80720EA688DF80430102A14BF3E
:104B900001221A468DF8062003D1AB68013B18BFED
:104BA00001232A698DF80530394B00211A803846D7
:104BB00001AAF4F783FB002384F87C3194E74B6867
:104BC000012B10D1032380F8A93040F20123A4F86F
:104BD000AA30002384F8AC30384604F1A801F4F779
:104BE0002CFC002680E7022B05D1052380F8A93094
:104BF00040F20153EBE78B68C3F3033380F8A9302D
:104C00008B68C3F3032380F8AA308B68C3F30313C4
:104C100080F8AB308B6803F00F03DBE74B68012BA8
:104C20000AD1032380F8B93040F20123A4F8BA3046
:104C3000002384F8BC30CFE7022B05D1052380F890
:104C4000B93040F20153F1E78B68C3F3033380F8C6
:104C5000B9308B68C3F3032380F8BA308B68C3F391
:104C6000031380F8BB308B6803F00F03E1E70123E7
:104C700000F1C40180F8CB303846F4F777FCB0E798
:104C8000012631E74ACC05128E650512AE65051284
:104C900020AA0020012838B5174C0DDCFFF7CCFE08
:104CA0000146164803F068FBD4F898301448196E92
:104CB00003F062FB002038BD486813F01DFF114D62
:104CC00041B21148297003F057FB95F900200021EB
:104CD00004F1980084F8CF2084F8CE20F4F721FC6A
:104CE000012195F9002004F19800F4F71AFCD4F89A
:104CF00098300648196EDBE774A80020CE650512CF
:104D0000DE65051226AA0020F46505120B66051261
:104D100037B50446B4F8B42004EB8103022A18BF67
:104D2000B4F8A0200D46196EA0F1980018BF01EB51
:104D30005201C3F8C41011F0B5FA94F8E63093B1FB
:104D40000122D4F8080145F010050DF107018DF896
:104D5000075013F093FD012805D040F27572034906
:104D6000034803F0D1FB03B030BD00BF30CC0512C7
:104D70002066051237B5044600EB81030D46196E17
:104D80009838C3F8C41011F08DFA94F8E63083B166
:104D90000122D4F808010DF107018DF8075013F036
:104DA0006DFD012805D040F289720349034803F0E4
:104DB000ABFB03B030BD00BF12CC0512206605125C
:104DC00073B51E4B05461B780C462BBBB5F8B420BB
:104DD00005EB8103022A196EB5F8A260A0F19800D4
:104DE0001CD13246C3F8C41011F06CFA95F8E730C4
:104DF00093B10122D5F80C0144F010040DF1070124
:104E00008DF8074013F03AFD012805D04FF4F76202
:104E10000B490C4803F078FB02B070BD01EB560162
:104E2000C3F8C410084B72081B68002BDCD0201F8D
:104E3000C0B202B0BDE87040184700BF70A80020A3
:104E4000F8CB0512206605126CA8002037B5174B69
:104E500004461B780D463BBB00EB8103196EC3F87B
:104E6000C410134BB0F8A2201B6852082BB1281FA6
:104E7000C0B203B0BDE830401847983811F022FAAC
:104E800094F8E73083B10122D4F80C010DF1070149
:104E90008DF8075013F0F2FC012805D040F2D772CC
:104EA0000449054803F030FB03B030BD70A8002072
:104EB0006CA80020DACB0512206605124AF644429F
:104EC00070B5314E04463388934240D12F4B304861
:104ED0001D7803F051FA31882E4803F04DFA2E4820
:104EE00003F04AFA2D492E4B1B78002B2ED0002DB3
:104EF0002CD02268536823F4807353602268536D6A
:104F000043F40023536523685A6D5203FCD55A6D50
:104F100022F400225A652268536D65F3913353657C
:104F2000226805EB8505536D43F440535365002318
:104F30002268703251F823000133AB4242F8040B6F
:104F4000F8DB2268536843F48073536070BDB3F597
:104F50007A5F0DD1134B0E481D7803F00DFA31889E
:104F6000114803F009FA0C4803F006FA0F49BAE7B2
:104F7000074803F001FA31880D4803F0FDF9BDE858
:104F80007040054803F0F8B920AA00201D8E0020CB
:104F9000166305122D66051271760512548D0020D8
:104FA000898C00201C8E00204F6605128C8C0020FE
:104FB0007166051211F0FD0F2DE9F04104460F4610
:104FC00000F19808CDB208D190F8A8312BB940462D
:104FD000FFF774FF012384F8A8316B1E012B4FF0FB
:104FE000000100F2CA806B4B17F48056197016D07E
:104FF00004F5A8724046F4F7ABF904234046B4F830
:105000003A21D4F80811F4F719FC0423012684F896
:105010007D31B4F84E3143F01003A4F84E31BB0497
:1050200018D5012104F5AA724046F4F791F9052339
:105030004046B4F83A21D4F80C11F4F7FFFB0523ED
:1050400084F87D31B4F84E31013643F02003F6B2D6
:10505000A4F84E31780412D506234046B4F83A211C
:10506000D4F81011F4F7EAFB062384F87D31B4F884
:105070004E31013643F04003F6B2A4F84E31022D12
:1050800040F0848017F480751DD0434803F074F914
:10509000B4F838114148490803F06EF9404803F06C
:1050A0006BF900234046B4F83821D4F8F810F4F72F
:1050B00055FB0023012584F87C31B4F84E3143F0D0
:1050C0000103A4F84E31B90512D501234046B4F8C6
:1050D0003821D4F8FC10F4F741FB012384F87C312B
:1050E000B4F84E31013543F00203EDB2A4F84E316D
:1050F0007A0512D502234046B4F83821D4F80011BD
:10510000F4F72CFB022384F87C31B4F84E310135DE
:1051100043F00403EDB2A4F84E313B0512D503234E
:105120004046B4F83821D4F80411F4F717FB0323F0
:1051300084F87C31B4F84E31013543F00803EDB208
:10514000A4F84E31012D21D90123D4F8A00184F80F
:105150007E3113F011FC012E12D90123D4F8A401E1
:1051600084F87F3113F008FCD4F8982000205368AD
:1051700043F001035360BDE8F0812DB184F87E1146
:10518000002384F87F31EFE72E467BE7002384F885
:105190007E31E0E770A80020166305128D660512C7
:1051A0007176051210B50446024600210448F4F752
:1051B0001FF92246BDE8104001210148F4F718B953
:1051C0000CA9002000207047002070470120704784
:1051D0002DE9F8438A4A1369002BFCDA4FF0A0430B
:1051E0001A6A884942F001021A6247F201125A62B1
:1051F0008A6E854C42F480728A66DA68642042F4D2
:105200000022DA60636F40F22D7823F480736367C5
:10521000636F43F00103636732F02AFCD4F88430F3
:10522000322043F08053C4F88430D4F8843043F003
:105230000063C4F88430D4F8843043F40043C4F8E5
:105240008430D4F8843023F4F863C4F88430D4F87C
:10525000843043F40073C4F88430D4F88C3043F4C1
:105260000053C4F88C30D4F8903043F08043C4F835
:105270009030D4F8943043F40003C4F8943043F2EF
:105280001333C4F8883032F0F3FBD4F884300421AF
:1052900043F02003C4F88430D4F88C30082243F45F
:1052A0008023C4F88C304FF0FA6340F22E7EC4F8AD
:1052B000A4301023D4F8840020F47810C4F88400BB
:1052C000D4F8840040EA4340C4F88400D4F8A40031
:1052D00040F00100C4F8A400D4F8A4008007FBD576
:1052E000D4F8A890D4F8A8C0D4F8A4C0B8EB194F4B
:1052F0002CF0010C4FEA1940C4F8A4C070D3134439
:10530000AEEB000601394FEA5202D3D11F2B08BF82
:1053100019463D4A03F1FF34D2F8840018BF591CE6
:1053200020F47810C2F88400D2F8840040EA4440A7
:10533000C2F88400D2F8A40040F00100C2F8A40032
:10534000D2F8A4008407FBD5D2F8A8C0D2F8A440B4
:105350004FEA1C4024F00104C2F8A44040F22D7230
:10536000B2EB1C4F40F22E7240D3171A264AD2F8E5
:10537000840020F47810C2F88400D2F8840040EA57
:105380004140C2F88400D2F8A40040F00100C2F805
:10539000A400D2F8A4008007FBD5D2F8A8C0D2F8A8
:1053A000A4404FEA1C4024F00104C2F8A44040F29B
:1053B0002D72B2EB1C4F40F22E721CD3151A124AFA
:1053C000BE42D2F8840020F47810C2F884001DD3C5
:1053D000AF421ED8D2F88410033B41EA43431DE09C
:1053E00070451CBF9B1AA0F22E768BE7904218BF27
:1053F000A0F22E77BAE7904218BFA0F22E75DEE732
:1054000000000C5000A00C5000800850AE42C0F0CC
:10541000EC80D2F88430023943EA41437A4CC2F836
:105420008430D4F88C30322023F48023C4F88C30BC
:10543000D4F8843023F02003C4F88430D4F88C30BE
:1054400043F48073C4F88C3032F012FB6F4B32207F
:10545000C4F89030D4F8903043F00073C4F8903022
:10546000D4F8903023F08063C4F89030D4F88C30B6
:1054700023F48073C4F88C3032F0FAFAD4F88C300C
:10548000322043F48073C4F88C3032F0F1FAD4F84F
:10549000883043F44043C4F88830D4F8883023F48B
:1054A0008043C4F88830D4F8A030DB0740F1A180F5
:1054B000574802F061FF636F052023F03C036367E8
:1054C000636F43F030036367D4F8803023F0020346
:1054D000C4F88030D4F8803043F00103C4F8803041
:1054E000D4F8803023F02003C4F8803048F28003E1
:1054F000C4F89830474BC4F89430474BC4F8983000
:10550000D4F8C03023F48043C4F8C030D4F8C43099
:1055100043F48043C4F8C430D4F8C03023F001030E
:10552000C4F8C030D4F8C43023F00103C4F8C43048
:10553000D4F8C03043F48003C4F8C030D4F8C43089
:1055400023F48003C4F8C43032F092FAD4F8C030A7
:10555000012043F40013C4F8C030D4F8C43023F45D
:105560000013C4F8C43032F083FAD4F8C0300A20F3
:1055700043F00103C4F8C030D4F8C43043F0010351
:10558000C4F8C43032F074FAD4F8C0300A2043F4BE
:105590000003C4F8C030D4F8C43023F40003C4F8C6
:1055A000C43032F065FAD4F8C030012023F48053BF
:1055B000C4F8C030D4F8C43023F48053C4F8C430E5
:1055C000636843F00C03636041F202432361A2234A
:1055D0006363124B23630623E363114BA363636886
:1055E00043F002036360BDE8F883D2F88410023B05
:1055F000F3E60C4802F0C0FED4F8883023F40043F0
:10560000C4F8883057E700BF008008509A99454495
:10561000A3660512AA0A8900AAAAAA0A09069A027A
:1056200009060002B36605122DE9F04F012085B08E
:10563000704CF6F7D7FF4E2032F0F2F94F2032F0DF
:10564000EFF9F3F709FAD4F88430DFF8B88143F0C2
:105650002003C4F88430D4F88C3043F48023C4F899
:105660008C304FF0FA63C4F8A430042008211025D0
:10567000D8F80860D4F8843023F47813C4F8843060
:10568000D4F8843043EA4543C4F88430D4F8A430D5
:1056900043F00103C4F8A430D4F8A4309F07FBD52D
:1056A000D4F8A830D4F8A820D4F8A4701B0C27F0A4
:1056B00001079E42C4F8A47040F283800D44F71A9B
:1056C000019701384FEA5101D4D1CDE902234A486C
:1056D000D4F8881002F050FEDDE90223002D75D0C9
:1056E0001F2D75D005F1FF396F1CD4F88410434885
:1056F00021F47811C4F88410D4F8841092B241EAED
:105700004941C4F88410D4F8A41041F00101C4F850
:10571000A410294602F030FED4F8A4309A07FBD535
:10572000D4F8A830D4F8A4201B0C22F001029E4229
:10573000C4F8A42050D9A6EB030AD4F8843023F48B
:105740007813C4F88430D4F8843043EA4743C4F86B
:105750008430D4F8A43043F00103C4F8A430D4F862
:10576000A4309B07FBD5D4F8A830D4F8A4201B0C98
:1057700022F001029E42C4F8A42031D9A6EB030B0B
:10578000019B534530D3DA4598BF4F461C4BC8F8B0
:10579000047008F10C0843457FF467AF154BD3F84C
:1057A0008C2022F48022C3F88C20D3F8842022F0AD
:1057B0002002C3F88420F3F789F8002005B0BDE883
:1057C000F08FBFF47EAF6D1A9F1B79E7A9468BE778
:1057D0002F464FF01E0988E738BFA3EB060AACE757
:1057E00038BFA3EB060BCBE7019B5B4538BF2F46C9
:1057F000CCE700BF00800850BE660512D2660512D5
:10580000588E0020408E002010B54FF4B272002157
:105810000A4832F015F9094A094B0A49C2F898308A
:10582000094B064813650023032210F001FD0446CE
:10583000024801F053FA204610BD00BF28AA0020FC
:1058400000800850EB660512C8D205122129F8B570
:1058500006460D46144600F1980705DC1B2906DCB8
:10586000012970D0022967D04FF0FF3016E0A1F176
:105870001C05052DF8D801A353F825F095580312FF
:10588000A75803126958031269580312B758031234
:10589000155903121AB980F8A0200020F8BD012381
:1058A00080F8A030F9E712B980F8A820F5E70123C5
:1058B00080F8A830F1E76C2A29DC12F16C0F04DBC8
:1058C00012F1480F03DB002508E06FF06B0404EBD6
:1058D000D474641004F124056FF04704224802F0E8
:1058E0004BFD22462946214802F046FD204802F0A1
:1058F00043FD224600213846F3F764FB224601218E
:105900003846F3F75FFB2846FFF74CFCC5E7002558
:105910006C24E3E772B101213846F3F7B3FB124878
:1059200002F02AFD2146134802F026FD104802F03D
:1059300023FDB2E71146EFE73846F3F776FA002089
:10594000F2F71AFFA9E73846F3F7E6F92846F6F723
:1059500049FE4E2032F064F84F2032F061F8002307
:1059600086F8403199E700BFF46605120667051214
:10597000717605122767051201292DE9F8430446BF
:105980000D4600F1980704D8B0F81E61002E00F013
:105990008F80554802F0F0FC5FFA85F8294653489D
:1059A00002F0EAFC08F1FF39514802F0E5FCB9F1D8
:1059B000010F6FD815F480660DD002213846F3F739
:1059C000F1FBB4F81E31064623F00403A4F81E319F
:1059D000012384F82331280508D5B4F81E3123F0BB
:1059E0000803A4F81E31012384F82431B8F1020F12
:1059F00035D1E90508D5B4F81E3123F00103A4F828
:105A00001E31012384F82131AA0508D5B4F81E31CE
:105A100023F00203A4F81E31012384F82231B4F8E4
:105A20001E3131489B0748D102F0A6FC314802F0F4
:105A3000A3FC2F4802F0A0FC01213846F3F700FB3D
:105A4000F2F786FFD4F8982001215368384623F0F6
:105A500002035360F3F77CFAB9F1010F1ED1B4F8D9
:105A60001E31214803F00C0393BB02F085FC224851
:105A700002F082FC1E4802F07FFCD4F898205368A4
:105A800023F001035360F3F72DF902213846F3F7B1
:105A90005FFA03E0B8F1000F0DD00026124802F0C3
:105AA0006BFC1648294602F067FC114802F064FCC2
:105AB0003046BDE8F88346469BE702F05DFCB4F84B
:105AC0001E110F4802F058FC094802F055FCC3E7CC
:105AD00002F052FCB4F81E11094802F04DFC0448D3
:105AE00002F04AFCDAE700BFF4660512876305128C
:105AF000717605123E67051269670512C2630512C9
:105B000051670512F8B54FF4207300250127A0F85E
:105B10001C310446C0E94B55C0E94D55A0F89C50D6
:105B200080F8A07080F8A870142012F0F1FF0646EB
:105B3000C4F85C01142012F0EBFF04F5A471C4F862
:105B400060010A22304612F05FFE0A2204F5A971B4
:105B5000D4F8600112F058FE3846F6F743FD4E20A7
:105B600031F05EFF4F2031F05BFF04F19800F3F756
:105B7000D3F80446054802F0FFFB2146044802F032
:105B8000FBFB044802F0F8FB2846F8BDF46605125A
:105B90007C67051271760512F8B50D46044600289B
:105BA00057D0002955D00B68012B04D0022B23D0ED
:105BB0004FF0FF30F8BD00230C260869264A06FB8B
:105BC00003F18F18515888420ED184F89E30C4F8E2
:105BD000AC706B68580744BF022384F83D316B6892
:105BE000190705D40020E5E70133092BE7D1F0E7D9
:105BF000032384F83D31F5E7002314260869174A8A
:105C000006FB03F18F18515888421ED184F89E304C
:105C1000C4F8A4706B6804F19806DA0708D500216F
:105C2000304604F1A002F3F73BF9002384F83C313D
:105C30006B689B07D6D50121304604F1A002F3F72B
:105C40002FF9012384F83C31CCE70133092BD7D15C
:105C5000E0E70120AEE700BFF4D2051260D30512E1
:105C600002280B4610B505D00D4802F085FB4FF019
:105C7000FF3010BD58680A22002113F04BF804468B
:105C80000146084802F078FB224600210648F3F757
:105C900099F9224601210448F3F794F90020E8E736
:105CA000384E051296670512C0AA0020F8B50446C2
:105CB0001D460E46C1B190F83C71012F05D940F246
:105CC00032620E490E4802F01FFC04EB8707D7F83A
:105CD0002C0158B12A46314615F088FA94F83E3125
:105CE00013B1FF2384F83C312846F8BD40F23E62F0
:105CF0000249044802F008FCF6E700BF1BD2051277
:105D0000A56705120C6205120120704738B50D4DCC
:105D1000D5F89040C4F313040444B4F5801F04D3B1
:105D2000A2220949094802F0EFFBD5F8903064F34C
:105D30001303C5F89030D5F8903043F00073C5F8E0
:105D4000903038BD008008503BD20512C367051261
:105D500002280B4610B505D00A4802F00DFB4FF0A3
:105D6000FF3010BD0A225868002112F0D3FF04460C
:105D70000146054802F000FB20B2FFF7C7FF0020F4
:105D8000EFE700BF384E0512E467051270B506460E
:105D9000324C3220D4F88C3043F48073C4F88C3009
:105DA00031F066FE032E45D8DFE806F0023E4042A1
:105DB0002B4BC4F89030D4F89030322043F000736D
:105DC000C4F89030D4F8903023F08063C4F8903059
:105DD000D4F88C3023F48073C4F88C3031F048FE52
:105DE000D4F88C30322043F48073C4F88C3031F016
:105DF0003FFED4F88830322043F44043C4F8883062
:105E000031F036FED4F88830314623F48043C4F8AC
:105E10008830D4F8A05015F0010511D0114802F0D7
:105E2000ABFA4FF0FF3070BD0F4BC2E70F4BC0E72E
:105E30000F4BBEE7E3220F490F4802F065FBBAE7BC
:105E40000E4802F099FAD4F88830304623F4004323
:105E5000C4F88830F2F796FC2846E4E70080085042
:105E60006F125344F3670512226C484400005044FB
:105E70009A9945442BD20512636C051210680512DD
:105E800038B505461A480C4602F076FA4AF64443FD
:105E900064009D42E4B207D045F222639D4203D0E4
:105EA00042F611339D4221D101250134E4B2F2F7CB
:105EB000D3FD0C200F4B1049D3F8842000FB0511B3
:105EC00022F47812C3F88420D3F8842049680B4860
:105ED00042EA4142C3F88420224602F04DFA2046AD
:105EE000FFF754FF10F0FF00F9D138BD0025DEE7C1
:105EF0002868051200800850408E00203568051281
:105F000038B54AF644434C009842E4B207D045F213
:105F10002263984203D042F6113398421FD10120E8
:105F20000134E4B20C250F4B0F49D3F8842005FB54
:105F3000001122F47812C3F88420D3F88420496831
:105F40000A4842EA4142C3F88420224602F014FA89
:105F50002046FFF71BFF10F0FF00F9D138BD0020ED
:105F6000E0E700BF00800850408E00203568051231
:105F70002DE9F84311F0FF0704460D4690F89E60A6
:105F800000F1980811D0022F27D10C22142372435C
:105F9000724973438A587249CB589A4205D040F2ED
:105FA0007C427049704802F0AFFA142373436C4985
:105FB00094F84021C818007940B1CE584FF002093A
:105FC00001213046EAB9FFF75BFF1CE0FAB9F2F7AE
:105FD00043FD012384F8403119E0012F40F0A980EE
:105FE0000C214E435D4A90F84031911909790029FE
:105FF00000F09B8096594FF0020939463046002B3D
:10600000E1D0FFF77DFF84F84091C4F84461574820
:1060100002F0B2F9D4F8442194F84011544802F047
:10602000ABF907F1FF39534802F0A6F9B9F1010FB6
:1060300000F2868015F4806617D0002104F1A802D2
:106040004046F2F763FF02234046B4F81C21D4F81F
:106050000411F3F741F80223012684F83D31B4F826
:106060001E3143F00403A4F81E31290510D5012187
:10607000404604F1A802F2F749FF032384F83D31BA
:10608000B4F81E31013643F00803F6B2A4F81E310D
:10609000022F5FD115F480731FBFB4F81E3143F097
:1060A0000103A4F81E310123AA0553D5012284F867
:1060B0003C21B4F81E2142F00202A4F81E21002B5C
:1060C00048D0D4F85C0184F83E3112F055FC022E21
:1060D0003AD10123D4F8600184F83F3112F04CFC2E
:1060E00015F0FD0511D1D4F89820012153684046E0
:1060F00043F002035360F2F7A3FFD4F8A400F2F7D1
:1061000047FB29464046F2F79BFFB9F1010F09D83A
:10611000D4F8AC00F2F7EEFCD4F89820536843F0C2
:10612000010353600020BDE8F883002B7FF46FAFBC
:106130004DE740F2B3420B490F4802F0E5F966E73C
:1061400037B1002384F83E31002384F83F31C7E79C
:106150003E469FE7002384F83E31B8E7F4D20512AB
:1061600060D3051206D205125A680512F4660512AC
:106170008568051271760512636C05120048704738
:10618000C0AA002037B5044600EB8103B0F8842094
:106190000D46596E983801EB5201C3F8941052081D
:1061A00010F090F894F8A73093B10122D4F8C80009
:1061B00045F010050DF107018DF8075012F05EFB58
:1061C000012805D040F2AD620249034802F09CF973
:1061D00003B030BDEAD105122066051237B504467A
:1061E00000EB81030D46596E9838C3F89410B0F84F
:1061F0001C21520810F066F894F8A73083B10122F0
:10620000D4F8C8000DF107018DF8075012F036FBE5
:10621000012805D040F2BF620249034802F074F938
:1062200003B030BDCAD105122066051238B5124D33
:106230002C78E4B940F6A8322146104831F000FC31
:106240000E4A0F4B1046C2F88C320E4923460122EB
:10625000703000F06DFF28B141F2D7420A490B4877
:1062600002F052F94FF6FF73044AA2F85C3B012397
:106270002B70002038BD00BF8CAB002090AB0020FD
:1062800000600050E368051214D40512735605121D
:10629000012808B511DC0A4802F06EF8094802F03E
:1062A0006BF8094802F068F8054802F065F80748FD
:1062B00002F062F8044802F05FF8002008BD00BF59
:1062C000E8680512F1680512717605120F6905126A
:1062D00008B501F045FA0348F4F73AF9BDE808407B
:1062E00001F054BA90AB002008B501F039FA034828
:1062F000F4F794F9BDE8084001F048BA1CAE00205C
:1063000010B50A4C236823B94E220949094802F006
:10631000FBF8206801F01EF830B1BDE810405222B1
:106320000349054802F0F0B810BD00BF3CB700209B
:1063300055D405121B6905127356051210B5084C89
:10634000226852B90121074800F018FF206020B9E7
:10635000C4220549054802F0D7F8002010BD00BF4F
:106360003CB700202C6905124CD405121B6905129C
:1063700008B501F0F5F90B4B1B78022B0DD1F2F7A4
:10638000DBF9F2F7E9F9084B1B689B8B0BB9FFF7B8
:10639000B7FFBDE8084001F0F9B9F2F7A9F9F2F743
:1063A000B9F9F0E738B700203CB7002008B5022162
:1063B0000D2031F04DFBC82031F05AFB4FF0A042C8
:1063C000536A4FF4487023F47C1343F47013536200
:1063D000F3F7ACFB0020F3F7D3FBBDE80840002245
:1063E0004FF0FF301146F3F733BB000008B501F062
:1063F000B7F90A4B586A20F0604020F0FF0010B156
:10640000000AFBF739F8FAF72FFFF2F751F900F01D
:1064100067FBBDE8084001F0B9B900BF00000C50AF
:1064200010B5002498B01822002102A831F008FB12
:106430001822214609A8019431F002FB1B4B089356
:10644000002202A908A8F6F7A7FB002201A908A8C4
:10645000F6F7D6FB0128F3D0039A9DF80A300FA86F
:10646000802A88BF01330F939DF809309DF90720DA
:1064700010939DF8083011939DF8063012939DF803
:106480000530013B13939DF80430072B08BF002310
:1064900015939DF80730002AB4BF23F080036433BE
:1064A000149314F059F818B010BD00BF00B00C5090
:1064B000034B044A1860044BB3FBF0F3138070479E
:1064C00044B7002040B70020007C920000207047B5
:1064D00070470A2070470020704700207047000076
:1064E00010B5044628B940F233220B490B4802F09C
:1064F0000BF8012031F0DCFA2060012031F09CFA29
:1065000001216060084631F033FA0021A0600120CB
:1065100031F02EFAE06010BD92D4051234690512F4
:1065200010B5044628B940F251220449044801F04C
:10653000EBFF0023C4E9003310BD00BF6DD405128A
:1065400034690512002307B50A460146074801933E
:1065500001F012FF4FF41A720549064801F0D4FF0A
:10656000019B002BFCD003B05DF804FB40690512D1
:106570005CD40512636C051238B5044628B940F2A4
:106580003E221949194801F0BFFF022031F0D0F92D
:10659000022031F08DFA2060022031F04DFA012105
:1065A0006060022031F0E4F90021A060022031F0A7
:1065B000DFF9E060EFF31085012383F310880C4CC2
:1065C000237823B940F24B210A48FFF7BBFF237819
:1065D000013BDBB2237023B9074AD36A23F00103DE
:1065E000D36285F3108838BD80D405123469051252
:1065F000F88200207269051200000C5070470000FC
:1066000037B5FFF7FBFF1C4C31F03AFA31F05CFA7A
:10661000FFF7CCFE19491A4802F02EF8194DFAF787
:106620005FFFFBF711FB184801F088FE61686268A4
:1066300063686068AD68C0B20090C3F30723134875
:106640000195C2F30742090E01F096FE636813F04C
:10665000FC0F0CD06368DBB2072B08D06368DBB299
:106660000F2B04D04FF437710948FFF76BFF03B0CD
:10667000BDE8304000F056BA00B0005000FC0720E2
:10668000CCD2002000A00C50755D0512B96905122E
:106690007269051208B531F04FF9BDE8084031F0D4
:1066A0005FB9FFF7F7BF08B5082031F069F9092095
:1066B00031F066F9252031F063F92F2031F060F9CF
:1066C000212031F05DF9462031F05AF9422031F0B5
:1066D00057F9122031F054F9402031F051F9BDE85A
:1066E00008402B2031F04CB908B50E4801F044FEAB
:1066F0000D4801F041FE0D4801F03EFE094801F051
:106700003BFE0B4801F038FE084801F035FE054815
:1067100001F032FE074801F02FFEBDE808400348B3
:1067200001F02ABEEC690512F569051271760512B1
:10673000286A05125B6A05124FF4E67201490248A5
:1067400001F0E2BEBFD40512636C051238B548688B
:1067500012F0D2F905460F4C0F48D4E91F12EDB2E2
:1067600001F00AFE5DB10D4801F006FE40F2D223B1
:10677000C4E91F330A48BDE8384006F069B8094843
:1067800001F0FAFD4FF43D724FF42D730648C4E951
:106790001F23F0E700300050A06A0512DB6A0512E3
:1067A000EE6A0512F56A0512755D051208B5044911
:1067B00014F0E0FB003818BF0120404208BD00BFC4
:1067C0000B6B05120228F8B50E4603DCBDE8F84055
:1067D000FFF78ABF8868F3F7E8FF77680546434903
:1067E000384614F0C7FB0446E8B9414B1B6823B98F
:1067F0004048BDE8F84001F0BFBDF068F3F7D5FFB1
:106800000646A64203D1B3072BD03B48F1E755F823
:1068100024103A48013401F0AFFDA207F1D1364807
:1068200001F0AAFDEDE73649384614F0A3FB014616
:10683000E8B92F4B1B68002BDAD01022314831F019
:10684000FFF840222F49F068F3F7CDFF40280346B8
:1068500028BF4023033323F003032A4A2B449D42DD
:1068600000D1F8BD52F8041B45F8041BF7E7264990
:10687000384614F07FFB014648B91D4B1B68002BBE
:10688000B6D01022F06812F0F1FA2860E9E7384635
:106890001E4914F06FFB0446A8B903463022542168
:1068A000102031F0E1F8234630225521112031F03B
:1068B000DBF855215420F3F7DDFEBDE8F840052153
:1068C0001348F3F765BF3846124914F053FB00280C
:1068D0007FF47CAF0421B068FFF768FF0028C0D1C7
:1068E0000122034B0C481A6083E700BFAF73051207
:1068F00088B70020106B0512717605121A6B05120D
:10690000D35B051248B70020206B0512286B0512D7
:106910002E6B0512346B05123B6B051238B50D4614
:106920001149686814F026FBE8B9E86812F0E4F849
:10693000AD6844B20D49284614F01CFB48B9214605
:10694000F1F7A8FC02462146BDE83840084801F0AE
:1069500013BD2846074914F00DFB10B9214601204C
:10696000EEE7FF22EFE738BD456B05124D6B0512D0
:10697000576B0512536B051207B531F0BDF8019046
:106980000F4808F027FF0E4808F000FF0238019A70
:10699000052812D8DFE800F0030B110F110D0421B8
:1069A000084808F0ADFF0A2002F075FDE5E7052173
:1069B000F6E70A21F4E70921F2E70021F0E700BF3A
:1069C00004BA00208CB700204FF40062014902484D
:1069D0000EF0F6BF000000608CB9002000B5314811
:1069E000A9B001F0C9FC0123102240F24911262070
:1069F00031F03AF8012310224FF4A3712A2031F02C
:106A000033F819232422CDE902321D230193264BAA
:106A100026490093802326481A460EF0E9FE0123FA
:106A200000227921352031F01FF80123002277213F
:106A3000332031F019F8012330227821342031F04D
:106A400013F801232522272100931A48262308F052
:106A50005BFE194B194A1A491A4808F032FF802385
:106A6000184804AA0EA9CDE901330093164B0DF086
:106A7000DCFD0FF091F90C2314210022CDE9003147
:106A800012484FF40063124902F028FE02F04EFD56
:106A900031F032F801460B4809F028F80A2002F0DC
:106AA000FAFCF5E76F6B0512E65F05127D6B0512C8
:106AB0008CB9002004BA0020E145041241450412BB
:106AC00060D000208CB7002000000060836B0512AE
:106AD00079690312014B1868704700BF24BA00207F
:106AE00008B5094A13680133136002F075FB836C23
:106AF000013B83641BB9436C836402F0B7FBBDE8C0
:106B0000084002F091BF00BF24BA002040EAE070C4
:106B10007047002070470020704700207047002019
:106B20007047000038B5044C044DAC4200D338BD6A
:106B300054F8043B9847F8E7A87E0612C87E061270
:106B400038B5054C054DAC4200D338BD54F8043B74
:106B5000002BF8D09847F6E7C87E0612007F061291
:106B600008B5FFF7EDFFBDE80840FFF737BF7047F6
:106B70000A23142213B50B49CDE900320A484FF419
:106B80000063002202F0AAFD044628B94FF4B37254
:106B90000649074801F0B8FC204602B0BDE81040A5
:106BA00002F0C4BC616B03128D6B05125BD505123C
:106BB000926B051208B530F0BFFEFFF721FD01F022
:106BC00007FC03F01DF802F087F9FFF7D1FF03F08F
:106BD0001DF800F04FFA02F0A3F9002008BD08B537
:106BE000FFF7C5FFFFF7E6FF002008BD10B504461C
:106BF00020B952220D490E4801F086FC204602F0D1
:106C000029F9092804D0532208490A4801F07CFCDC
:106C1000204602F00DF920B954220449064801F03B
:106C200073FC204602F05AF8002010BDF7D505127B
:106C3000A7600512A16B0512DC6B0512F8B50746BB
:106C400002F0CAFA08B102F02BFA092001F0ECFFB9
:106C5000044620B97C221049104801F055FC54F834
:106C6000045FA54204D102F0B7FA90B900260CE007
:106C7000A5F10C0608223946304601F000F830B97B
:106C800002F0AAFA08B102F019FA3046F8BD2D68F0
:106C9000E7E702F013FAE9E7E8D50512046C0512FC
:106CA000F8B50E461746044610B94FF0FF30F8BD50
:106CB0000846FFF7C3FF05460028F6D120463246B6
:106CC000092101F0C1FF04F144032846C4E90F552E
:106CD000C4E91133E782A5762583E8E738B5044691
:106CE00020B9D1220C490D4801F00EFC636A8BB12A
:106CF000E28AD2060ED420469847054630B10246B5
:106D00002146074801F038FB284638BDE38A43F0A6
:106D10001003E3820025F7E7D9D50512A760051215
:106D20001B6C051270B50E46044620B9F4222649A4
:106D3000264801F0E9FB204602F08CF8092804D02F
:106D4000F5222149224801F0DFFBE38AD80610D45E
:106D5000636A53B120469847054630B10246214642
:106D60001C4801F009FB284670BDE38A43F010037C
:106D7000E382190702D5238B1A0721D4A36AB3B182
:106D80003146204698470546B8B90025238B43F085
:106D900008032383A37E0133DBB2A376002BE2D169
:106DA00040F2231208490C4801F0AEFBDBE726F461
:106DB000704121F0F0012183E7E7831DD3D1E5E79E
:106DC0006FF00605CFE700BFCAD50512A760051210
:106DD000A16B05121B6C0512516C051210B504460F
:106DE00028B940F235121349134801F08DFB2046B3
:106DF00002F030F8092805D04FF49B720D490F4876
:106E000001F082FBA37E83B1013BDBB2A3767BB9A9
:106E1000E36A1BB900200023238305E0204698473E
:106E20000028F7D0831DF6D010BD4FF0FF30FBE7F0
:106E30000020F9E7BAD50512A7600512A16B05126B
:106E40002DE9F0410D4616461F46044628B940F28A
:106E50005F121449144801F057FB204601F0FAFF75
:106E6000092805D04FF4B0720E49104801F04CFBD0
:106E7000A37E33B94FF0FF3000F06AFE0020BDE87A
:106E8000F081D4F830E0BEF1000F07D03B46324627
:106E900029462046F446BDE8F04160476FF0050002
:106EA000EAE700BFABD50512A7600512A16B05127A
:106EB0002DE9F0410D4616461F46044628B94FF409
:106EC000C3721449144801F01FFB204601F0C2FFB1
:106ED000092805D040F287120E49104801F014FB32
:106EE000A37E33B94FF0FF3000F032FE0020BDE842
:106EF000F081D4F834E0BEF1000F07D03B463246B3
:106F000029462046F446BDE8F04160476FF0050091
:106F1000EAE700BF9BD50512A7600512A16B051219
:106F200070B50D461646044628B940F2A7120D4921
:106F30000D4801F0E9FA204601F08CFF092805D040
:106F40004FF4D4720749094801F0DEFAA36B2BB164
:106F5000324629462046BDE8704018476FF00500CC
:106F600070BD00BF89D50512A7600512A16B05127F
:106F700038B50D46044628B940F2C11208490948FF
:106F800001F0C2FA204601F065FF092805D04FF450
:106F9000E1720349044801F0B7FAE561002038BD09
:106FA0006FD50512A7600512A16B0512F8B5244E26
:106FB0003368B34200D1F8BD30F0BEFC044600F0A7
:106FC00007FC40B11F49204801F0D6F999221D491C
:106FD0001E4801F099FA204630F00AFD30F0ACFC72
:106FE00033680746B3421AD034682546636855F8BB
:106FF0001429536022681A60C4E9004402F050F872
:10700000A36E0BB128469847284601F011FF0128CE
:1070100009D1284601F062FE02F050F83846BDE87A
:10702000F84030F0E5BC02F049F8384630F0E0FCBA
:10703000606901F08BFC284601F0C6FEB8E700BF8E
:10704000C0BD00200CD60512656C0512636C0512DC
:1070500038B50024064D55F8043B03B19847013478
:10706000042CF8D1FFF7A2FF30F05EFCF1E700BF7F
:1070700028BA00201FB51F232022CDE902324FF489
:1070800000730193064B074A009307490023074802
:1070900002F048FB054805B05DF804EB02F046BA83
:1070A00038BA0020517003128C6C051238BC0020D5
:1070B00070B504464FF0FF3623689C4200D170BD86
:1070C00030F03AFC05462068C661143802F0EAF94F
:1070D000284630F08DFCEFE7143802F0E3B970B5C4
:1070E0001646054608460C4602F0F0F82EB1012E71
:1070F00000D070BD2B689D4208D16A6804F114036A
:1071000013606A68A2616B606561F2E794F83510FC
:1071100093F82120914208D2596804F114020A60C0
:107120005968A1615A606361E3E71B68E3E7000007
:10713000F8B50F4615461E46044620B9CA220C492A
:107140000C4801F0E1F9B5F5803F04D3CB220849A2
:10715000094801F0D9F920463A46022101F074FDB0
:1071600004F11403C4E90533A58366720020F8BD59
:1071700087D60512926C0512A16C0512F8B5064669
:107180000C46154630F0D8FB074600F021FB48B10D
:107190001049114801F0F0F840F207120D490F486C
:1071A00001F0B2F9384630F023FCB4F5803F05D346
:1071B0004FF4847207490A4801F0A6F931460220CB
:1071C00001F0B2FD28B100F11403C0E90533848356
:1071D0004572F8BD79D60512656C0512636C05120F
:1071E000A16C05122DE9F3410446019128B94FF431
:1071F000A4724E494E4801F087F9204601F02AFE5C
:10720000022805D040F2491248494A4801F07CF969
:10721000494B1B680BB12046984730F08DFBA38B80
:1072200007464BB1013BA38330F0E2FB434B1B68A5
:10723000002B78D1002005E0019B33B930F0D8FB5A
:107240006FF0010002B0BDE8F08130F075FB05463B
:1072500001F0C2FF48B93549394801F08DF840F2D4
:1072600069123249374801F04FF930F065FB0646A4
:1072700001F042FF48B12D49334801F07DF840F25A
:1072800069122A492F4801F03FF9304630F0B0FB2F
:1072900030F052FB064600F09BFA48B123492B48D8
:1072A00001F06AF840F269122049264801F02CF9F1
:1072B000304630F09DFB284630F09AFB4FF0000836
:1072C00001F08AFFC0F8308001460546627A04F179
:1072D0001400FFF704FF019B434509DD05F14C064F
:1072E0004146304601AA02F069FB304602F0B0FA8E
:1072F000384630F07DFB30F01FFB0128064609D1EF
:107300000A49134801F038F840F28B1207490D483A
:1073100001F0FAF8304630F06BFB01F019FE286BF3
:10732000002883D08EE72046984783E76DD6051264
:10733000926C0512B26C0512B0BD0020ACBD0020ED
:10734000266D0512636C05125D6D0512656C0512E4
:10735000896D051238B5044628B94FF4DB72164919
:10736000164801F0D1F8204601F074FD022805D03E
:1073700040F2B7121049124801F0C6F8114B1B68D1
:107380000BB12046984730F0D7FA2346054653F80C
:10739000140F98420AD0FFF79FFE0124284630F0D0
:1073A00027FB0CB101F0D4FD002038BDA38B0133C5
:1073B000A3830024F2E700BF5ED60512926C05128B
:1073C000B26C0512A8BD002070B50D4616460446E5
:1073D00028B940F2E7121149114801F095F820460A
:1073E00001F038FD022805D04FF4F4720B490D4826
:1073F00001F08AF8012D0ED130F09EFA054604F115
:107400001400FFF755FE2846A68330F0F1FA01F08C
:107410009FFD002070BD4FF0FF30FBE74FD60512F7
:10742000926C0512B26C051270B50E4615460446F4
:1074300028B94FF405720949094801F065F820465A
:107440003246032101F000FC002004F11403C4E9DA
:107450000533044B6572C4E9073070BD41D605128F
:10746000C56D05120100FF00F7B50446019130F02B
:1074700063FA054601F0B0FE48B95C495C4800F08B
:107480007BFF40F2932259495A4801F03DF830F011
:1074900053FA064601F030FE48B15449564800F010
:1074A0006BFF40F293225149524801F02DF83046CB
:1074B00030F09EFA30F040FA064600F089F948B103
:1074C0004A494E4800F058FF40F293224749494844
:1074D00001F01AF8304630F08BFA284630F088FA7E
:1074E0002CB940F296224149454801F00DF820465A
:1074F00001F0B0FC032805D040F297223B494148F7
:1075000001F002F801F068FE054630F015FA3E4B36
:1075100006461B680BB12046984700232B63236A5D
:10752000AB4252D1E37F0133DBB2E377304630F038
:107530005FFA364B1B68002B55D1002008E0019BF9
:1075400043B96FF0010430462C6330F051FA204605
:1075500003B0F0BD206A95F8352090F835309A4296
:1075600004D2022105F1350202F01CF82946627AA4
:1075700004F11400FFF7B3FD019B002B09DD05F1B9
:107580004C070021384601AA02F018FA384602F0EA
:107590005FF9304630F02CFA30F0CEF9012807467A
:1075A00009D112491A4800F0E7FE4FF43C720F4926
:1075B000104800F0A9FF384630F01AFA01F0C8FC74
:1075C000286B60B110F1090FC2D1A38B002BB6D08C
:1075D000013BA383256295F83530A377A2E730F00D
:1075E000ABF90646A2E720469847A6E733D6051230
:1075F000266D0512636C05125D6D0512656C051232
:10760000C56D0512D66D0512B0BD0020ACBD0020C1
:10761000896D051270B5044628B940F21D324849FB
:10762000484800F071FF204601F014FC032805D003
:1076300040F21E324249444800F066FF30F07CF9C7
:10764000054601F0C9FD48B93D49404800F094FEA7
:1076500040F223323A493E4800F056FF30F06CF9D0
:10766000064601F049FD48B135493A4800F084FE2C
:1076700040F223323249364800F046FF304630F0BF
:10768000B7F930F059F9064600F0A2F848B12C4994
:10769000314800F071FE40F2233229492C4800F0B5
:1076A00033FF304630F0A4F9284630F0A1F901F05C
:1076B00093FD054630F040F9284B06461B680BB198
:1076C00020469847236AAB4207D04FF0FF3430463C
:1076D0002C6330F08DF9204670BDE37F013BDBB2B7
:1076E000E37743BBA27F95F835309A4205D002215B
:1076F000284604F11E0201F055FF234653F8140FEB
:10770000984211D0A0F11403236290F82130A3779E
:10771000E37F0133E377FFF7DFFC0124304630F0ED
:1077200067F954B90020D7E7A38B0133A383002363
:107730002362FF23A3770024F0E701F009FCF1E7BF
:1077400022D60512C56D0512D66D0512266D0512DD
:10775000636C05125D6D0512656C0512A8BD0020F5
:1077600010B530F0E9F8074A044613780133DBB26C
:107770001370054B1B6803B198472046BDE81040C5
:1077800030F036B9BCBC0020C4BC002038B530F0A5
:10779000D3F80B4D04462B7823B9622209490A48D5
:1077A00000F0B2FE2B78013BDBB22B70074B1B685D
:1077B00003B198472046BDE8384030F019B900BF02
:1077C000BCBC002093D605124A6E0512C0BC002036
:1077D000014B1878704700BFBCBC00202DE9F04F6A
:1077E000584E594C85B0DDE90F7515F0400F0CBFB0
:1077F000B046A04615F0100E1FD04FF0200C25F01B
:10780000010515F0020427D0002A1EDA2D24524269
:10781000E94600260A2B03BFB2FBF3FB03FB1B2A3E
:107820005A4602F00F0A18F80AA018BF12090136CA
:1078300009F801AB002AEDD114E015F0010F0CBFDF
:107840004FF0200C4FF0300CDBE76C074FBF2B24C0
:10785000C5F3C0046401E4B2002AD9D13023012663
:107860008DF80030BE423246B8BF3A460E9B15F046
:10787000110FA3EB020318D114B1002B00DD013B63
:1078800005464FF0200A00EB030904E08D4238BFA3
:1078900085F800A00135A9EB0508B8F1000FF5DC6B
:1078A00023EAE375013B5B1B284424B1884238BFBF
:1078B0000470013B0130BEF1000F14D004464FF0BC
:1078C000300E00EB020C17E08C4238BF84F800C089
:1078D0000134AEEB0405002DF6DC23EAE374013B32
:1078E0001B1B2044EAE7044600EB030EF1E78C4241
:1078F00038BF84F800E00134ACEB0405AE42F6DB9F
:10790000921B10446A46013E0BD2024620261D18E7
:10791000AC1A002C10DC002BA8BFC01805B0BDE8C5
:10792000F08F002FF1D0884238BFB45C00F1010025
:1079300038BF00F8014CE6E78A4238BF16700132C2
:10794000E6E700BFA6D60512B7D605120000000074
:107950004E282DE9F04FA8BF4E2057EC106B8B46F8
:1079600015469A4687B020EAE0740022002330468C
:1079700039461CF0EBFF18B107F100431F46012008
:10798000286047EC106B02A813F0D4FCDDE902017B
:10799000002200238DED000B1CF0CEFF05460028D1
:1079A00055D10AF15008C146DDE9026700220023E3
:1079B000304639461CF0C0FF18B34B460AF1FF327F
:1079C00043453FD30AF15003A3EB0908994588BF0B
:1079D0004FF00008D044109B544403B92C44544544
:1079E000CBF8005057D300264D4F0AF15005A04563
:1079F00001D8A84556D3AC4269D300238AF84F304A
:107A00004CE0502DD9D00022454B304639461CF071
:107A100055FE41EC100B02A813F08CFC3EA3D3E9F9
:107A2000002351EC100B8DED040B1CF067FB0022C2
:107A30003B4B1CF019FD1CF0C7FF303009F8010D5D
:107A40000135B1E713F8011B02F8011FB8E7002266
:107A5000DDE9000100231CF097FF0546A8B9D046D8
:107A6000B9E7CDE90067013D4246DDE900014B463B
:107A70001CF0FAFC00222B4B06460F461CF066FF5A
:107A80000028EED1CDE90467E9E700254FF00008B2
:107A9000DFF88C90E8E700238AF80030504607B002
:107AA000BDE8F08F3246DDE900013B461CF0DCFC0E
:107AB00041EC100B04A813F03DFCDDE904018DED51
:107AC000000B1CF081FF303008F8010B8FE72378A2
:107AD000302105332370312023461A78392A02D801
:107AE00000232370DAE75345197005D913F8012CE8
:107AF000013B01321A70F0E71870DBF80020013208
:107B0000CBF80020109A002AE7D1544588BF217095
:107B10000134E2E7AFF30080B81E85EB51B89E3F19
:107B2000000024400000F03F30B5013911F8014F4A
:107B30000346154600F8014B013A34B92B449842EC
:107B400000D130BD00F8014BF9E7002AEED1F8E78B
:107B500010B50446FFF73CFE10B1044B1C6010BD8D
:107B600001F03AFB0028F8D00463F8E758BD002084
:107B700008B5FFF72DFE08B1034808BD01F02CFB46
:107B80000028F9D03030F8E758BD00200F2AF0B5B2
:107B900005D80346013B0A4491423CD1F0BD41EA7D
:107BA00000039B07F5D1154601F1100400F1100305
:107BB00054F8106C103D43F8106C54F80C6C0F2DF9
:107BC00043F80C6C54F8086C03F1100343F8186C7C
:107BD00054F8046C04F1100443F8146CE8D8A2F1D2
:107BE000100323F00F03CD180344103302F00F02EB
:107BF0001C4616461035091A032E07D86FF00301EC
:107C000094084C432244291B1B1BC3E76758043EBE
:107C100027600434F0E711F8014B03F8014FBBE78C
:107C2000884210B501EB020402D98442234607D8EA
:107C3000431EA14207D011F8012B03F8012FF8E7EA
:107C40000244824200D110BD13F8011D02F8011D4B
:107C5000F7E7034610B501390244934201D10020F1
:107C600010BD187811F8014F001BF9D10133F4E76A
:107C700010B504460AB1FFF757FF204610BD10B5F6
:107C8000431E0A44914201D1002008E013F8014F3D
:107C900011F8010B201A40B208B9002CF2D110BD26
:107CA00010B50346044622461278E01A01340AB1A0
:107CB0008142F8D810BD03461A46117801330029D5
:107CC000FAD1101A70472DE9F041044608460F46D4
:107CD000FFF7F1FF064698B12046FFF7ECFF054697
:107CE00004EB0008B542A8EB050401DA002407E024
:107CF000324639462046013DFFF7ABFF0028F1D15F
:107D00002046BDE8F08170B50646FFF7D4FF451C5C
:107D1000284600F011FD044618B12A463146FFF707
:107D200035FF204670BD13B500240094FFF710FE08
:107D300002B010BD2DE9F04F10EB0109B9B01E469D
:107D400007900A9103D3C3434FF0FF390A93079C6E
:107D500008E0252B15D017464C4538BF2370601C12
:107D600004467A1C1378002BF3D10A9A22B14C45B1
:107D700034BF237009F8013C079BE01A39B0BDE815
:107D8000F08F002151E02D2B4CD0302B6AD0A3F185
:107D90003000092852D83A4600254FF00A0C174601
:107DA0003B780132A3F1300009285ED93B782E2BB5
:107DB0006ED17A787B1CA2F13000092862D80022AB
:107DC0004FF00A0C1F4638780133A0F1300EBEF197
:107DD000090F52D922EAE2783A7802F0FB03682BC5
:107DE00008BF013797F800B018BF0022BBF1780F29
:107DF0000AD8BBF1620F52D8BBF1250F00F02581E4
:107E0000BBF1580F00F027814C453CBF2523237060
:107E10003B78601C002B00F07182484538BF6370CE
:107E2000A01C9DE741F010013A465378571C2B2BBC
:107E30000FD0A8D8202B0FD0232B10D02A2B19D14C
:107E400056F8045B971C002DB0DA6D4241F010012A
:107E5000ACE741F00401E7E741F00801E4E741F055
:107E60002001E1E741F00101DEE70CFB0533A3F15E
:107E7000300594E74FF0FF3598E70CFB0200A0F1C6
:107E800030029FE72A2A06D156F8042B0237A1E7D1
:107E90004FF0FF38A0E71F464FF000089CE7ABF11A
:107EA0006303152BB0D801A050F823F0257F0312EF
:107EB0005F800312097E031267800312097E03129A
:107EC000097E03125F800312097E0312097E0312EA
:107ED000097E0312097E0312097E0312057F031235
:107EE0002B800312097E0312097E03128B7F03127B
:107EF000097E031263800312097E0312097E0312B6
:107F00005B80031208236C2A06F1040A40F0F88112
:107F10003268CDE90181204649460095FFF75EFCB5
:107F200056461DE7C90615D42A462346202103E0FC
:107F30004B4538BF19700133013A002AF8DC002D97
:107F400005F1FF33C5F10105D8BF00251D44D8BF99
:107F500000231C444C4538BF336804F1010038BF8E
:107F60002370321D034620262C44E11A002907DC29
:107F7000002D05F1FF33D8BF002316461844EFE665
:107F80004B4538BF1E700133EFE7AD4B56F804ABDD
:107F90000491BAF1000F08BF9A465046FFF78BFED6
:107FA000B8F1000F0346049902DD4045A8BF4346DF
:107FB000CA0619D422464FF0200C601904E04A4545
:107FC00038BF82F800C00132811A8B42F7DBAB4226
:107FD000A3EB050205F1FF31C8BF0022A5EB0305A5
:107FE000C8BF00252C44551800229A420FDB002BF5
:107FF000A8BFE4184FF0200C22466019811A8B426A
:108000000DDBE81AAB42C8BF00202044A8E6A11847
:10801000894584BF1AF80210A1540132E5E74A45A8
:1080200038BF82F800C00132E8E76B1C04BF0825A6
:1080300041F00101CDE90181009510234946204618
:1080400056F8042BFFF7CAFB8AE64C4538BF84F884
:1080500000B0601C84E641F04001102353E741F07A
:1080600002010A234FE7073626F00706B6EC027B2B
:1080700041F00203C8068DED047B06935CD523F026
:10808000010306932023DDE904010B930022002362
:108090001CF05CFC002855D0049BB8F1FF3F0C930A
:1080A000059B4FF02D0A03F100430D939DED0C7BD2
:1080B00005F1FF358DED047B6DD0049B4FF0FF3251
:1080C0000893059B23F000430993DDE908015D4B0C
:1080D0001CF064FC48B9DDE908014FF0FF32594B50
:1080E0001CF03EFC002800F09B8024AB40469DED38
:1080F000040B0FAA0EA9FFF716FE0F9B002B4DD005
:108100002D238DF840300DF141030278002A75D0FF
:108110000E9A002A44DD4FF02E0E411E11F801CFB9
:10812000BCF1000F51D0A1EB000B5A4508BF03F87A
:1081300001EB03F801CBF1E711F0010F0CBF202395
:108140003023A0E7069B59071CD54FF02B0A013DB1
:10815000B8F1FF3FDDE904231046194608BF4FF090
:1081600002081CF01BFC0028A7D04E2361229B466E
:108170008DF8403000238DF841208DF842B08DF805
:10818000433024E0069B13F0080A1CBF4FF0200A7E
:1081900005F1FF35DCE74FF002088EE710ABB4E7DE
:1081A00019464FF02E0E4FF0300C01F802CB83F839
:1081B00001E0C2F1020E73448E469E4519D1891A20
:1081C000091A0B1810F8012BB2B900221A70069B7D
:1081D0009A0643D5B8F1000F40D110AA1378904603
:1081E00093460132FBB92E2288F8013088F800202E
:1081F00034E00EF801CBE0E71A70E2E730211970A5
:10820000B8F1000F01D10133DFE72E2203F1020B99
:108210005A70584642462FF013FC0BEB0803D4E784
:1082200049236E22A4E72E2B18D0652B01D0452BB5
:10823000D4D14FF480714046FFF732FD404406E050
:10824000606E0512FFFFEF7F10F801398370A0EB1D
:108250000B03002BF8DC2E2388F800304FF48071DC
:1082600010A8FFF71DFD069B024613F0110FA5EBAA
:10827000000508D12B462021002B22DC6B1E002D8F
:10828000B4BF1D465D1BBAF1000F03D0A14588BFE6
:1082900004F801AB069BDB0607D42B46002B16DC4B
:1082A0006B1E002DB4BF1D465D1B234610A9A3EB1A
:1082B000040C9445184601DA994511D81D44202331
:1082C00015E0A14588BF04F8011B013BD4E7A14597
:1082D00088BF0B9903F1FF3388BF04F8011BDDE76A
:1082E00011F8010B03F8010BE1E700F8013B2A1A32
:1082F000002A7FF735AD8145F7D831E5013F2FE5FD
:10830000682A32687FF405AE880754BF92B212B271
:10831000FFE500BF0CB407B504AB53F8042B019381
:10832000FFF708FD03B05DF804EB02B070470000F2
:10833000014B1868704700BF54BD002070B50D4D4B
:108340002E68FEF77BFC044690B1286808B1FEF762
:1083500045FDE38A40F2432113F4007F08BF432127
:108360001B05204648BF41F40061FEF7DBFC2C6092
:10837000304670BD54BD00200FB473B5114B1E685C
:108380006EB9114A07AB14687F21069A0F48019312
:10839000FFF7D0FC03463CB90C48FEF799F802B051
:1083A000BDE8704004B07047258B7F2845F040023F
:1083B000228328BF7F2331462046044AFEF778FDFA
:1083C0002583ECE750BD002054BD0020CCBC00202C
:1083D00007B50B48FFF7D0FF0A48FFF7CDFF0A4B60
:1083E0000222019306230949009309480423FFF759
:1083F000C3FF084803B05DF804EBFFF7BDBF00BF43
:10840000676E0512706E0512BC6E0512856E051240
:10841000916E0512C56E051208B52248FFF7ACFF34
:108420002148FFF7A9FF1F48FFF7A6FF04F07CF8DB
:108430001C48FFF7A1FF1D48FFF79EFF1948FFF7F3
:108440009BFF03F03DFF1748FFF796FF1848FFF723
:1084500093FF1448FFF790FF03F0E0FE1148FFF789
:108460008BFF1448FFF788FF0E48FFF785FF03F0E6
:108470007FFF0C48FFF780FF0F48FFF77DFF09489B
:10848000FFF77AFF03F0FEFF0648FFF775FF0B4882
:10849000FFF772FF0348FFF76FFFBDE8084000F0E9
:1084A00067B800BF75760512EB6E0512006F0512F6
:1084B000156F05122A6F05123F6F0512546F0512D2
:1084C000C8B110F0FF020C4B02D0985C013070472D
:1084D00010F47F4F04D0C0F30720185C09307047B8
:1084E00010F47F0F04D0C0F30740185C11307047C0
:1084F000000E185C19307047C8D60512014B186081
:10850000704700BF4CBD00200023F7B516468DF81C
:10851000073004460D462FF00FFA114B07461A6834
:10852000C2B9012229461A600E4823463246FFF797
:1085300023FF39460C48FFF71FFFFFF76DFF0B4B7A
:108540001B6843B92FF04CFA9DF80730002BFBD085
:1085500003B0F0BDFEE73246294620469847F1E7D2
:10856000C8BC0020666F05129D6F05124CBD00202F
:1085700008B5084B08481968FFF7FEFE074B084886
:108580001968FFF7F9FE074B07481968BDE808406E
:10859000FFF7F2BE6CBD0020B56F051268BD00206C
:1085A000C76F051264BD0020D96F051210B50446CF
:1085B00020B9DA2205490648FFF7A6FF054B2360DC
:1085C000054B1B681033C4E9013310BDF0D7051209
:1085D0002A850512A01E01006CBD002070B51F4E3B
:1085E00004463368834204D9A8221D491D48FFF779
:1085F0008BFF1D4D2B68A34204D8A92218491B48A4
:10860000FFF782FF638823B1AA2215491848FFF7B4
:108610007BFF336862681A4494420ED0518861B976
:108620002968914209D0134908689042526808BFEE
:108630000C606260E11A1A449160A1685A18944271
:108640000AD0508840B90B480568A54208BF0260AF
:10865000606803445060996070BD00BF9CBD0020FD
:10866000D0D70512F76F051298BD002015700512BE
:108670004070051294BD00202DE9F041C41C06464F
:108680000F4621F003052FF057F924F0030480462C
:10869000FFF79EF848B11D491D48FFF76DFE4FF4E6
:1086A0008B721A491B48FFF72FFF40462FF0A0F9A5
:1086B000202D23D9A5F12003A3421FD3164B2D1B38
:1086C000A5F120021A604FF4F5530026134F103D18
:1086D0002360134B60196560A66018603C60FFF76B
:1086E00065FF334601220F490F48FEF721FD0F4B6E
:1086F0003A681A600E4B1E60BDE8F0813A4631467A
:10870000BDE8F0410B48FFF737BE00BFFED70512AA
:10871000656C0512636C05126CBD00209CBD0020C9
:1087200098BD00204F70051270BD002094BD002040
:1087300090BD0020547005122DE9F74F044688B310
:108740002FF0FAF80546FFF743F848B16749684843
:10875000FFF712FE4FF4B17264496648FFF7D4FE8A
:108760002846654D2FF044F903342B6824F00304A8
:10877000A34217D30C2C38BF0C244FF0FF315F48B5
:10878000FEF730FDDFF8A0C15D4ADCF8003010686C
:10879000D5F800B0191AABEB0407B94204D3574817
:1087A000FEF7D8FD002676E045186E886A68002E30
:1087B00040F09980561AA6F1100AA245C0F09380A5
:1087C000DFF868E1DFF83C81DEF80020D8F800909F
:1087D000019204F11C02924504F110075FD34FF49B
:1087E000F55601EB070840F808606E6800EB080AD0
:1087F000CAE901610121C5F804806980DAF8041032
:10880000019A0BF11006B14202F1100218BF0918CB
:10881000224418BFC1F808804A45CEF8002001D98B
:1088200038490A603849394E0A68EC6022440A60C7
:1088300031688A4288BF32604FF4F552AB42344E01
:108840002A8037D0334B1A68AA424AD32B48FEF706
:1088500081FD33682F44BB4205D24FF4F6722349A1
:108860002D48FFF751FEAA0705F110060DD040F282
:10887000ED121E492948FFF747FEAB0705D04FF41C
:10888000F7721A492648FFF73FFE264B1B6813B1C3
:10889000214630469847304603B0BDE8F08F0121AD
:1088A000019A698016444E45CEF8006088BFC8F82A
:1088B0000060B7E700223168B3F802E0BEF1000FB4
:1088C00008D1002ABED0CCF80030BBE75B6801229B
:1088D0000344F1E79942F9D1002AB3D0CCF8001053
:1088E000B0E71D60B2E7114657E700BFE6D70512B3
:1088F000656C0512636C05126CBD002070BD002014
:108900009CBD002064BD002060BD00205CBD002037
:1089100098BD002090BD00208E700512D370051206
:108920001D710512A4BD002094BD002068BD00206B
:1089300038B501FB00F52846FFF7FEFE044618B1E6
:108940002A4600212FF038F8204638BD70B504467D
:10895000002800F0A4802EF0EFFF0546FEF738FF58
:1089600048B14F494F48FFF707FD40F2AE224C494E
:108970004D48FFF7C9FD28462FF03AF8A30705D068
:108980004FF42C7246494948FFF7BEFD484E336804
:108990009C4203D3474B1B689C4205D340F2B12253
:1089A0003F494548FFF7B0FD444B1B680BB12046DB
:1089B000984733689C4272D33E4B1B689C426ED2F0
:1089C0004FF0FF313E48FEF70DFC34F80E3CA4F1A9
:1089D000100523B134F8103CB3F5F55F1ED03948CB
:1089E000FFF7CAFC34F8103C294634F80E2C364800
:1089F000FFF7C2FC34F80E3C2BB94FF4347228490F
:108A00003248FFF781FD34F8103CB3F5F55F05D02F
:108A100040F2D12222492E48FFF776FD326854F801
:108A20000C3CD35AB3F5F55F05D040F2D3221C4974
:108A30002848FFF769FD002324F80E3C4FF4F55356
:108A400024F8103C244B25491A68954238BF1D6014
:108A50000B6832689D4208D1002602E001269B681F
:108A600013445888B8B106B10B601D4954F80C0C7A
:108A70000B68AA1A1B1A13441A4A0B60136854F89D
:108A8000041C28465B1A1360FFF7A8FDBDE8704080
:108A90000B48FEF75FBC9342E0D10860E5E770BD8C
:108AA000C8D70512656C0512636C05124D7105126D
:108AB0009CBD002098BD00207E710512A0BD002045
:108AC00070BD0020DA710512F571051225720512CC
:108AD0002F7205124872051294BD002090BD00202F
:108AE00068BD002060BD00202DE9F04105460C4620
:108AF0002EF022FF0646FEF76BFE48B14049414882
:108B0000FFF73AFC4FF407723D493F48FFF7FCFC82
:108B100030463E4E2EF06CFF0334336824F00304DD
:108B2000A34203D334B92846FFF710FF002630468E
:108B3000BDE8F08125B92046BDE8F041FFF7FCBD56
:108B40004FF0FF313248FEF74DFB324B1B68AB4212
:108B500003D8314A1268AA4204D82D48FEF7FAFB1E
:108B60002E46E4E755F80C1CA5F11007FF1A103942
:108B7000A1EB07084445F0D004F11C0242452BD27A
:108B8000DFF89CC0E219DCF80000511A0844CCF868
:108B90000000DFF890C01032DCF8000008444FF409
:108BA000F551995055F80C1CCCF800009818C0E904
:108BB000011745F80C2C45F8044C31684468103115
:108BC0008C421CBF1B199A60144B1A68824288BFE2
:108BD0001860FFF703FDC0E70D48FEF7BBFB20461A
:108BE000FFF7AAFD06460028A1D0444522462946A3
:108BF00028BF4246FEF7CAFF2846FFF7A7FE96E7C2
:108C0000DBD70512656C0512636C05126CBD002084
:108C100070BD00209CBD002098BD002094BD0020A8
:108C200068BD002060BD0020002302460548017891
:108C3000914205D00133092B00F11000F7D100203B
:108C4000704700BF5C8E00202DE9F84304460846BB
:108C50000E469146FFF7E8FF054628B940F20F128D
:108C60001A491B48FFF750FC2F4600F019FA57F835
:108C7000048F47451CD166F07F0600F01FFA0822DA
:108C8000494620462672FEF7F3FF124B1B680BB1D4
:108C9000204698472EF050FE6A6804F10C0353609A
:108CA0006A68E2606B602761BDE8F8432EF0A0BE01
:108CB000A8F10C039C4205D140F21D12034906485D
:108CC000FFF722FCD8F80080D3E700BFA1D8051237
:108CD000046C0512B8BD00208772051210B5044659
:108CE00028B940F249120D490D48FFF70DFC0D4B14
:108CF0001B680BB120469847002323722EF01CFE00
:108D0000D4E903124A60E16804F10C031160C4E97C
:108D10000333BDE810402EF06BBE00BF90D80512A3
:108D200095720512B4BD0020F8B506460F462EF028
:108D300003FE0446FEF74CFD48B11E491E48FFF7EE
:108D40001BFB4FF4B6721B491C48FFF7DDFB2046A6
:108D50002EF04EFE3046FFF767FF044628B94FF469
:108D6000B87214491648FFF7CFFBE068FFF7E4FC40
:108D70000546E8B10021E2682EF01EFE002308221D
:108D80006B72394628462E72FEF772FF0D4B1B6838
:108D90000BB1284698472EF0CFFD626805F10C0311
:108DA00053606268EA6044F8043F2C612EF020FEB4
:108DB0002846F8BD7DD80512656C0512636C051256
:108DC000046C0512B8BD002010B5044628B94FF454
:108DD000D57213491348FFF797FB94F90830002B1D
:108DE00005DA40F2AB120E490F48FFF78DFB0F4B2F
:108DF0001B680BB120469847002323722EF09CFD80
:108E0000D4E903124A60E16804F10C031160C4E97B
:108E100003332EF0EDFD2046BDE81040FFF796BD70
:108E20006CD8051295720512A7720512B4BD002008
:108E300010B5044628B94FF4E67204490448FFF718
:108E400063FB94F90800C00F10BD00BF52D8051293
:108E50009572051210B5044628B940F2DF12044994
:108E60000448FFF751FB207A00F07F0010BD00BFDF
:108E70003FD805129572051210B5044620B94B2251
:108E800011491248FFF740FBA36A1A78232A06D13A
:108E9000E2699A4203D9E16A19448A4209D9214612
:108EA0000B48FFF769FA03F03FFB2EF045FD48B190
:108EB000FEE720339A4205D82146BDE81040054818
:108EC000FFF75ABA10BD00BFE4D80512D0720512E0
:108ED000E2720512FC72051200230B4A13800B4A42
:108EE0000133202BC2E9002202F10802F8D11F222F
:108EF000074B1A700023074A1360074A1360074B99
:108F0000C3E90033704700BFD4BE0020D4BD0020A9
:108F1000CCBD0020D0BD0020C8BD0020C0BD0020B9
:108F200008B5084B1868FFF7CBFA074B013853F820
:108F30003000064BA0F114021A600830BDE808406A
:108F40002EF072BDC8BD0020D4BD0020D0BD0020D1
:108F5000F8B52EF0F1FC1A4B0646B3F9003033BBDE
:108F6000184B186818B3FFF7ABFA174B013853F8D2
:108F70003050164BA5F114071C68BC4217D01F6077
:108F8000134B144A1B68107013B13946204698479A
:108F90002046FFF771FF3846FFF76EFF0E4B05F1D5
:108FA00008011B7804F11C0033B92EF029FD30466E
:108FB000BDE8F8402EF01CBD2EF0EEFCF7E700BF38
:108FC000D4BE0020C8BD0020D4BD0020D0BD0020EC
:108FD000BCBD0020CCBD0020BCBC002010B50446A8
:108FE00028B940F2231212491248FFF78DFA2EF0E9
:108FF000A3FC94F8343094F8351023F00F0343F0B9
:10900000010384F834300C4B04F1140203EBC10368
:1090100059680A605968A1615A60084A6361116819
:10902000A36B0B431360BDE810402EF0E1BC00BF02
:10903000CAD80512D0720512D4BD0020C8BD0020C8
:1090400010B5044628B940F2511211491148FFF7F2
:109050005BFA2EF071FCD4E905124A60616904F1F3
:1090600014031160C4E9053394F835200A4B03EB6F
:10907000C20153F832308B4205D1084AA16B136804
:1090800023EA01031360BDE810402EF0B1BC00BF1D
:10909000B0D80512D0720512D4BD0020C8BD002082
:1090A00008B52EF049FC044A138801331380BDE84B
:1090B00008402EF09DBC00BFD4BE002008B52EF0A5
:1090C0003BFC0B4A1388013B1BB2002B13800ADCCC
:1090D000002313802EF08CFC064B1B683BB1BDE8CF
:1090E0000840FFF735BFBDE808402EF081BC08BD41
:1090F000D4BE0020D0BD0020014B1888704700BFAF
:10910000D4BE002010B5044628B940F2F122174918
:109110001748FFF7F9F994F8343003F00F03022BE6
:1091200005D040F2F22211491248FFF7EDF920462E
:10913000FFF790FE012805D040F2F3220B490E48BC
:10914000FFF7E2F9D4E905126FF0010323634A60E7
:10915000616904F1140320461160C4E90533FFF787
:109160003DFFBDE81040FFF7F3BE00BFFED805127B
:10917000D0720512387305127273051238B5144B8C
:109180001C682EF0D9FB05462046FFF759FF042343
:1091900004F14C0084F8343000F024FB2046FFF743
:1091A00047FE01280BD1E36F4BB92046FFF796FD30
:1091B00028462EF01DFCBDE83840FFF7C9BE054B20
:1091C00004F1140219681A604A606161A361EFE753
:1091D000D0BD0020C0BD0020014B1868704700BF03
:1091E000D0BD002010B5044628B94FF4D2721A49F8
:1091F0001A48FFF789F92046FFF72CFE012805D011
:1092000040F2A51214491648FFF77EF92046FFF7F1
:109210000FFE28B14FF4D3720F491248FFF774F9CB
:1092200094F834301B0702D02046FFF709FF04F101
:109230004C0000F0D7FA042384F834302EF07CFB85
:10924000094B04F1140219681A604A606161A36154
:109250002EF0CEFB002010BD55D90512D07205129C
:1092600072730512B4730512C0BD002038B52EF01C
:1092700063FB144B02461B6893F8341001F00F0196
:1092800001291BD1D3E90554A54217D06C605A6956
:1092900003F11401226093F83540C3E905110A4A2D
:1092A00002EBC4025468216054689C6151605A61A9
:1092B0002EF09EFBFFF74CFE002038BD10462EF02E
:1092C00097FBF9E7D0BD0020D4BD002038B5044697
:1092D00028B940F296221F491F48FFF715F920468A
:1092E000FFF7B8FD012805D040F2972219491B4825
:1092F000FFF70AF91A4B9C4205D140F29A22154910
:109300001848FFF701F994F8343003F00F03012BEC
:109310001CD12EF011FB054694F83430204623F082
:109320000F0343F0020384F83430FFF789FE04F1A1
:109330004C0000F00DFB28462EF05AFB0A4B1B6830
:109340000BB9002038BD20469847FAE74FF0FF30B0
:10935000F8E700BF21D90512D07205127273051209
:1093600038BC0020EF730512E0BE0020F7B5019075
:109370002EF0E2FA3C4F04463B684BB93B493C486F
:10938000FEF7FAFF40F2FB1238493A48FFF7BCF803
:109390002EF0D2FA0546FFF7AFFE48B13349364802
:1093A000FEF7EAFF40F2FB1230493248FFF7ACF813
:1093B00028462EF01DFB2EF0BFFA0546FEF708FAF0
:1093C00048B12A492D48FEF7D7FF40F2FB12274942
:1093D0002848FFF799F828462EF00AFB20462EF081
:1093E00007FB2EF0A9FA3C6806462CB940F2012290
:1093F0001E492348FFF788F82046FFF72BFD012878
:1094000005D040F2022219491E48FFF77DF804F109
:109410004C052046FFF75AFF002101AA284600F01C
:10942000CDFA284600F014FA30462EF0E1FA2EF07C
:1094300083FA0128054609D10C491348FEF79CFF21
:1094400040F20E2209490B48FFF75EF828462EF03D
:10945000CFFAFFF77DFD236B0020023304BF00230A
:10946000236303B0F0BD00BFD0BD002045D9051275
:10947000266D0512636C05125D6D0512656C051293
:10948000D072051272730512896D051208B5FFF7C7
:109490006DFF002008BD08B5FDF738FBFFF766FF3C
:1094A000002008BD38B5044628B94FF431721B4975
:1094B0001B48FFF729F82046FFF7CCFC012805D010
:1094C00040F2C52215491748FFF71EF894F83430CA
:1094D00003F00F03022B1DD12EF02EFAD4E9051252
:1094E00005464A60616904F11403116004F14C00FF
:1094F000C4E9053300F02CFA28462EF079FA20460C
:10950000FFF76CFD084B1B680BB9002038BD2046E7
:109510009847FAE74FF0FF30F8E700BF10D905127F
:10952000D072051272730512DCBE002010B504461D
:1095300028B94FF48A7216491648FEF7E5FF94F8E9
:1095400034301B0705D040F2151211491248FEF7BE
:10955000DBFF2046FFF77EFC012805D04FF48B721D
:109560000B490E48FEF7D0FF012394F83620204621
:109570009340A363022384F8352084F83430FFF746
:1095800091FF074B1B680BB1FFF7E2FC002010BDF9
:1095900066D90512D0720512FF7305127273051297
:1095A000D0BD0020F8B50D461646044628B940F255
:1095B00047221E491E48FEF7A7FF2046FFF74AFC38
:1095C000012805D04FF4127218491A48FEF79CFF83
:1095D000012D27D0022D02D005B30020F8BD2EF0BA
:1095E000ABF994F83450074605F00F05012D0ED164
:1095F0002046FFF725FD337820469D4084F835301E
:10960000A563FFF7EBFC38462EF0F2F9E5E70123FE
:109610003278934084F83520A363F4E72046FFF7BF
:1096200085FFDAE72046FFF7DDFDD6E733D90512DF
:10963000D072051272730512F7B504461846089BDE
:1096400004F11407C4E90812C4E90A031A462321E5
:10965000C4E905779DF824500A9E2EF0ADF9E26A20
:10966000A16A043A0A44184BD4E9080100F038FC16
:10967000A16AE06100F054FC1F2D04D99C2213491B
:109680001348FEF741FF0023C4E91166C4E91F3304
:10969000A363236384F8343084F8365084F835505B
:1096A0002146CDE900330B4A234604F14C0000F07B
:1096B00075F8094B1B6823B1204603B0BDE8F040A4
:1096C000184703B0F0BD00BF7D91031278D9051291
:1096D0003674051205910312D8BE0020F0B50E466F
:1096E00085B00146012017461D46FFF71DFB0446C5
:1096F00038B12846FFF720F8034630B92046FFF777
:1097000063FB0024204605B0F0BD0B9A314602925F
:109710009DF828202046CDE900523A46FFF78CFFFD
:10972000F0E700002DE9FF41DDF828800F461546DF
:109730001E46044620B9EC2210491148FEF7E4FE0B
:10974000B8F1000F04D1ED220C490E48FEF7DCFE03
:109750003A4620460121FFF777FA0D9B20460293F7
:109760009DF83030324601930B9B294600934346C7
:10977000FFF762FF002004B0BDE8F08188D9051230
:10978000D072051258740512D0E905124A60416979
:1097900000F114031160C0E905337047F8B50F46B6
:1097A00016461D46044620B9DF220C490C48FEF738
:1097B000ABFE3A460A212046FFF746FA9DF81C30D8
:1097C000C4E9076523F0010363720023E362069B8B
:1097D000A36204F11403C4E90533F8BDD5D9051219
:1097E0007B5D051238B5044620B9F42214491548AA
:1097F000FEF78AFE2046FFF72DFB0A2804D0F5224B
:109800000F491148FEF780FE2046FFF711FB20B9F3
:10981000F6220B490D48FEF777FE2EF08DF805462F
:109820002046FFF7B1FF637A284623F001036372F5
:109830002EF0DEF82046FFF751FA002038BD00BFB9
:10984000C5D905127B5D05126F740512AB74051244
:10985000F8B5044628B94FF4B57233493348FEF7DA
:1098600053FE2046FFF7F6FA0A2805D040F26B12A5
:109870002D492F48FEF748FE2EF05EF8064620469A
:10988000FFF782FF637A23F001036372294B1B68A1
:1098900003B198476FF00043A26A9A4205D34FF490
:1098A000BD7221492448FEF72FFEFDF713F9A36A84
:1098B0002249C218637A6FF0004713F0040F204B5F
:1098C00018BF0B46E2625868194688421B6805D0EB
:1098D0009D69AA42F8D0AD1ABD42F5D21948026876
:1098E0000132026004F114025A600B683046636171
:1098F0000A60637AA16143F0010363722EF078F885
:10990000637A5B070ED5104B1B78012B0AD10F48E9
:1099100090F8343003F00F03022B03D1FFF7C2FDA0
:10992000FFF716FB0020F8BDB6D905127B5D0512C6
:109930006F740512ACBD0020D574051274BF0020F1
:109940007CBF0020E4BE0020EC8E0020F0BE002092
:1099500038B5044628B94FF4F07214491448FEF79C
:10996000D3FD2046FFF776FA0A2805D040F2E1122F
:109970000E491048FEF7C8FD637ADB0713D50E4B7E
:109980001B680BB1204698472DF0D6FF05462046B0
:10999000FFF7FAFE637A284623F0010363722EF084
:1099A00027F8002038BD4FF0FF30FBE7A8D905129B
:1099B0007B5D05126F740512A8BD002070B50E46C0
:1099C0001546044628B94FF4017214491448FEF7AD
:1099D0009BFD2046FFF73EFA0A2805D040F20522FB
:1099E0000E491048FEF790FD2DF0A6FF032E05D876
:1099F000DFE806F008020B10A36A2B602DF0F8FFD9
:109A0000002070BD2B68A362F8E7637A23F002039D
:109A10006372F3E7637A43F00203F9E797D905121B
:109A20007B5D05126F7405122DE9F74F6E46CDE987
:109A30000066FDF74FF805462DF07EFF8046DFF803
:109A4000A090DFF8A0A0DFF8A0B0D9F800404C4506
:109A500007D06FF00042A369A4F11407EB1A9342F8
:109A600005D340462DF0C4FF03B0BDE8F08FDAF80F
:109A700000300BB1384698473846FFF785FE14F89A
:109A80000B3C9A075CBF23F0010304F80B3C009BDE
:109A90005C6023606660D4E9023000949847FDF76B
:109AA00019F8DBF8003005460BB138469847009BA3
:109AB000B342CAD0D4E90023536022681A6014F874
:109AC0000B3CC4E9004403F00302032ABDD123F098
:109AD0000103384604F80B3CFFF7BAFEB5E700BFB8
:109AE0007CBF0020ECBE0020E8BE00202DE9F7433B
:109AF0006E46CDE900662DF01FFF0546DFF8B490F5
:109B0000294FD9F800404C4509D0FCF7E3FFA36981
:109B1000A4F11408C01A6FF00043984205D32846F8
:109B20002DF066FF03B0BDE8F083204B1B680BB13E
:109B3000404698474046FFF727FE14F80B3C28465E
:109B40009A075CBF23F0010304F80B3C009B5C60A8
:109B50002360002366603B7000942DF049FFD4E938
:109B600002309847124B1B680BB1404698472DF0C6
:109B7000E3FE01233B70009B0546B342C1D0D4E90C
:109B80000023536022681A6014F80B3CC4E90044B7
:109B900003F00302032AB4D123F00103404604F882
:109BA0000B3CFFF755FEACE7EC8E0020ECBE00202E
:109BB000E8BE002074BF002070B56FF000460F4D66
:109BC0002DF0BAFE2B68AB420CBF4FF0FF349C69FE
:109BD0002DF00EFF631C08D1FFF7FEFAFFF776FBAE
:109BE000FFF7B6F9FFF782FFEAE7FCF773FF201AE9
:109BF000B042F7D2FFF74AFCF4E700BF74BF002081
:109C0000014BC3E9003370477CBF00201FB50C4BEC
:109C10000A22C3E900330423CDE902324FF4806302
:109C20000193084B084A0093084900230848FFF7AE
:109C300079FD074805B05DF804EBFFF777BC00BF7E
:109C400074BF002008830020B99B0312F87405122A
:109C5000F0BE002010B51C4C1C48FEF78DFB94F89C
:109C600028101B48FEF788FB94F82830DB0702D544
:109C70001848FEF781FB94F82830980702D516485B
:109C8000FEF77AFB104C94F82830190702D51348D8
:109C9000FEF772FB94F82830DA0602D51048FEF77A
:109CA0006BFB094B93F828301B0608D5BDE8104024
:109CB0004FF0E0230B48D3F8341DFEF75DBB0A4894
:109CC000BDE81040FEF758BB00ED00E0FE74051241
:109CD0001175051227750512317505123B750512B0
:109CE000467505124F7505127176051270B504465A
:109CF0005D4B011DDA6A5D4B00F12C051A605C4872
:109D0000482211F073FA2368A16CD806594A4CBF57
:109D100004F14C0304F194038905136044BF043338
:109D200013600522544B1A704FF0E022534BD2F8C7
:109D3000281D1960D2F82C1D5960D2F8341D996085
:109D4000D2F8381DD960D2F8242D1A614C4B1B680B
:109D5000002B4BD14B4804F19401FEF70DFBA16C95
:109D60004948FEF709FBE16A4848FEF705FB216B0D
:109D70004748FEF701FB616B4648FEF7FDFAA16B11
:109D80004548FEF7F9FAE1684448FEF7F5FA21691B
:109D90004348FEF7F1FA61694248FEF7EDFAA1691E
:109DA0004148FEF7E9FAE1694048FEF7E5FA216A21
:109DB0003F48FEF7E1FA616A3E48FEF7DDFAA16A24
:109DC0003D48FEF7D9FAE16B3C48FEF7D5FA216C25
:109DD0003B48FEF7D1FA616C3A48FEF7CDFA2368AA
:109DE0005A0708D43848FEF7C7FA0AE028469847C9
:109DF0000028AFD170BDFFF7EFF901463348FEF7F9
:109E0000BBFA3348FEF7B8FAEFF30981EFF30882A3
:109E10003048FEF7B1FAFEF7FFFA2368DB0602D4FA
:109E20002D48FEF7A9FA00232C49C1F88430BFF36E
:109E30004F8F43F6E074D1F88030C3F3C900C3F309
:109E40004E335B01024603EA040646EA8275013A94
:109E5000C1F86C52F9D2203B13F1200FF2D1BFF3BD
:109E60004F8FBFF36F8FC5E700000C5084BF0020F9
:109E7000A4BF0020A0BF00209CBF002088BF0020FE
:109E8000ECBF00205F7505126C750512797505121F
:109E90008675051293750512A0750512AD7505122C
:109EA000BA750512C7750512D4750512E17505124C
:109EB000EE750512FB75051208760512157605126A
:109EC000227605122F760512597605123C76051278
:109ED000737605128A760512A076051200ED00E071
:109EE000043222F0070270B50446A2F1480005468C
:109EF0000A4E45F8046BAA42FBD142F8201C00210F
:109F000042E903344FF0807342E9071142E9051139
:109F100042E9121142F8043C70BD00BFEFBEADDE55
:109F200041607047014B1860704700BFECBF0020D4
:109F30004FF0E02408B5FFF7D9FED4F82C3D9B077D
:109F400002D54A48FEF718FAD4F82C3D5C007FD5BC
:109F5000474C94F82930002B38D04648FEF70CFACD
:109F6000454894F82910FEF707FA94F82930D807E5
:109F700002D54248FEF700FA3D4C94F82930990783
:109F800002D53F48FEF7F8F994F829305A0702D570
:109F90003C48FEF7F1F9364C94F829301B0702D5FE
:109FA0003948FEF7E9F994F82930D80602D5374840
:109FB000FEF7E2F92E4B93F82930190652D54FF0EF
:109FC000E0233348D3F8381DFEF7D6F9284C94F82F
:109FD00028300BB1FFF73EFE638D9BB2002B37D0CC
:109FE0002C48FEF7C9F9618D2B4889B2FEF7C4F9F8
:109FF000638DDA0702D52948FEF7BEF91C4C638D44
:10A000009B0702D52648FEF7B7F9638D5C0702D59A
:10A010002448FEF7B1F9164C638D180702D5224883
:10A02000FEF7AAF9638DD90602D52048FEF7A4F9F8
:10A030000F4C638DDA0502D51D48FEF79DF9638D3F
:10A040009B0502D51B48FEF797F91B48FEF794F9CC
:10A050004FF0E023D3F82C3D002B02DA1748FEF72F
:10A060008BF9FEE71448FEF787F9AFE7AE760512E5
:10A0700000ED00E0C3760512CF760512E5760512F5
:10A08000F0760512EE7605123C750512477505123D
:10A09000FB7605120B770512197705122F7705123B
:10A0A0003B770512457705124C770512527705125A
:10A0B0005977051264770512717605126F770512CC
:10A0C00008B5FFF713FEFFF7C5FDFEE770B5394B86
:10A0D00004461A78002A45D10122374D01461A70EC
:10A0E00000F14C03482235482B6011F07FF83448CA
:10A0F000FEF742F9EFF30981EFF308823148FEF7EA
:10A100003BF92F48FEF738F929682F48FEF734F954
:10A11000616C2E48FEF730F9A16A2D48FEF72CF944
:10A12000E16A2C48FEF728F9216B2B48FEF724F949
:10A13000616B2A48FEF720F9A16B2948FEF71CF94C
:10A14000E16B2848FEF718F9216C2748FEF714F94F
:10A150001B48FEF711F9FDF73BFB20B12348FEF742
:10A160000BF906E0FEE7FFF737F801462048FEF757
:10A1700003F900231F49C1F88430BFF34F8F43F622
:10A18000E074D1F88030C3F3C900C3F34E335B01F0
:10A19000024603EA040646EA8275013AC1F86C52A7
:10A1A000F9D2203B13F1200FF2D1BFF34F8FBFF351
:10A1B0006F8F70BD9CBF0020A0BF0020A4BF0020F7
:10A1C000737605128A7605125F7505126C75051295
:10A1D000797505128675051293750512A07505121D
:10A1E00015760512227605122F760512977705123D
:10A1F0007C77051200ED00E070B5FEF751FF2048B6
:10A20000FEF7BAF81F48FEF7B7F800251E4E336870
:10A21000AB4203DCFEF752FF002070BD736853F8B9
:10A220002540ECB12369DBB129461848FEF7A4F8B4
:10A230006388032B1CD8DFE803F0151702191449B3
:10A240001448FEF799F8A1681348FEF795F821889D
:10A250001248FEF791F8616869B11148FEF78CF871
:10A260000135D4E70F49EBE70F49E9E70F49E7E785
:10A270000F491048E5E71048FEF77EF8F0E700BF09
:10A28000AB770512C777051200C00020E4770512EE
:10A29000E9770512ED7705127A8005121678051216
:10A2A00029820512F5770512FA7705120178051251
:10A2B000067805120E7805127176051237B51A4D1B
:10A2C0002C682CB11948FEF757F8002003B030BDB8
:10A2D000174B202221461748C3E900442DF0B0FB5C
:10A2E000154B224615491648C3E90044FDF79CF872
:10A2F0002146FF2213482DF0A3FB2F23114A02F819
:10A30000013C01F0DDFA234620460F4A0F49009434
:10A3100000F0EAFD28B90E48FEF72EF801232B6065
:10A32000D3E70C48F8E700BFFCBF00201D780512FA
:10A330004CC000202CC0002000C000203078051246
:10A3400008C00020EE8E0020377805123D780512F7
:10A35000427805125578051208B54FF0FF310748CD
:10A36000FDF782F8C31DF8D030B1BDE808406E2279
:10A3700003490448FEF7C8B808BD00BF08C0002064
:10A38000FDD90512636C05120148FDF743B900BF02
:10A3900008C00020F8B52B4DFFF7DEFF2B68002426
:10A3A0001E4668689C42274602DBA3422BD108E088
:10A3B00050F824201AB192680AB10134F2E7A3429E
:10A3C0000FD10F2C0DD8261D102EA8BF1026B100BE
:10A3D000FEF78AFBB8B100222B689E4225DCC5E956
:10A3E0000060A6420FDD6E6856F824305BB9242168
:10A3F0000120FEF79DFA46F824006B6853F82430DC
:10A400000BB92F683C462B68BB4212D10E48FDF7B2
:10A41000B3FF0E48FDF7B0FF0D48FDF7ADFF6FF03D
:10A420000304FFF7B1FFE01CF8BD40F8232001331F
:10A43000D3E701226B6853F827309A604FF6FD523C
:10A440001A80EEE700C00020657805126E780512CC
:10A4500071760512022838B501D805F091F8C41EAE
:10A4600010D40D4D2B68A3420CDDFFF775FF6B6810
:10A4700053F8244024B14FF6FD5322889A4204D069
:10A48000FFF782FF0024204638BDA3680133A36094
:10A49000FFF77AFFF7E700BF00C0002070B5054660
:10A4A00028B94FF4807210491048FEF72DF8FFF7D5
:10A4B00053FFAC68013CAC607CB90D4ED6E900326C
:10A4C000A3420ADD52F82410A9420AD12846FEF719
:10A4D0003DFA0022736843F82420BDE87040FFF77E
:10A4E00053BF0134ECE700BFF6D90512A778051277
:10A4F00000C0002038B50C4610F0EEFE05462046A0
:10A5000010F0EAFE854207D0635D60192F2B02D060
:10A51000844200D0013838BD0020FCE7F7B506467C
:10A520000D4629B940F27F1242494348FDF7ECFF3E
:10A53000424B002E08BF1E462B782F2B33D03046BF
:10A5400010F0CAFE0446284610F0C6FE2044023031
:10A55000FEF7F2F8044660B3304610F0BDFE074641
:10A56000284610F0B9FE391833462046344A009583
:10A570000231FDF7CFFE2346224619782E2902D15B
:10A580005978D1B9013313F8011B104600293ED088
:10A590002F2902F101022FD10170194613F8010B86
:10A5A0002F28FAD011E02846FDF7ADFB044600281D
:10A5B000E1D10024204603B0F0BD2F2907D102339A
:10A5C0001946087801332F28FAD00B46D5E72E29F3
:10A5D000D9D1997839B9991C531E9C420FD920467C
:10A5E000FEF7B4F9E5E72F29CDD1033319460878F2
:10A5F00001332F28FAD0EFE702F8011CC3E7A3428A
:10A600001A46E2D013F8010D2F28F8D1DDE71346E2
:10A6100003F801199C4205D012F8013C2F2B08BF0A
:10A6200002F8011C2378002BC4D12F226370227002
:10A63000C0E700BFE3D90512B2780512ED8E002005
:10A64000C378051201462DE9F0470020FFF766FFA9
:10A65000044630B100F008FC064628B92046FEF753
:10A6600075F94FF0FF352AE0406803782F2B01D1B0
:10A67000437873B110F030FE04EB00080027FFF7B9
:10A680006BFE114BD3E9009AB94504D1FFF77CFE6C
:10A69000E4E7A046F2E75AF827309BB11A698AB17D
:10A6A000586878B1DB68B3420CD1414610F062FCC7
:10A6B000054638B92046FEF749F9FFF765FE2846FA
:10A6C000BDE8F0870137DFE700C00020F8B5174686
:10A6D0000446002853D00020FFF720FF064600283C
:10A6E00050D000F0C1FB054630B93046FEF72EF9D8
:10A6F0006FF001052846F8BDE06083689B68236120
:10A700000023C4E90573C4E90730638083685B688C
:10A71000D9071AD431464068FFF7ECFE80B91B48D0
:10A72000FDF7F1FA60603046FEF710F923691D6805
:10A730006DB96068FEF70AF965606FF05705D9E7F3
:10A7400031466868FFF7D6FEEAE76660EEE7204626
:10A75000A847051E05DA6068FEF7F8F80023636075
:10A76000C8E7636943F080726261BA0201D40025D0
:10A77000C0E7022243F0407362806361F7E76FF045
:10A780001505B7E76FF00B05B4E700BF4F59051289
:10A7900038B5054660B103695C6814B1A047041E72
:10A7A00004DB6868FEF7D2F800236B60204638BDF2
:10A7B0006FF00504FAE710B5044650B10369DB6891
:10A7C00053B19847002803DA636943F080636361FB
:10A7D00010BD6FF01500FBE76FF05700F8E70000C1
:10A7E00010B50146044696B000221048FFF76EFFF0
:10A7F00050B121460E4816B0BDE81040FDF7BCBD73
:10A800000C4801A9FDF7B8FD5122002101A82DF047
:10A8100017F95022054801A9FFF7CDFF0028EFD115
:10A820000248FFF7B5FF16B010BD00BF58C10020A9
:10A83000C9780512C678051210B440B14488022CBC
:10A8400005D10369DB693BB15DF8044B18476FF034
:10A8500015005DF8044B70476FF05700F9E70000F2
:10A86000014670B50020FFF759FE054678B300F0A9
:10A87000FBFA044610B32846FFF7E4FE08B3A268CB
:10A88000D3690BB352682946D20714D46068FFF726
:10A8900031FEA368DE6940B90E492046B047044640
:10A8A0002846FEF753F8204670BD29466068FFF73A
:10A8B00021FE0146F1E720469847F0E76FF00104DA
:10A8C000EEE76FF00F04EBE76FF05704E8E76FF087
:10A8D0001504E8E74F59051210B50446FFF7C0FF0D
:10A8E000002805DA2146BDE810400248FDF744BDC6
:10A8F00010BD00BFD978051218B103691B691BB1DF
:10A9000018476FF0150070476FF057007047000050
:10A9100070B506468AB04FF480500D46FDF70CFF27
:10A92000044628B920480AB0BDE87040FDF724BDB0
:10A930000022314601A8FFF7C9FE40B12046FEF7CC
:10A9400005F831461948FDF717FD0AB070BD40F211
:10A95000012229461648FFF7B9FE40B12046FDF70F
:10A96000F5FF01A8FFF714FF29461248EBE74FF463
:10A970008052214601A8FFF71EFF051E0ADD214671
:10A980002A460B48FFF7B8FF85420146EFD00A4838
:10A99000FDF7F2FC01A8FFF7FBFE0548FFF7F8FE04
:10A9A0002046FDF7D3FFD0E7EB780512FA780512C1
:10A9B00058C100200A7905121B79051210B504460A
:10A9C00038B103699B693BB19847002800DBE0611F
:10A9D00010BD6FF01500FBE76FF05700F8E70000BF
:10A9E000F8B50E4601460020FFF798FD0546002801
:10A9F0004FD000F039FA044680B92748FDF7BCFC77
:10AA000029462648FDF7B8FC2548FDF7B5FC284641
:10AA1000FDF79CFF6FF001042046F8BD2B782F2B2B
:10AA20000FD16B786BB944F2FF13002273600023DF
:10AA30000024C6E90A23348034612846FDF786FFE6
:10AA4000EAE729466068FFF755FD0028EBD0A368C8
:10AA50001F6A77B92846FDF779FF0F48FDF78CFC90
:10AA60001048FDF789FC0E48FDF786FC6FF057048F
:10AA7000D2E75B68DB0705D5324629462046B84752
:10AA80000446DAE729466068FFF734FD324601469E
:10AA9000F4E74FF0FF34BFE7657805123D79051202
:10AAA000717605126B79051270B5054696B030B90E
:10AAB0002948FDF728F9044610B916B070BD0446C0
:10AAC0004FF4001221462548FFF700FE00283FD131
:10AAD00021462348FDF750FC4FF4827200212148A3
:10AAE0002CF0AEFF4FF482721E491C48FFF7A4FE03
:10AAF000002824DD5822002168462CF0A1FF2046C2
:10AB00001949FFF70BFD0646C8B16946FFF768FF14
:10AB1000154990B91548FDF72FFC019B03F47043CC
:10AB2000B3F5804F07BF1249124804991248FDF748
:10AB300023FC3046FDF70AFFCEE71048F7E7074849
:10AB4000FFF726FE002DB8D12046FDF7FFFEB4E743
:10AB50000B48FDF711FCF5E7ED8E002058C10020F1
:10AB60009979051254C0002058C00020A879051218
:10AB7000AE790512B4790512BB790512C3790512B5
:10AB8000D17905122DE9F041E2B006460F464FF4A7
:10AB90000012014601A8FFF799FD20B33146334862
:10ABA000FDF7EAFB62B0BDE8F081384622A9FFF765
:10ABB000B5FC054630B92E48FDF7DEFB2046FDF713
:10ABC000C5FE34E00DF128085822002140462CF043
:10ABD00037FF41462046FFF703FF014658B325489B
:10ABE00022A9FDF7C9FB4FF48272002121A82CF0A5
:10ABF00027FF4FF4827221A901A8FFF71DFE00284C
:10AC000015DD1D4922A810F0B5F90028EBD01B492D
:10AC100022A810F0AFF90028E5D0304622A9FFF7AE
:10AC20007DFC04460028C0D11148FDF7A5FB01A812
:10AC3000FFF7AEFDB6E7D8F8043003F47043B3F580
:10AC4000804F0DD1284600F0E3FA29462046FFF751
:10AC500099FF2046FDF77AFE2846FDF777FEC2E70A
:10AC600029462046FFF754FEF3E700BFE4790512BA
:10AC7000F7790512077A0512F4790512917A05120F
:10AC800070B596B00D4669460446FFF7A9FE002848
:10AC900005DA21463148FDF76FFB16B070BD019B08
:10ACA000694603F47043B3F5804F284614BF02266B
:10ACB0000126FFF795FE002807DB019B03F4704394
:10ACC000B3F5804F13D146F00406B30706F0040134
:10ACD00024D5F1B12F2120460FF0FCF878B1411CAA
:10ACE0002846FFF71BFC054658B91D4804E046F00E
:10ACF0000806092E0DD11B48FDF73EFBCDE7214686
:10AD0000EEE701462046FFF703FE2846FDF71EFE4C
:10AD1000C3E729462046FFF7FBFDBEE7A9B12F2177
:10AD200020460FF0D7F870B1411C2846FFF7F6FB1C
:10AD300005460028D9D0002100F06AFA29462046AD
:10AD4000FFF720FFE1E72146EFE7284600F060FA31
:10AD500029462046FFF716FF9FE700BF1D7A051220
:10AD6000EB780512327A05122DE9F0410C460146C6
:10AD70000020FFF7D3FB064658B900256FF0010409
:10AD80003046FDF7E3FD2846FDF7E0FD2046BDE82F
:10AD9000F08121460020FFF7C1FB05460028ECD0DA
:10ADA000304600F061F80446284600F05DF8844221
:10ADB00017D1A3685F6ABFB15B68DB0704D52A4679
:10ADC0003146B8470446DBE731466068FFF792FB3F
:10ADD000294680466068FFF78DFB414602462046C3
:10ADE000EFE76FF01104CBE76FF05704C8E70000FE
:10ADF000F8B506460324FFF7AFFA0025164F013CCD
:10AE000002D1D5B12E6014E03A4657F8043B1BB985
:10AE1000002D08BF1546F2E73168186810F0AAF84F
:10AE20000028ECD16FF01000FCF792FE2DB14FF02E
:10AE3000FF34FFF7A9FA2046F8BD6FF01B00FCF7BE
:10AE400087FE0648FDF798FA31680548FDF794FA41
:10AE50000448FDF791FAEAE74CC000206578051236
:10AE60005E7A0512717605122DE9F047074620B982
:10AE700056221A491A48FDF747FB0026FFF76CFADD
:10AE8000B046184D05F1200AD5F80490B9F1000F2D
:10AE900019D0AB68BBB1484610F01EFAB042044668
:10AEA00011D30246394648460EF0A8FF58B9012C86
:10AEB00011D9384610F010FAA0420CD93B5D2F2B67
:10AEC00004BF2646A84610355545DDD1FFF75CFA8C
:10AED0004046BDE8F0872646A846F4E788DA051222
:10AEE000937A05122CC000202DE9F04F8DB08A46D0
:10AEF00091460646019360B1FBF7A0FE064640B9B5
:10AF00006FF01200FCF724FE4FF0FF300DB0BDE8EB
:10AF1000F08F504DFFF720FA2C4654F8083B23B130
:10AF20004946186810F026F850B16B689BB1186854
:10AF3000494610F01FF8484B1D1D002808BF1D464C
:10AF4000FFF722FAA542DBD02B680BB1DB6823B9EF
:10AF50006FF05700D6E7414DF2E751460020FFF76A
:10AF6000DDFA074610B96FF01300CBE73C4910F04B
:10AF700001F898B138463B490FF0FCFF70B14FF42F
:10AF80000012394603A8FFF7A1FB002803DA384670
:10AF9000FDF7DCFCE7E703A8FFF7FAFBFFF7DCF9B6
:10AFA0004FF0030B0024DFF8D080BBF1010B12D16E
:10AFB0005CBB2D4B984528D16FF01B00FCF7C8FDFA
:10AFC0002A48FDF7D9F949462948FDF7D5F9294816
:10AFD000FDF7D2F913E0D8F808202AB9002C08BFF1
:10AFE000444608F11008E0E75146D8F804000FF095
:10AFF000C1FF0028F5D16FF01500FCF7A9FDFFF7A0
:10B00000C3F93846FDF7A2FC7EE72B686760A360B2
:10B010002660FFF7B9F966B103212068FBF782FECD
:10B0200038B1FFF799F91022002120462CF008FDD5
:10B03000E5E72B682046DB68169A019998470028B7
:10B0400005DA002EEDD02068FBF7C8FEE9E7002006
:10B050005CE700BF4CC0002050C0002054C000205E
:10B060004F5905123D7805124CC000206578051235
:10B07000987A0512717605122CC000202DE9F04156
:10B0800004460D4689B96FF01200FCF761FD2548B2
:10B09000FDF772F929462448FDF76EF92348FDF7BC
:10B0A0006BF94FF0FF30BDE8F0810846FBF7C6FDB5
:10B0B00006460028E7D01E4FFFF74EF93B68D3B194
:10B0C000214618680FF056FF0546A0B9FFF75CF956
:10B0D00057F825305B690BBB1248FDF74DF9214647
:10B0E0001448FDF749F91148FDF746F96FF057008C
:10B0F000FCF72EFDD5E77B6843B1214618680FF0B9
:10B1000039FF18B9FFF740F90125E1E7FFF73CF9EE
:10B110000448FDF731F921460748BDE73046BDE850
:10B12000F041184765780512CA7A05127176051242
:10B130004CC00020047B0512E47A0512FFF79EBF85
:10B1400010B50C46FFF790FE30B183689B691BB1C8
:10B150002146BDE8104018474FF0FF3010BD0000F9
:10B16000F0B50446274B89B093E8070008AB03E924
:10B170000700204602A9FFF7E3FF044638B1224842
:10B18000FDF7FAF84FF0FF34204609B0F0BD029EFB
:10B19000049DA6FB05C74FEA9C2141EA8751BB12DB
:10B1A000B1F5806F73F1000328DB4FEA1C5343EACB
:10B1B00007333A15B3F5806F72F100024FF00A00C1
:10B1C00011DAC1F309021946012382FB0020920A19
:10B1D000CDE9005608A800EB830353F80C3C0B485C
:10B1E000FDF7CAF8D0E7C3F3090383FB00304FEA49
:10B1F0009C719A0A41EA87010223E9E70246034665
:10B20000E6E700BFC8DA0512397B05124D7B05124F
:10B2100038B50546FFF7BEF8431C06D16FF00B00AA
:10B22000FCF796FC4FF0FF3038BDFFF713F92946C5
:10B230000B4A0446FFF74AFA051E204606DAFFF7D6
:10B240002DF92046FFF72AF92846E9E7FFF7A0FA8B
:10B250002046FFF723F92046FFF720F90020E3E717
:10B26000000220000EB478B50646FFF793F8051EDD
:10B270000ADA6FF00B00FCF76BFC4FF0FF35284645
:10B28000BDE8784003B07047FFF7E4F8044620B902
:10B2900038220B490B48FDF737F931462046059A0D
:10B2A000FFF714FA061E204606DAFFF7F7F82046E5
:10B2B000FFF7F4F83046DEE7FFF7F0F8DFE700BF0E
:10B2C000D4DA0512B761051238B5FFF7C3F80446A2
:10B2D00030B96FF00800FCF73BFC4FF0FF3038BD91
:10B2E000FFF756FA05462046FFF7D8F8002D01DA99
:10B2F0002846F0E72046FFF7D1F80020EFE770B5C9
:10B300000C461646FFF7A6F8054638B96FF0080058
:10B31000FCF71EFC4FF0FF34204670BD214632463C
:10B32000FFF749FA041E284603DAFFF7B7F820466C
:10B33000EEE7FFF7B3F8EFE770B50C461646FFF7F8
:10B3400089F8054638B96FF00800FCF701FC4FF0AA
:10B35000FF34204670BD21463246FFF7CDFA041E69
:10B36000284603DAFFF79AF82046EEE7FFF796F84B
:10B37000EFE770B50C461646FFF76CF8054638B98E
:10B380006FF00800FCF7E4FB4FF0FF34204670BD7F
:10B39000012E07D0022E0BD036B1FFF77FF86FF0E9
:10B3A0001500EFE7C3691C44002C03DA2846F4E7D4
:10B3B0008369F8E721462846FFF700FB061E28466A
:10B3C00003DAFFF76BF83046DCE7FFF767F8DDE7F5
:10B3D00008B5FFF7C9FC002804DAFCF7B9FB4FF009
:10B3E000FF3008BD0020FCE708B5FFF739FA002858
:10B3F00004DAFCF7ADFB4FF0FF3008BD0020FCE79E
:10B4000070B50546FEF7C6FF431C064605D16FF032
:10B410000B00FCF79DFB002518E0FFF71BF8294601
:10B420004FF400120446FFF751F9051E17DB4FF4E5
:10B430000370FDF781F9054650B92046FFF7A8F9DA
:10B440002046FFF72BF82046FFF728F8284670BD66
:10B450004FF4037200212CF0F3FA2E60F3E720463C
:10B46000FFF71CF82046FFF719F82846D1E7F8B592
:10B4700004460068FEF7EEFF054628B96FF00800A5
:10B48000FCF766FB0020F8BDD4F80422261D62B943
:10B4900040F2FF1231462846FFF7CEF9071E14DCB2
:10B4A0002846FEF7FBFF3846EAE7D4F8081263188F
:10B4B000DB880B449A42C4F80832E9DD2846FEF7DF
:10B4C000EDFFD4F808023044DDE70023C4F804722D
:10B4D000C4F80832F2E738B504460068FEF7BAFF50
:10B4E000054628B9BDE838406FF00800FCF730BBCE
:10B4F0000021FFF763FA0028A4BF0023C4E98133C9
:10B500002846BDE83840FEF7C9BF70B5064600685A
:10B51000FEF7A0FF044630B96FF00800FCF718FBF7
:10B520004FF0FF3070BDFFF733F905462046FEF7B8
:10B53000B5FF2046FEF7B2FF3046FDF707FA002DB3
:10B5400001DA2846EAE70020ECE7000010B50446DF
:10B5500048B9FEF701FF19491948FCF70DFFFEF73E
:10B5600013FF00200AE00FF0B7FEB0F5807F06D988
:10B570006FF01300FCF7ECFA4FF0FF3010BD2146DE
:10B580000020FEF7CBFF04460028F1D0FEF7E4FED2
:10B590002046FFF735FF28B92046FDF7D7F9FEF71B
:10B5A000F3FEE9E7FFF7B1FF4FF48072214603484D
:10B5B0000EF05EFC2046FDF7C9F9D0E7ED8E0020C5
:10B5C0002982051238B504460D46FEF7C5FE2A4607
:10B5D000034920460EF04CFCFEF7D6FE204638BD4F
:10B5E000ED8E0020002070470020704770B50D469A
:10B5F0001646044620B9252208490948FCF784FF6D
:10B60000246A24B9292205490648FCF77DFF324601
:10B6100029462046BDE87040FBF782BC7BDB051263
:10B620008C7B05129C7B0512F8B50D461646044628
:10B6300020B938220A490B48FCF766FF276A27B968
:10B640003C2207490848FCF75FFF33462A46384644
:10B65000E169FBF7F5FBE3690344E361F8BD00BF73
:10B6600068DB05128C7B05129C7B0512F8B50D4634
:10B670001646044620B94A220A490B48FCF744FF03
:10B68000276A27B94E2207490848FCF73DFF334691
:10B690002A463846E169FBF70BFCE3690344E361A2
:10B6A000F8BD00BF54DB05128C7B05129C7B051294
:10B6B00038B5044620B95C2210491148FCF724FF34
:10B6C0006388256A022B0AD125B963220B490D48EC
:10B6D000FCF71AFF2846FDF739F9002038BD25B9D7
:10B6E0006C2206490848FCF70FFF2846FBF776FB5B
:10B6F00008B92062F1E76FF00400EFE740DB0512C4
:10B700008C7B0512AE7B05129C7B051210B50B7865
:10B7100014462F2B0CD14B7853B9138044F2FF12EF
:10B7200062600022236100230020C4E90A2310BDC7
:10B73000481CFBF783FAC0B1002323804FF4DB736E
:10B740006360027D5AB1012A0CD041F2B61348F26F
:10B75000B6110F2A18BF0B4663600023E1E742F2DF
:10B76000B613F9E746F2B613F6E76FF00100DEE72D
:10B770002DE9F0410446406803782F2B3AD14378F5
:10B78000002B37D163699B0234D5FDF789FC092072
:10B79000FDF74AFA064620B98E2227492748FCF7CA
:10B7A000B3FE37464FF0000857F8043F9F420CD1D4
:10B7B00008F102008000FCF7BFFF054648B9FDF71D
:10B7C0007DFC25620020BDE8F0811B6808F10108BE
:10B7D000ECE700F1080303600023A0F806808380F3
:10B7E00072689742EBD02968A2F10C00C850126829
:10B7F0000433F6E70130FBF721FA0546C0B1C36B0D
:10B8000073B1236120621B682BB120469847002842
:10B81000D8D00630D6D000236FF004002362D2E7E0
:10B820000321FBF77FFA0028CBD00630C9D0F2E71E
:10B830006FF01200C7E700BF2DDB0512046C051284
:10B840002DE9F047066A0C4615462EB940F209125A
:10B8500019491A48FCF758FE4FF48277BD42B5FBF0
:10B86000F7F825D300254FF001094FF0080A0434FA
:10B87000B388F2882B44934211D23268204652F8A2
:10B880002310013504F8049C04F803AC24F8027C6E
:10B890000822FCF7EDF9A84504F58274E8D8B388CE
:10B8A0002B44B3804FF4827303FB05F0BDE8F087AF
:10B8B0006FF01500FAE700BF16DB0512AE7B05122C
:10B8C00008B50248FFF794FA002008BD90DB051286
:10B8D00038B5174B1B6893F8213013F0020303D1DE
:10B8E000144A1370134838BD134B196821B18022D4
:10B8F00010480EF0BDFAF5E700F0A4FFA8B10F491B
:10B900000C4C0C480FF014FC2046FCF7D4F905460B
:10B910002046FCF7D0F9C0F180016019FFF752FE14
:10B92000204607490EF0CEF9DCE70649E8E700BFFC
:10B9300004C200207CC1002000C20020C57B05128B
:10B94000B2790512CA7B051210B504460648FCF709
:10B9500013FDFFF7BDFF04F515720146BDE8104069
:10B960000248FCF709BD00BFD17B0512D77B051249
:10B9700038B5084D04462B6823B988220649074884
:10B98000FCF7C2FD2B6893F8212064F3410283F891
:10B99000212038BD04C20020DCDB0512DC7B05124F
:10B9A00037B51B4B1B4A4FF42A711A601A4B1B4ABE
:10B9B00001201A601A4B1B4A1B4D1A601B4B1C4A74
:10B9C0001A60FCF7B5FF286030B91A48FCF7D4FCC0
:10B9D0004FF0FF3003B030BD14230A221649CDE9E1
:10B9E000003216484FF480530022FDF777FE002303
:10B9F00004461A4612492868FBF79AFB0120FFF714
:10BA0000B7FF0CB90020E5E72046FDF78FFDF9E709
:10BA100014C20020107B061210C20020947E061271
:10BA20000CC20020947E061204C2002008C200202E
:10BA3000A47E0612ED7B0512EDBA0312027C0512FC
:10BA4000097C051270B5244B04461B680D4693F81B
:10BA50002130DB0702D52148FCF78EFC2946204621
:10BA600003F09EF801F0CEFF08BBD4F8980001F077
:10BA70008DFF01F0C7FFA8B903F062F902F0B6F834
:10BA80002138C0B25C281BD802F0B0F8054602F09D
:10BA9000ADF8064602F0AAF832460346E9B210486D
:10BAA000FCF76AFC2046BDE8704002F0A5B801F042
:10BAB000A9FF01F0ADFF01460A48FCF75DFCD8E79D
:10BAC00002F094F8054602F091F82946024606482D
:10BAD000FCF752FCE6E700BF04C2002071760512B5
:10BAE0000E7C051229820512217C05122DE9F041F8
:10BAF000B84D286890F8213023F0010380F82130F8
:10BB000000F5DC7002F064F8FFF7E2FEFCF734FCAD
:10BB10000DF0B8FD011EFBDB1B292C6803D10123AE
:10BB200084F82030F4E794F82030012B2AD15B29E7
:10BB300001D10223F4E7002384F820300D2973DCBF
:10BB40000D2976D801A353F821F000BF11BB0312D1
:10BB500033BC031233BC031233BC031233BC0312D5
:10BB600033BC031233BC031233BC0312B5BC031243
:10BB7000ABBC031239BD031233BC031233BC031236
:10BB800039BD0312022BD9D1002384F82030A1F152
:10BB90004103032BD2D8DFE803F002083527618C7C
:10BBA0000029B5D0013989B206E0A28C638C511E00
:10BBB0008B4216DA013399B25022618402FB0141B3
:10BBC00004F51573184626310FF010FB0FF084FBB7
:10BBD000C0B284F8A40284F8A5022046FFF7B4FEA0
:10BBE00096E7002A94D0DEE794F8A532002B8FD098
:10BBF0007948FCF7C1FB2A6892F8A532013B82F82C
:10BC0000A53285E794F8A53294F8A4229A427FF6EB
:10BC10007FAF234493F854127048FCF7ADFB2A68B9
:10BC200092F8A5320133EAE77F2943D0FF293FF498
:10BC30006FAF94F8A472CEB24F2F40F2118100235F
:10BC400084F8A432234483F8546294F82130DB074B
:10BC500040F12D816148FCF78FFB28E15E48FCF73D
:10BC60008BFB01362C6894F8A532B342F6DC5C48B5
:10BC7000FCF782FB00F0E6FD04F515740128204670
:10BC800015D100F07BFFFFF723FE22460146554801
:10BC9000FCF772FB2C6804F515700FF01DFBC0B2A9
:10BCA00084F8A40284F8A50232E70026DAE700F05F
:10BCB000A3FCE8E794F8A51200293FF429AF94F813
:10BCC000A4324A1E013BDBB2D2B2934284F8A432C2
:10BCD00084F8A52225D902F5157001F515719A1A77
:10BCE00021442044FBF79CFF00212B683E4893F839
:10BCF000A4221A4482F8541293F8A51201F5157182
:10BD00001944FCF739FB2B6893F8A5422B6893F88C
:10BD1000A432A342FFF6FCAE2F48FCF72DFB013402
:10BD2000F4E73248FCF728FB2B6893F8A42213446D
:10BD3000002283F85422EBE694F8A4322BB3B4F833
:10BD4000248004F51577B8F1040F51D904F5B378C0
:10BD50005022394640460DF087FFB0B104F1260667
:10BD600030465036502231460FF040FAB045F7D1F8
:10BD70005022002140462BF063FE3946404694F89D
:10BD8000A4220FF033FA0523A384A38C638400F06C
:10BD900059FD01282B684DD193F82130D80702D5E1
:10BDA0000F48FCF7E9FA286890F8A41200F515701E
:10BDB00000F060FDFFF78CFDFCF7DEFA2C685022E6
:10BDC000002104F515702BF03BFE0023A4F8A432EB
:10BDD0009EE600BF04C200203A7C05122E7C0512AC
:10BDE00071760512D77B0512317C0512387C05125D
:10BDF000B8F1000F0AD0502208F1FF3002FB0040DA
:10BE0000394626300DF030FF0028BED0502606FB04
:10BE100008403246002126302BF012FEA08C394615
:10BE200006FB004094F8A42226300FF0DFF9A38C23
:10BE30000133A9E73B2093F8A422991881F8540212
:10BE400032B103F5157103F5DC70FFF7FBFDB1E7C7
:10BE500093F82130D907ADD52148FCF78DFAA9E731
:10BE600094F8A5223B4697427FF6ECAE02F5157199
:10BE700002F255202144BA1A2044FBF7D1FE29686A
:10BE800091F8A532CA1882F8546291F82120D2079D
:10BE900005D503F5157313481944FCF76DFA2B68A3
:10BEA00093F8A5422B6893F8A432A34212DC2A68C7
:10BEB00092F8A43292F8A5120133DBB201314F2B74
:10BEC00082F8A43282F8A5127FF622AE0023A2F8EF
:10BED000A4321DE60448FCF74FFA0134E2E700BF44
:10BEE00071760512C67805123A7C051203460246A1
:10BEF000002012689A4200D170470130F9E70138FA
:10BF0000013910F8013F1BB111F8012F9A42F8D006
:10BF1000181E18BF012040427047024630B5013953
:10BF2000134612F8015B25B111F8014F0CB1A5427F
:10BF3000F6D0181A30BD000008B50248FCF71CFA0C
:10BF4000002008BD3C7C051210B504460248FCF7F1
:10BF500013FA013CFAD110BD4486051238B50446E7
:10BF60000568A54200D138BD0648A5F11401FCF7CB
:10BF700003FA2B68A34202D00348FCF7FDF92D68B1
:10BF8000EFE700BFC67805124F59051208B5FCF758
:10BF90001FFA002008BD70B50D46FBF78CFE044665
:10BFA000FDF77EF82E68AE4208D1FDF787F8082C21
:10BFB0000DDC002C08BF0824204670BDA6F10C0043
:10BFC000FBF779FE8442B8BF04463668EBE70824E5
:10BFD000F2E7000070B51D48FCF7CEF91C4B1D4E72
:10BFE0001C683368A34210D81B4B1C68DCB91B4883
:10BFF000FCF7C2F91A4B1B4D1C682B68A34218D8DA
:10C00000194B1C68E4B9204670BD256802222846F9
:10C0100016490DF0F3FE20B1294662681448FCF77A
:10C02000ABF90C34DDE761681248FCF7A5F9246828
:10C03000DCE762680E4854F8101BFCF79DF9DCE75A
:10C0400061680C48FCF798F92468DBE74E7C051220
:10C0500014C2002010C20020B4C40020787C051255
:10C060000CC2002008C20020F0C30020607C051232
:10C07000637C0512707C0512F0B5092099B0FCF7BD
:10C08000D3FD582204461849071D02A80FF0AEF848
:10C0900039461648FFF77FFF05460146134A144804
:10C0A000FCF76AF92846FFF74FFF1248FCF764F9DE
:10C0B000114E6468A74202D1002019B0F0BD227A67
:10C0C000A4F10C03152A8FBF324618A901EB820296
:10C0D00052F8582CA17B0948CDE9002108222946B5
:10C0E000FCF74AF92468E5E744DF0512927C051263
:10C0F000997C0512BF7C05128A7C0512E17C051231
:10C1000073B50A20FCF790FD061D04463146184819
:10C11000FFF741FF05460146154A1648FCF72CF982
:10C120002846FFF711FF1448FCF726F96468A64279
:10C1300008D1FAF7CFFC01461048FCF71DF90020A2
:10C1400002B070BD236A0E480193E36908222946B4
:10C150000093A4F10C03FCF70FF914F8033CDB0780
:10C160004CBF08480848FCF707F92468DFE700BF20
:10C17000F8740512F47C05121A7D0512617D051212
:10C180003E7D0512567D0512547D0512F0B508203E
:10C1900085B0FCF749FD061D044631461948FFF7F6
:10C1A000FAFE05460146174A1748FCF7E5F8284607
:10C1B000FFF7CAFE1548FCF7DFF86468A64202D113
:10C1C000002005B0F0BDA26A2169D4E90607A4F1F8
:10C1D0000C03CDE90272CDE900106AB108222946AC
:10C1E0000B48FCF7C9F804F12000FFF7B7FE094837
:10C1F000FCF7C2F82468E1E7082229460648FCF764
:10C20000BBF8F7E7767D05127E7D0512A57D051248
:10C21000C77D051271760512E37D05122DE9F34104
:10C220000620FCF701FD071D044639461E48FFF7AE
:10C23000B2FE054601461C4A1C48FCF79DF82846FC
:10C24000FFF782FE1A48FCF797F86468A74203D10B
:10C25000002002B0BDE8F081A36804F108069E4208
:10C260003046B4F81880A4F10C0111D0FFF73EFE5F
:10C270000B4608222946CDE900800E48FCF77CF8E1
:10C280003046FFF76BFE0C48FCF776F82468DDE7D4
:10C29000FFF72CFE0B46CDE900800822294607480F
:10C2A000FCF76AF8F2E700BFFF7D0512087E051271
:10C2B000247E05123B7E0512717605124C7E051216
:10C2C0002DE9F043052085B0FCF7AEFC071D0446C0
:10C2D00039462148FFF75FFE054601461E4A1F48C2
:10C2E000FCF74AF82846FFF72FFE1D48FCF744F8F4
:10C2F0006468A74203D1002005B0BDE8F083A368BD
:10C3000004F108069E423046B4F81680B4F8149042
:10C31000A4F10C0113D0FFF7E9FD0B4608222946D2
:10C32000CDE90190CDF800800E48FCF725F83046A5
:10C33000FFF714FE0C48FCF71FF82468D9E7FFF755
:10C34000D5FD0B46CDE90190082229460748CDF8D6
:10C350000080FCF711F8F0E75D7E0512657E05129E
:10C36000AB7D0512867E0512717605129C7E051244
:10C37000F0B5032085B0FCF757FC061D0446314696
:10C380001448FFF708FE054608270146114A1248DF
:10C39000FBF7F2FF2846FFF7D7FD1048FBF7ECFF4D
:10C3A0006468A64202D1002005B0F0BD04F1080087
:10C3B000FFF79CFD0390E37CA4F10C0102936369F9
:10C3C0000822CDE9007306480B462946FBF7D4FF47
:10C3D0002468E6E7B27E0512B87E0512DC7E0512FF
:10C3E000FB7E05122DE9F3410420FCF71DFC071D1F
:10C3F000044639461D48FFF7CEFD054601461B4A57
:10C400001B48FBF7B9FF2846FFF79EFD1948FBF7CD
:10C41000B3FF6468A74203D1002002B0BDE8F081F9
:10C42000A36804F108069E42D4F81080A4F10C0120
:10C4300012D03046FFF75AFD0B4608222946CDE9B7
:10C4400000800D48FBF798FF3046FFF787FD0B484B
:10C45000FBF792FF2468DDE70B46082229460848CF
:10C46000CDF80080FBF788FFF4E700BF127F0512CC
:10C47000187F05123A7F0512577F05127176051253
:10C480006C7F05122DE9F3410220FCF7CDFB071D5F
:10C49000044639461E48FFF77EFD054601461C4A04
:10C4A0001C48FBF769FF2846FFF74EFD1A48FBF7CB
:10C4B00063FF6468A74203D1002002B0BDE8F081A9
:10C4C000A36804F108069E423046B4F81080A4F137
:10C4D0000C0111D0FFF70AFD0B4608222946CDE9D1
:10C4E00000800E48FBF748FF3046FFF737FD0C4849
:10C4F000FBF742FF2468DDE7FFF7F8FC0B46CDE9C8
:10C500000080082229460748FBF736FFF2E700BF04
:10C510007E7F0512887F0512A27F0512B77F051264
:10C5200071760512C77F0512F0B5012085B0FCF7C2
:10C530007BFB071D044639462648FFF72CFD0646BF
:10C540000146244A2448FBF717FF3046FFF7FCFC5E
:10C550002248FBF711FF6468A74202D1002005B012
:10C56000F0BD94F82930082200933146A4F10C0361
:10C570001B48FBF701FF94F8283003F00F03042B4E
:10C5800007D8DFE803F02303210625001548FBF751
:10C59000F3FEE269134619781D46232903F10103CE
:10C5A000F9D0616A236A0291E16B1A440191642116
:10C5B000551B4D43B5FBF3F5009521690A48043A34
:10C5C000FBF7DAFE2468C7E70848E0E70848DEE73B
:10C5D0000848DCE7D77F0512DE7F05122B800512A5
:10C5E000738005127F800512A380051288800512D2
:10C5F000918005129A8005122DE9F04700258046AA
:10C600002C462E46674BDFF8C4911F680C37D9F8CB
:10C610000020A7F10C039A421DD8634B1F68002F1E
:10C6200048D1624BDFF8A8911E681036D9F8002077
:10C63000A6F110039A4263D85D4B1E68002E40F0AD
:10C640008980002D00F0AC80224629464046BDE896
:10C65000F047FBF70DBB57F80CAC56485146FFF7B7
:10C660004EFC28B351464046FFF749FC00BB5EB97B
:10C670005148FBF781FE98F800302BB157F80C5C5D
:10C6800028460EF029FE044698F80030013657F887
:10C690000CACB6B233B151462846FFF73EFC84429B
:10C6A000A8BF0446514657F8082C4448FBF764FEDF
:10C6B0000C37ACE740467968FFF721FCF0B95EB96A
:10C6C0003D48FBF759FE98F800302BB125B97D683D
:10C6D00028460EF001FE044698F800300136D7F8DF
:10C6E0000490B6B233B149462846FFF716FC84429F
:10C6F000A8BF044649463248FBF73EFE3F688EE736
:10C70000404656F8101CFFF7FAFB08BB67B92D48E6
:10C71000FBF732FE98F8003033B12DB956F8105CB3
:10C7200028460EF0D9FD044698F80030013756F837
:10C7300010ACBFB233B151462846FFF7EEFB84423E
:10C74000A8BF0446514656F80C2C1C48FBF714FEB3
:10C7500010366BE740467168FFF7D1FBF0B95FB95F
:10C760001848FBF709FE98F800302BB125B9756819
:10C7700028460EF0B1FD044698F800300137D6F88F
:10C780000490BFB233B149462846FFF7C6FB844246
:10C79000A8BF044649460C48FBF7EEFD36684DE756
:10C7A000BDE8F08714C20020B4C400200CC20020F1
:10C7B000F0C30020607C0512D2800512637C051254
:10C7C000707C0512DF800512EC80051210C200207B
:10C7D00008C200200020014B18607047F08F002035
:10C7E0000122024B00201A60704700BFF08F00202A
:10C7F00070B50E48FBF7C0FD0D4B0E4E1C6833683C
:10C80000A34204D80C48FBF7B7FD002070BD256893
:10C810000622284609490DF0F1FA20B96268084855
:10C82000A91DFBF7A9FD0C34E9E700BFFF81051244
:10C8300014C2002010C20020717605121A8205125F
:10C8400021820512014B1868704700BFF08F00204D
:10C8500010B50446FBF772FD2046BDE810400221EA
:10C8600002F046BE012808B502DD4868FFF7F0FF78
:10C87000002008BD02462DE9F0478AB013789146A2
:10C88000202B164602F10102F8D0092BF6D00844FD
:10C89000B0EB090535D100200AB0BDE8F0870137BB
:10C8A00019F80730202B2ED0092B2CD0BD42F6D101
:10C8B0004F4BD3F800804F4BD3F800A0D04524D283
:10C8C000D8F80040062220464B490DF097FA80BB6D
:10C8D0003A464946A01D0DF091FA50BB3C44A4795C
:10C8E0003CBBD8F8087087B12822214668462BF057
:10C8F000A7F8E8466A464B4621462046A6461C460F
:10C900001DE00027CCE7002FD2D12946484600F091
:10C910003FFB0028BFD032461378013613F0DF0307
:10C92000F9D1364849461370FBF726FD4FF0FF302A
:10C93000B2E708F10C08C1E704F801EC0131234625
:10C9400014F801CBBCF1200F02D0BCF1090F04D1C7
:10C950008D42F1D80A2802D023E00A2812D12848B3
:10C96000FBF70AFD002458F8041B26480134FBF7A6
:10C9700003FD0A2CF7D12448FBF7FEFC204669464C
:10C98000B84789E78D420CD9BCF1220F00F10100B4
:10C990001ED10133013113601C78222C0ED08D4240
:10C9A00002D80028EBD1B0E75C2C04D15C78222CB3
:10C9B00004BF0133013101330131EDE78D42F0D97C
:10C9C00001318D4203F801EB02F1040297D8E8E748
:10C9D00013601C78202C06D0092C04D08D42E0D0A6
:10C9E00001330131F5E78D42DBD9043287E700BF1F
:10C9F00014C2002010C200201A8205124F820512B4
:10CA00002D8205124B820512717605122DE9F8432D
:10CA10000746002800F0AB804FF48070FBF78CFED7
:10CA20000446002800F0A3803B782F2B17D04FF44A
:10CA30008071FEF7C7FD2046FBF73DF9204410F852
:10CA4000013C2F2B03D020464A490DF03BF93B46D1
:10CA5000002513F8012B2F2A04D11D46F9E70023E6
:10CA60000370F4E7002AF4D1002D08BF3D462346A9
:10CA70001A4613F8011B0029FAD1B846531EA845DF
:10CA80000DD10026A8EB070320469E54FEF7B8FC04
:10CA9000814648B92046BDE8F843FBF757BF18F870
:10CAA000011B03F8011FEAE798F800304BB948462C
:10CAB000FEF7DDFC002856D0011D2F48FBF75CFC7B
:10CAC000F5E74846FEF7D3FC30B300F104082846EA
:10CAD000FBF7F1F84146024628460DF08FF9002891
:10CAE000EFD13EB94046FBF7E6F841460646204600
:10CAF0000EF01EFB424604F1FF3C134612F8010BF8
:10CB000020B11CF8011F09B18842F6D0A3EB08033D
:10CB10009E4228BF1E46D4E72EB32046FBF7CBF833
:10CB2000864217D24846FEF7D6FC4846FEF79FFCE1
:10CB300080B100F104082846FBF7BDF841460246E3
:10CB400028460DF05BF90028EFD141460A48FBF773
:10CB500013FCEAE72846324621460EF047FB002345
:10CB6000ED1B37447B554846FEF7CFFC92E7BDE806
:10CB7000F88300BF4F590512298205122DE9F047AD
:10CB80000178044621B9BDE8F0470846FFF730BEFA
:10CB9000FBF791F82318A342184606D00278013B10
:10CBA000202AF8D10130FFF731FF00263546224B0D
:10CBB000DFF890A0D3F80080DAF80030434507D8BA
:10CBC000BEB32A4631462046BDE8F047FBF750B8D1
:10CBD000D8F800700622384618490DF00FF9F0B960
:10CBE00020460EF079FB07F1060902464946204629
:10CBF0000DF004F998B925B948460EF06DFB4E4684
:10CC0000054632460537134612F8010B50B99B1BF7
:10CC10009D4249460A48A8BF1D46FBF7ADFB08F1F7
:10CC20000C08C9E717F8011F0029F0D08842EAD0A4
:10CC3000EDE7BDE8F08700BF14C200201A8205129C
:10CC40002982051210C200200020704708B5012873
:10CC50000CBF03484868FDF727FF002008BD00BF50
:10CC6000ED8E002008B503490348FBF785FB002043
:10CC700008BD00BFED8E002029820512032873B580
:10CC80000C4608D02948FBF777FB2948FBF774FBD3
:10CC9000002002B070BDD1E901122648FBF76CFB01
:10CCA00000224FF40011A068FEF7DCFA00282EDB0A
:10CCB000FEF70AFB4FF48070FBF73EFD054628B9EE
:10CCC0001D48FBF759FB6FF00400E2E76668304649
:10CCD000FAF7F1FF626830449042034603D01978B6
:10CCE00001382F29F8D10093FF212846A368134A61
:10CCF000FBF710FB29466068FEF76AFB002DC7D0E2
:10CD0000A368AB42C4D02846FBF720FEC0E7002250
:10CD1000A0681146FEF7A6FA002804DBFEF7D4FA55
:10CD2000A068FEF761FBA568E4E700BF6782051213
:10CD30007E820512B6820512EB780512C3780512C1
:10CD4000022810B50C4609D149680C48FEF796F93F
:10CD5000014680B10A48FBF70FFB0CE0042807D11D
:10CD6000084960680EF006F928B9D4E90201EDE738
:10CD70000548FBF701FB002010BD00BFC082051273
:10CD8000E5820512C4820512C7820512032813B575
:10CD90000C460CD100230F4A0093D1E90101FEF7A4
:10CDA000A3F8014698B10C48FBF7E6FA0FE0052816
:10CDB0000AD10A4960680EF0DDF8034638B90090E0
:10CDC000A268D4E90301EAE70548FBF7D5FA002099
:10CDD00002B010BDC082051222830512C482051262
:10CDE000FD82051208B5FFF79FFB002008BD08B5BE
:10CDF000FBF7BEFB002008BD032808B507D0064896
:10CE0000FBF7BAFA0548FBF7B7FA002008BDD1E9ED
:10CE10000101FDF735FFF8E73D8305125483051244
:10CE2000012870B504460E460FD10948FBF7A4FA55
:10CE30000848FBF7A1FA002070BD56F82500FEF760
:10CE4000D3FA0135A542F8DBF5E70125FAE700BF83
:10CE50006A8305127D830512012870B504460E46CB
:10CE60000FD10948FBF788FA0848FBF785FA00203C
:10CE700070BD56F82500FDF7B3FC0135A542F8DB7F
:10CE8000F5E70125FAE700BF9B830512B183051280
:10CE9000012810B50C4605D107490848FBF76CFA84
:10CEA000002010BD0228FBD14868FEF74FFB002888
:10CEB000F6D061680248F1E7ED8E00202982051264
:10CEC000C6830512012808B50B4607D10648FBF7B3
:10CED00053FA0648FBF750FA002008BD00215868B5
:10CEE000FEF796F9F8E700BFDD830512FE83051211
:10CEF000022810B503D00B48FEF732F90DE04C685C
:10CF0000094920460EF036F820B1204607490EF0B8
:10CF100031F820B90648FBF72FFA002010BD204653
:10CF2000EAE700BF4F590512338405123A8405120F
:10CF30003D840512022838B50C4604D149681148D1
:10CF4000FBF71AFA15E0032818D1002240F20A2153
:10CF5000A068FEF787F9051E0DDB646820460EF019
:10CF6000BBF9214602462846FEF7E6F92846FEF7B9
:10CF7000ABF9002038BDA1680348E1E70348FBF79F
:10CF8000FBF9F6E729820512488405125E84051232
:10CF90002DE9FF410746002900F082800026BB5D95
:10CFA000202B03D0092B01D08E4268DB06F1200034
:10CFB000FBF7C2FB0546002877D0394632460EF013
:10CFC00015F9002328463E49AB550DF001F928B963
:10CFD00028463C490DF0FCF8002852D00022284693
:10CFE0001146FEF73FF9041E0DDA3346364A06F1C4
:10CFF0001F0128460097FBF78DF9002228461146AD
:10D00000FEF730F904462846FBF7A0FC002C47DB6E
:10D010008020FBF791FB4FF00008064601222046D6
:10D020000DF10F01FEF76BF90128054640D19DF87F
:10D030000F300A2BF2D00D2BF0D0374607F8013B0A
:10D04000012220460DF10F01FEF759F9012821D1E7
:10D050009DF80F300A2B01D00D2B15D187F80080D9
:10D06000334671191A78202A01D0092A15D10133C3
:10D070008B42F7D129463046FFF7FCFBCEE701365D
:10D080008DE74FF0FF34BEE70135802D07F8013BF7
:10D09000D6D1E5E700233B70E2E7232ABED0E9E7DB
:10D0A0004FF0FF3004B0BDE8F0816FF00400F9E705
:10D0B0002046FEF709F93046FBF748FC0020F1E76F
:10D0C0007F840512838405128784051238B50D46C6
:10D0D0000446D8B123780069133B072B1AD8DFE840
:10D0E00003F004190404191916040821FFF7EEFFD0
:10D0F0000021E068FFF7EAFFA378042B18BF1D4367
:10D10000236918BFA5703BB15B78637038BD09B166
:10D110000021EBE72946E9E72378012B22D1A37808
:10D12000DA0718D5A368002BF0D05B7C013B0D2BF0
:10D130000CD8DFE803F0071E19191E09091E1E1E70
:10D140001E1E1E1E0023E0E70223DEE70320BDE8CB
:10D15000384000F051BC9B07D8D5A368002BD5D030
:10D160001B7AE3E7022B01D10123CEE7033B032B1C
:10D17000CCD80323C9E700002DE9F041044620691B
:10D1800008B1FFF7F9FF2378013B1A2B00F2F9836E
:10D19000DFE813F01B00A300AD00AD00AD00AD0053
:10D1A000C000D300E700FA000D012001360149015B
:10D1B0005D01710185019901AE01F703DF015002A4
:10D1C000B2024D03DF03CD00D403A1784F071AD577
:10D1D0002421874B1A6811701A68511C1960A168C4
:10D1E00089685170A26819689268120A4A70A16829
:10D1F0001A6849899170A1681A68C97AD1701A6849
:10D2000004321A6093E08E07A36836D5002B00F035
:10D210008E801A7A033A0B2A00F28980DFE802F046
:10D22000060627212127272727272727704A0D07AA
:10D23000106801D5242100E0252101701168D8680B
:10D24000013111600870D9681068090A41701168CD
:10D25000D88988701168DB7BCB7013680433136046
:10D2600065E0634A09071068E4D42621E5E7604ACF
:10D270000F071068DED42721DFE7002B57D05A7C38
:10D28000033A0B2A53D8DFE802F00606221C1C22C0
:10D29000222222222222564A0E07106801D524217A
:10D2A00000E02521017011681433013111600B7009
:10D2B0001168180A48701168180C887011681B0EE4
:10D2C000CAE74B4A0D071068E9D42621EAE7484A25
:10D2D00009071068E3D42721E4E72221444B1A68A8
:10D2E00011701A68511C196021795170FAE02421DB
:10D2F0003F4B1A6811701A68511C196061685170AF
:10D3000062681968120A4A701A68E18891701A688E
:10D31000E17973E76378012B05D1354A11680B7009
:10D32000136801339BE7022BF7D0032BF5D0E46899
:10D33000002C7FF424AFBDE8F0816378012B04D189
:10D3400004212B4B1A681170CCE0022B03D1284B1F
:10D3500005211A68F7E7032BE9D1254B06211A6846
:10D36000F1E76378012B03D1214B0D211A68EAE71D
:10D37000022B03D11E4B0E211A68E4E7032BD6D1F2
:10D380001B4B0F211A68DEE76378012B03D1184B82
:10D3900007211A68D7E7022B03D1154B08211A6819
:10D3A000D1E7032BC3D1124B09211A68CBE763786D
:10D3B000012B03D10E4B0A211A68C4E7022B03D1BB
:10D3C0000B4B0B211A68BEE7032BB0D1084B0C2185
:10D3D0001A68B8E76378012B03D1054B10211A684E
:10D3E000B1E7022B06D1024B11211A68ABE700BF4F
:10D3F0001CC20020032B9AD1A34B12211A68A2E76A
:10D400006378012B03D1A04B13211A689BE7022BF1
:10D4100003D19D4B14211A6895E7032B87D19A4BB2
:10D4200015211A688FE76378012B03D1964B1621DB
:10D430001A6888E7022B03D1934B17211A6882E7F9
:10D44000032B7FF474AF904B18211A687BE7637845
:10D45000012B03D18C4B19211A6874E7022B03D1DD
:10D46000894B1A211A686EE7032B7FF460AF864B55
:10D470001B211A6867E76378012B03D1824B1C21BB
:10D480001A6860E7022B03D17F4B1D211A685AE707
:10D49000032B7FF44CAF7C4B1E211A6853E7637853
:10D4A000012B03D1784B1F211A684CE7022B03D1C3
:10D4B000754B20211A6846E7032B7FF438AF724B77
:10D4C00021211A683FE72369002B3FF430AF002287
:10D4D000DB6853B92C206C4B196808701968481C1C
:10D4E00018604A701A6801328BE6DB680132F0E797
:10D4F00023691A78012A13D15B78022B17D0032BEA
:10D500001ED0012B08D128215F4B1A6811701A68B0
:10D51000511C19602D21E8E6032000F06DFA06E7A2
:10D52000192A7FF404AF5B7803F00F03E5E72921A4
:10D53000554B1A6811701A68511C19602E21D4E6D7
:10D540002A21514B1A6811701A68511C19602F2139
:10D55000CBE62369002B3FF4EAAE187801287FF46C
:10D56000E6AE61789B68022922D0032940D00129C8
:10D570007FF4DDAE2525444A143310680570106829
:10D58000451C1560437010681D0A457010681D0C1D
:10D59000857010681B0EC3702220136818715971B2
:10D5A00099712821D9712F21093303F8011C56E6FE
:10D5B0002626354A143315682E7015686E1C1660C1
:10D5C0006B7015681E0A6E7015681E0CAE701568BB
:10D5D0001B0EEB7013682325587100201D71987184
:10D5E000D971292119722F210A3303F8011C36E65B
:10D5F0002726254A143315682E7015686E1C166090
:10D600006B7015681E0A6E7015681E0CAE7015687A
:10D610001B0EEB7013682425587100201D71987142
:10D62000D871187259722A2199722F210C3303F87C
:10D63000011C14E62369002B3FF479AE1878012809
:10D640007FF475AE61789B6802291FD0032937D01B
:10D6500001297FF46CAE25250B4A14331068057040
:10D660001068451C1560437010681D0A45701068ED
:10D670001D0C857010681B0EC37022201368597131
:10D68000187104218CE700BF1CC200202625BE4A69
:10D69000143311680D7011684D1C15604B701168C2
:10D6A0001D0A4D7011681D0C8D7011681B0ECB701A
:10D6B00023211368197100215871997105218FE791
:10D6C0002725B14A143311680D7011684D1C15607F
:10D6D0004B7011681D0A4D7011681D0C8D7011681A
:10D6E0001B0ECB7024211368197100215871997198
:10D6F000D9711972062195E72369002B3FF417AE03
:10D700001D78012D7FF413AE60789B6802282FD01E
:10D7100003285BD001287FF40AAE24259A491433EC
:10D720000A685FFA83FC15700A68C3F30726551C64
:10D730000D6082F801C00A68C3F3074556700A6895
:10D7400095700F681A0EFA700B6825271A7222223C
:10D750001F7183F805C09E71DD715A729872D8727C
:10D7600028221A732B220E3303F8012C0B60DEE5FE
:10D770002426854914330A685FFA83FE16700A6806
:10D78000C3F3072C561C0E6082F801E00A68C3F34D
:10D79000074682F801C00A6896700F681A0EFA7080
:10D7A0000B6826271A7223225A7200221F7183F8EF
:10D7B00005E083F806C0DE719D72DA7218732922C3
:10D7C0005A732B220F3303F8012CCFE724266E491E
:10D7D00014330A685FFA83F816700A68C3F3072ED9
:10D7E000571C0F6082F801800A68C3F3074C82F867
:10D7F00001E00A6882F802C00F681A0EFA700B681E
:10D8000027271A7200221F7183F8058083F806E02B
:10D8100083F807C05E729D72DA721A735A73987336
:10D820002A22DA732B22113303F8012C9EE7236995
:10D83000002B3FF47CAD1D78012D7FF478AD60782E
:10D840009B68022829D003284ED001287FF46FADB1
:10D8500024254D4914330A685FFA83FC15700A6861
:10D86000C3F30726551C0D6082F801C00A68C3F394
:10D87000074556700A6895700F681A0EFA700B68A3
:10D8800025271A7222225A7204221F7183F805C0BA
:10D890009E71DD719872DA7262E724203A4914337E
:10D8A0000A685FFA83FC10700A68C3F30726501CED
:10D8B000086082F801C00A68C3F3074056700A681E
:10D8C00090700F681A0EFA700B6826271A722322BE
:10D8D0005A720022DA7205221F7183F805C09E7108
:10D8E000D8719D721A736AE72420274914330A6895
:10D8F0005FFA83FE10700A68C3F3072C561C0E6093
:10D9000082F801E00A68C3F3074682F801C00A689A
:10D9100096700F681A0EFA700B6827271A72002289
:10D92000DA721A735A7306221F7183F805E083F8BE
:10D9300006C0DE7158729D729A7371E70022124B15
:10D9400019680A7019684A7019688A701968CA706B
:10D9500055E4A3781B073FF5EAAC6378022B08D0A7
:10D96000032B0AD0012B7FF4E2AC074B2D211A6860
:10D97000E9E4054B2E211A68E5E4034B2F211A68D0
:10D98000E1E40820C9E500BF1CC200202DE9F041F8
:10D9900000210446FFF79AFB104B80220021184615
:10D9A0002AF04EF800270E4A0E490F4D17600A6004
:10D9B00028607CB14FF02B08E6682046E760FFF74F
:10D9C000DBFB3EB12B68344683F800802B680133C3
:10D9D0002B60F1E70020BDE8F08100BFC0C400204B
:10D9E00040C5002020C200201CC200200020014BA6
:10D9F0001870704724C20020014B18700020704737
:10DA000024C20020014B1878704700BF24C20020B8
:10DA1000014B53F82000704768E2051203680BB908
:10DA2000016070478B4202D94B60F9E723B11A4677
:10DA30005B688B42FAD94B605160704708B57C2215
:10DA40000021074829F0FCFF0549064B0A1F1A6010
:10DA50007823002041F8043C034B186008BD00BF48
:10DA600034C200202CC2002028C2002038B5274A2A
:10DA7000A0F108011368044699421DD150F8043CF6
:10DA80001360002340F8043C2148FFF7C7FF0268F9
:10DA900054F8045C91421CD18DB354F8083CE21850
:10DAA00095422CD12A680833134444F8083C6B682B
:10DAB00044F8043C23E01346002BE5D05A68914219
:10DAC000F9D154F8042C5A60DEE75368994203D028
:10DAD0001A46002AF9D1DFE7106800F10803134461
:10DAE0009942D9D154F8083C55B1E1188D4207D17B
:10DAF000296810330B44034413606B68536038BDCE
:10DB000008330344136054F8043CF7E728C20020AC
:10DB10002CC2002070B52B4EC51C25F003053468BF
:10DB200005F108031CB322689A421ED96FF007035F
:10DB300020685B1B05F108010344635063686218A9
:10DB400025605360336862609C4234D132600026A5
:10DB5000214666601C480834FFF760FF2A463146BC
:10DB6000204629F06DFF204670BD6468DAE7164B49
:10DB7000186848B9346805F10803002CF3D022680E
:10DB80009A42D3D26468F8E70023104A00F10801F2
:10DB9000547C14B154698C4204D00133082B02F137
:10DBA0001802F5D1082B446802D10830FFF75EFF58
:10DBB0002046DEE70B46002BC9D059688C42F9D1CC
:10DBC0005A60C4E72CC2002028C20020F4C3002001
:10DBD00008B501F031F800F019F801F035F8FFF759
:10DBE00005FFFFF72BFF002008BD0000014B186860
:10DBF000704700BF40C5002008B501F01DF800F0D7
:10DC000005F8FFF7F3FE002008BD000008B54FF44B
:10DC1000A0720021024829F013FF002008BD00BFB8
:10DC2000B0C2002070B5002304461425064905FB48
:10DC300003F28E5C501826B10133102BF7D100206F
:10DC400070BD8C54FCE700BFB0C2002038B505465B
:10DC500001F036F8044670B9284601F049F8044648
:10DC600080B9284601F08AF8044668B90D20FFF70C
:10DC7000C3FE002038BD01250120FFF7D3FF28B9DE
:10DC80000620F4E70225F7E70425F5E784608570B0
:10DC9000F0E738B505460220FFF7C4FF044620B977
:10DCA0000620FFF7A9FE204638BD0571FBE738B511
:10DCB00005460320FFF7B6FF044620B90620FFF70C
:10DCC0009BFE204638BD4560FBE738B5054604207D
:10DCD000FFF7A8FF044620B90620FFF78DFE204677
:10DCE00038BD4560FBE770B505460520FFF79AFF94
:10DCF000044620B90620FFF77FFE204670BD284667
:10DD00000DF0EAFA0130FFF705FF0646606028468D
:10DD10000DF0E2FA2946024630460CF0A9F82846F2
:10DD20000DF0DAFA002263681A54E6E738B50546C2
:10DD30000620FFF777FF044620B90620FFF75CFEB8
:10DD4000204638BD4560FBE770470000064B1A6867
:10DD500012F8081C12F8040C014402F8081C1A6896
:10DD6000043A1A60704700BFBCC40020064B1A6812
:10DD700032F8081C32F8040C014422F8081C1A6816
:10DD8000043A1A60704700BFBCC40020054B1A68F3
:10DD900052E90210014442F8081C1A68043A1A6059
:10DDA000704700BFBCC40020064B1A6812F8081C5C
:10DDB00012F8040C091A02F8081C1A68043A1A60CE
:10DDC000704700BFBCC40020064B1A6832F8081C1C
:10DDD00032F8040C091A22F8081C1A68043A1A606E
:10DDE000704700BFBCC40020054B1A6852E90210FE
:10DDF000091A42F8081C1A68043A1A60704700BFF2
:10DE0000BCC40020064B1A6812F8081C12F8040C57
:10DE1000B1FBF0F102F8081C1A68043A1A60704766
:10DE2000BCC40020064B1A6832F9081C32F9040CF5
:10DE300091FBF0F122F8081C1A68043A1A60704746
:10DE4000BCC40020054B1A6852E9021091FBF0F1A6
:10DE500042F8081C1A68043A1A607047BCC40020D3
:10DE600010B5084A116811F8083C11F8040CB3FB0E
:10DE7000F0F400FB143301F8083C1368043B136012
:10DE800010BD00BFBCC4002010B5084A116831F9AC
:10DE9000083C31F9040C93FBF0F400FB143321F837
:10DEA000083C1368043B136010BD00BFBCC40020D5
:10DEB00010B5074A116851E9023093FBF0F400FBFA
:10DEC000143341F8083C1368043B136010BD00BFD5
:10DED000BCC40020064B1A6812F8081C12F8040C87
:10DEE00011FB00F102F8081C1A68043A1A60704726
:10DEF000BCC40020064B1A6832F8081C32F8040C27
:10DF000011FB00F122F8081C1A68043A1A607047E5
:10DF1000BCC40020054B1A6852E90210414342F884
:10DF2000081C1A68043A1A60704700BFBCC400207D
:10DF3000064B1A6812F8081C12F8040C014002F88B
:10DF4000081C1A68043A1A60704700BFBCC400205D
:10DF5000064B1A6832F8081C32F8040C014022F80B
:10DF6000081C1A68043A1A60704700BFBCC400203D
:10DF7000054B1A6852E90210014042F8081C1A6861
:10DF8000043A1A60704700BFBCC40020064B1A68F0
:10DF900012F8081C12F8040C014302F8081C1A6855
:10DFA000043A1A60704700BFBCC40020064B1A68D0
:10DFB00032F8081C32F8040C014322F8081C1A68D5
:10DFC000043A1A60704700BFBCC40020054B1A68B1
:10DFD00052E90210014342F8081C1A68043A1A6018
:10DFE000704700BFBCC40020064B1A6812F8081C1A
:10DFF00012F8040C414002F8081C1A68043A1A602E
:10E00000704700BFBCC40020064B1A6832F8081CD9
:10E0100032F8040C414022F8081C1A68043A1A60CD
:10E02000704700BFBCC40020054B1A6852E90210BB
:10E03000414042F8081C1A68043A1A60704700BF51
:10E04000BCC40020034B1A6812F8043CDB4302F8FE
:10E05000043C7047BCC40020034B1A6832F8043CEF
:10E06000DB4322F8043C7047BCC40020034B1A6811
:10E0700052F8043CDB4342F8043C7047BCC4002027
:10E08000064B1A6812F8081C12F8040C814002F8BA
:10E09000081C1A68043A1A60704700BFBCC400200C
:10E0A000064B1A6832F9081C32F9040C814022F838
:10E0B000081C1A68043A1A60704700BFBCC40020EC
:10E0C000054B1A6852E90210814042F8081C1A6890
:10E0D000043A1A60704700BFBCC40020064B1A689F
:10E0E00012F8081C12F8040C014102F8081C1A6806
:10E0F000043A1A60704700BFBCC40020064B1A687F
:10E1000032F9081C32F9040C014122F8081C1A6883
:10E11000043A1A60704700BFBCC40020054B1A685F
:10E1200052E90210014142F8081C1A68043A1A60C8
:10E13000704700BFBCC40020064B074A186811682E
:10E14000007808701168043111601A6801321A6091
:10E15000704700BFB8C40020BCC40020064B074A6B
:10E1600018681168008808801168043111601A6805
:10E1700002321A60704700BFB8C40020BCC400203F
:10E18000064B074A18681168006808601168043176
:10E1900011601A6804321A60704700BFB8C40020CA
:10E1A000BCC40020064B074A186811680068007854
:10E1B00008701168043111601A6804321A607047DF
:10E1C000B8C40020BCC40020034B1B6853F8042CC7
:10E1D000127803F8042C7047BCC40020074B084A8F
:10E1E000186811680068B0F90000088011680431EF
:10E1F00011601A6804321A60704700BFB8C400206A
:10E20000BCC40020044B1B6853F8042CB2F9002056
:10E2100023F8042C704700BFBCC40020064B074AFB
:10E22000186811680068006808601168043111609E
:10E230001A6804321A607047B8C40020BCC40020B9
:10E24000034B1B6853F8042C126843F8042C7047E6
:10E25000BCC40020054B1A6812F8041C52F8082CA4
:10E2600011701A68043A1A60704700BFBCC40020DD
:10E27000054B1A6832F9041C52F8082C11801A68F0
:10E28000043A1A60704700BFBCC40020044B1A68EF
:10E2900052E9022111601A68043A1A60704700BFFF
:10E2A000BCC40020024A1368043B1360704700BFDF
:10E2B000BCC4002030B5844A844C13689DB0591CFE
:10E2C00011601B7822680CA8043A00EB83012260DD
:10E2D000814252F8045914D1013B0F2B14D8DFE8C6
:10E2E00013F01C001E00220027002D0035003F0007
:10E2F0004B00590069007B008F00A500BD00D700CE
:10E30000F70041F8045DE2E70020A84723681860A1
:10E310002368043323601DB030BD0C98F5E7DDE9B8
:10E320000C01A847F2E70C98DDE90D12A847EDE7CC
:10E33000DDE90E23DDE90C01A847E7E7109BDDE9E5
:10E340000C010093DDE90E23A847DFE7119BDDE90F
:10E350000C010193109B0093DDE90E23A847D5E73C
:10E36000129BDDE90C010293119B0193109B00931A
:10E37000DDE90E23A847C9E7139BDDE90C010393F0
:10E38000129B0293119B0193109B0093DDE90E23D6
:10E39000A847BBE7149BDDE90C010493139B03938F
:10E3A000129B0293119B0193109B0093DDE90E23B6
:10E3B000A847ABE7159BDDE90C010593149B04937B
:10E3C000139B0393129B0293119B0193109B009349
:10E3D000DDE90E23A84799E7169BDDE90C010693BA
:10E3E000159B0593149B0493139B0393129B029319
:10E3F000119B0193109B0093DDE90E23A84785E74D
:10E40000179BDDE90C010793169B0693159B05935B
:10E41000149B0493139B0393129B0293119B0193F0
:10E42000109B0093DDE90E23A8476FE7189BDDE9F9
:10E430000C010893179B0793169B0693159B059356
:10E44000149B0493139B0393129B0293119B0193C0
:10E45000109B0093DDE90E23A84757E7199BDDE9E0
:10E460000C010993189B0893179B0793169B06931F
:10E47000159B0593149B0493139B0393129B029388
:10E48000119B0193109B0093DDE90E23A8473DE704
:10E490001A9BDDE90C010A93199B0993189B0893B9
:10E4A000179B0793169B0693159B0593149B049348
:10E4B000139B0393129B0293119B0193109B009358
:10E4C000DDE90E23A84721E7B8C40020BCC4002022
:10E4D0001B9BDDE90C010B931A9B0A93199B099373
:10E4E000189B0893179B0793169B0693159B059300
:10E4F000149B0493139B0393129B0293119B019310
:10E50000109B0093DDE90E23A847FFE670B5061DBA
:10E510000546304600F0B8FCA0F11403DBB2042B32
:10E5200016D8A0F11503DBB2032B2BD800EB40006B
:10E53000A0F13C04E4B2304600F0A6FC052823D14B
:10E54000033CE4B20A2C29D8154B1C5D204670BD53
:10E5500019281CD1304600F097FCA0F11403DBB25F
:10E56000042B08D8A0F11503DBB2032B0FD800EB66
:10E5700040043B3CDEE7012302206B71FFF73CFACD
:10E580000024D8E70124D6E701236B71DEE70123DD
:10E5900003206B71FFF730FA0024D7E70224D5E798
:10E5A00068E3051270B50D461646FFF73BFB0446BF
:10E5B00025B118B10561EE60204670BD0E20FFF751
:10E5C0001BFAF9E738B5044604300D4600F05CFC50
:10E5D0001F2804D00120FFF70FFA0123637128469A
:10E5E00004F114011022BDE838400BF041BC0000DA
:10E5F0002DE9F047054686B0061D304600F044FC84
:10E600000128044616D12846FFF780FF074630460A
:10E6100000F03AFC022803D02046FFF7EDF96C71B8
:10E620002846FFF7E5FF044620B14770204606B0B4
:10E63000BDE8F087012430466C7100F025FC0538F8
:10E640000B284DD801A353F820F000BFC5E60312F4
:10E65000FBE503127DE6031293E60312A9E603121B
:10E66000E1E60312E1E60312E1E60312D3E6031248
:10E67000E1E60312E1E60312B7E603122846FFF7CC
:10E68000B7FF00220146152006B0BDE8F047FFF7AE
:10E6900089BF2846FFF7ACFF04460020FFF715FBB3
:10E6A000224601460820EFE72846FFF7A1FF002297
:10E6B00001461620E8E72846FFF79AFF00220146A8
:10E6C0000F20E1E72846FFF793FF002201461920BB
:10E6D000DAE72846FFF78CFF002201461A20D3E72D
:10E6E00030466C7100F0D0FB0128074618D0A0F12D
:10E6F0001A03DBB2052B44D8A0F11B07042F33D833
:10E70000DFE807F02A2E363B0300012328466B7111
:10E7100001A9FFF757FF01A8FFF798FA04460CE09C
:10E72000284600F024F90446304600F0ADFB0228EC
:10E7300003D03846FFF760F96F71304600F0A4FB54
:10E740004FF001080746072F20D0092F33D0012FA3
:10E7500027D001236B7169E72869FFF7A8FADDE785
:10E760002869FFF7B2FAD9E7287CFFF792FAD5E7D4
:10E7700005F11400FFF7B7FAD0E70020FFF7D6FA4B
:10E78000CCE70120FFF738F90024D6E70022214624
:10E790001720FFF707FF0446304600F075FB0746D9
:10E7A000D1E7304600F070FB022808D100273A4636
:10E7B00021461220EDE7002221461820E9E76F717B
:10E7C000284600F0D4F8074638B1304600F05CFB2C
:10E7D000BA4603280CD085F80580304600F054FB7B
:10E7E0000228E4D00120FFF707F985F80580DEE76D
:10E7F000284600F0BCF88146CAF80C0018B905207C
:10E80000FFF7FAF8D146304600F03EFBCA46E0E793
:10E81000F8B50646FFF7ECFE0446371D384600F013
:10E8200033FB0528054608D0A0F10A03DBB2012B13
:10E8300003D9012373712046F8BD3046FFF7D8FE97
:10E84000024618B90520FFF7D7F8E7E70A2D214659
:10E8500006D00B2D04D00920FFF7A4FE0446DDE707
:10E860002846F9E7F8B50646FFF7D2FF0446371DFC
:10E87000384600F009FB0828054605D0062803D0D5
:10E88000012373712046F8BD3046FFF7C1FF0246F1
:10E8900018B90520FFF7B0F8EAE7062D214614BFA6
:10E8A00008200720FFF77EFE0446E1E7F8B506469C
:10E8B000FFF7D8FF0446371D384600F0E5FAA0F10F
:10E8C0001103DBB2012B054603D9012373712046E6
:10E8D000F8BD3046FFF7C6FF024618B90520FFF71E
:10E8E0008BF8E9E7122D214614BF10201120FFF705
:10E8F00059FE0446E0E770B50546FFF7D7FF04462A
:10E900002E1D304600F0C0FA0D2803D001236B7194
:10E91000204670BD2846FFF7C9FF024618B90520FA
:10E92000FFF76AF8EDE721460C20FFF73BFE0446AF
:10E93000E7E770B50546FFF7DEFF04462E1D3046BB
:10E9400000F0A2FA0F2803D001236B71204670BD9E
:10E950002846FFF7D0FF024618B90520FFF74CF80C
:10E96000EDE721460E20FFF71DFE0446E7E7F8B568
:10E970000546FFF7DEFF04462E1D304600F084FA00
:10E980000E2810D0012730466F7100F07DFA0C2858
:10E9900018D12846FFF7EBFF2146BDE8F8400246B4
:10E9A0001320FFF7FFBD2846FFF7C3FF024618B943
:10E9B0000520FFF721F8E0E721460D20FFF7F2FDE3
:10E9C0000446DAE76F712046F8BDF8B5071D044626
:10E9D000384600F059FA042810D001262046667106
:10E9E000FFF7C5FF0546384600F04EFA042803D06D
:10E9F0003046FFF701F866712846F8BD0025FBE7B1
:10EA00002DE9F04786B00646FFF780FD804601A954
:10EA10003046FFF7D7FD414601A800F01FF9002856
:10EA200002DA0420FEF7E8FF371D384600F02CFA22
:10EA30000428054600F0B2800C2866D0032840F078
:10EA4000AA80304601A9FFF7BDFD414601A800F0AC
:10EA500005F9002802DA0420FEF7CEFF384600F060
:10EA600013FA0C2805464ED13046FFF780FF0446C6
:10EA700060B101A8FFF7EAF8224601461320FFF72C
:10EA800091FD0446384600F0FFF90546A24628E00D
:10EA9000304601A9FFF796FD414601A800F0DEF8D7
:10EAA000002802DA0420FEF7A7FF384600F0ECF950
:10EAB0000C28054615D13046FFF759FF0546A0B191
:10EAC00001A8FFF7C3F82A4601461320B4B1FFF7A7
:10EAD00069FD8146CAF80C00384600F0D5F9CA46EF
:10EAE0000546032DD4D0042D04D00120FEF784FF69
:10EAF00001237371204606B0BDE8F087FFF752FD91
:10EB000004468146E8E70024C0E73046FFF72FFFC0
:10EB1000044660B101A8FFF799F822460146132088
:10EB2000FFF740FD0446384600F0AEF90546A24620
:10EB300029E0304601A9FFF745FD414601A800F054
:10EB40008DF8002802DA0420FEF756FF384600F060
:10EB50009BF90C28054616D13046FFF708FF0546FD
:10EB60000028C2D001A8FFF771F82A4601461320F9
:10EB700064B1FFF717FD8146CAF80C00384600F073
:10EB800083F9CA460546032DD3D0ACE7FFF70AFD4B
:10EB900004468146F2E70220FEF72EFF0024A9E793
:10EBA0002DE9F041064646F8041B0546304600F0C4
:10EBB0002DF9304600F068F94FF000080127A0F168
:10EBC0002003DBB2012B01D8BDE8F0811F28D5F866
:10EBD000983012D128466F715BB3FFF7F6FE0446FA
:10EBE000C8F80C0000B94446D5F89830002BEBD09B
:10EBF000304600F049F9A046E1E71438C0B20528D4
:10EC00006F71284609D813B1FFF7FAFEE7E7FFF75F
:10EC1000F7FE0446C5F89800E6E753B1FFF7D5FEC6
:10EC20000446C8F80C000028DED1304600F02CF96C
:10EC3000D9E7FFF7CAFEECE708B59C22002128F0CF
:10EC4000FFFE002008BD000008B5C02200210248D8
:10EC500028F0F6FE002008BDF4C300202DE9F8439B
:10EC6000164D074689464FF0FF344FF000082E46F8
:10EC70001022394628460BF0C1F8D8B16B7C1BB97D
:10EC8000B4F1FF3F08BF444608F10108B8F1080F8E
:10EC900005F11805ECD1631C09D0182303FB0463AC
:10ECA0001022394618460BF0E3F880F81190204600
:10ECB000BDE8F8834FF0FF34F9E700BFF4C300204C
:10ECC000F8B50A4E0746002534461022394630462C
:10ECD0000BF094F830B10135082D06F11806F4D187
:10ECE0000020F8BD182303FB0540FAE7F4C3002019
:10ECF00070B505460F4B1C680F4B1E68A6420ED818
:10ED00000E4B1C684CB128460CF0E6FA2946024628
:10ED100060680BF073F850B90434204670BD294682
:10ED200020680CF027F90028F7D01034E6E72468B3
:10ED3000E8E700BF0CC2002008C20020F0C300209A
:10ED400070B5094B094A0A4C0A4D0B4E1A602560F2
:10ED500023685A1B7F2A00D970BD5A1C22601B7879
:10ED600056F823309847F3E7BCC4002040C5002084
:10ED7000B8C40020C0C40020A4E2051270B5054646
:10ED80000F4B1C680F4B1E68A6420ED80E4B1C681A
:10ED90004CB128460CF0A0FA2946024660680BF0F8
:10EDA0002DF850B90434204670BD294620680CF077
:10EDB000E1F80028F7D00C34E6E72468E8E700BF64
:10EDC00014C2002010C20020B4C4002070B5037823
:10EDD000044673B9D0F89060456830460CF07CFA70
:10EDE000854202D0735D0A2B05D1012323700023D5
:10EDF0006360002070BD6B1C6360705DFAE7037890
:10EE00001BB943680BB1013B4360704738B50446FA
:10EE10000D469422002128F013FEC4F8905038BD0E
:10EE200038B504460D46FFF7D1FF2378024643B9B3
:10EE30002B70A0F13003DBB2092B0DD82046FFF771
:10EE4000DEFF4FF0FF3038BD237893B905F8012B72
:10EE50002046FFF7BBFF024622F02003413BDBB216
:10EE6000192BF1D9A2F13003DBB2092BECD95F2ABF
:10EE7000EAD000226368227013B900202A70E2E70A
:10EE8000013B6360F9E700002DE9F0414378044657
:10EE9000A0B0C3B99C4D2046FFF798FF0938C0B217
:10EEA000172803D825FA00F0C307F4D404F110069C
:10EEB00020463146FFF7A3FFFFF7B2FF257845B1A3
:10EEC0002123237201E000234370207A20B0BDE8A3
:10EED000F081237C83B18D4F314657F8350007EB25
:10EEE000C5080CF047F810B998F80430E9E7013587
:10EEF000082DF1D11F23E4E72046FFF767FF3E28E6
:10EF000025D8212829D9A0F122031C2B00F27381D6
:10EF1000DFE813F0CC00710171016A002F0072006C
:10EF200027002900310033002B003F0071014B0006
:10EF30007101710171017101710171017101710141
:10EF40007101710171012D005500700061007C2874
:10EF500048D07E284AD05E284AD00B20FEF74CFDD0
:10EF600037E00123ADE70223ABE70323A9E704233E
:10EF7000A7E70D23A5E70523A3E72046FFF726FF14
:10EF80002B2801D107239CE72046FFF738FF0623F3
:10EF900097E72046FFF71AFF2D2801D1092390E7B4
:10EFA0002046FFF72CFF08238BE72046FFF70EFFD4
:10EFB0002F2885D02046FFF722FF0A2381E720462D
:10EFC000FFF704FF3C2801D111237AE72046FFF721
:10EFD00016FF202375E72046FFF7F8FE3E28F5D1FF
:10EFE00012236EE70E236CE70B236AE7102368E712
:10EFF0000F2366E70C2364E72046FFF7E7FE5C2853
:10F0000005462AD12046FFF7E1FE7628054607D8B7
:10F010006D2807D85C2820D0622843D027281CD030
:10F020006E4631E0A0F16E03082BF9D801A252F828
:10F0300023F000BF59F0031221F0031221F0031254
:10F0400021F003127BF0031221F00312A9F0031246
:10F0500021F0031277F003120A252046FFF7B6FECF
:10F06000272805D02046FFF7CAFE0920FEF7C4FC7A
:10F070001A23257325E70B25EFE70D25EDE7FFF7AD
:10F08000A5FE054606F8010B303DEDB2092D2046E0
:10F09000F5D9FFF7B4FE00233046337009F02CFD9C
:10F0A000C5B2DAE70825D8E70925D6E7374620466E
:10F0B000FFF78CFE2578034625B10A20FEF79CFC5D
:10F0C0001D23FEE65C2840F092802046FFF77EFE7E
:10F0D000782856D860281BD8222800F08480582829
:10F0E00060D0A0F13003072B4FF0000549D8A0F104
:10F0F0003003072B66D800EBC500A0F13005204691
:10F10000FFF764FEF3E700BF1100800074E305120F
:10F11000A0F16103172BE4D801A252F823F000BF3D
:10F12000A1F1031295F10312E3F00312E3F00312CD
:10F13000E3F003129DF10312E3F00312E3F0031274
:10F14000E3F00312E3F00312E3F00312E3F003121F
:10F15000E3F0031281F10312E3F00312E3F0031270
:10F16000E3F0031299F10312E3F00312EBF103123F
:10F17000E3F0031291F10312E3F00312A5F103127D
:10F180000A25EBB207F8013BBB1B7F2B8FDD97E70E
:10F190000B25F6E70825F4E70D25F2E70C25F0E747
:10F1A0000725EEE72046FFF711FE0025A0F130030A
:10F1B000DAB2092A0AD940F02002D2B2A2F16101E2
:10F1C000052909D92046FFF71AFEDAE72D01204666
:10F1D0001D44FFF7FBFDE9E740284FEA051588BF0E
:10F1E000A2F15703F3E70546CBE70925C9E7222833
:10F1F000C8D13D7064E73038C0B209283FF6ADAEE3
:10F200002046FFF7FCFDFFF7E1FD3028054640F002
:10F210008F802046FFF7DAFD00F0DF03582B05460C
:10F2200030D12046FFF7D2FD6E460546A5F13003EA
:10F23000DBB2092B1FD945F02003DBB2613B192B50
:10F2400019D900233370102668460CF045F8082EB3
:10F250004CD0102E0CBF0427012700266A463146E9
:10F26000884245DC1B2305F0DF054C2DE660237248
:10F2700061D11C2325E606F8015B2046FFF7A6FDB9
:10F280000546D3E7422B14D12046FFF79FFD6E467B
:10F290000546A5F13003DBB2012B03D900233370FF
:10F2A0000226D1E706F8015B2046FFF78FFD0546F1
:10F2B000EFE7A0F13003DBB2072B15D92046FFF7AB
:10F2C0009EFD0023E3601B23FBE506F8015B20465F
:10F2D000FFF77CFD0546A5F13003DBB2072BF4D91F
:10F2E000002333700826AFE76E46F4E70327B4E740
:10F2F00012F8013BA3F1610CBCF1050F04D8573B98
:10F30000BE401E430131ABE7A3F1410CBCF1050F38
:10F3100094BF373B303BF3E7204607FB0636FFF749
:10F3200055FD0546A5F13003DAB2092AF4D999E76B
:10F3300000260A27F6E72046FFF761FDC5E500BF76
:10F3400083070FD1642290FBF2F302FB13035BB936
:10F350004FF4C87390FBF3F203FB1200B0FA80F095
:10F36000400970470020704701207047F8B5334AC4
:10F370000D460446D0E90001002315F04DFB104670
:10F3800019463C22002315F047FB00232A603C224B
:10F3900015F042FBC5E901200023D4E90001274A0A
:10F3A00015F03AFB044604300E464FF007024FF0CA
:10F3B000000341F1000115F02FFB40F2B271AA6188
:10F3C0000846FFF7BDFF00F26D13DA179C4276EB9B
:10F3D000020705DBE31A66EB02061C460131EFE784
:10F3E0000123A1F26C716961EC61EB6060B13B2CAF
:10F3F00076F1000308DBA4F13B03334308BF02208E
:10F40000013CE86066F100060B2300210C4F37F940
:10F410001320D017944276EB000006DB2B61EB68DB
:10F42000284623449B1AEB60F8BD013B61F10001C3
:10F4300053EA0102EBD10022F0E700BF8051010046
:10F44000C2E3051270B50C46064670B10A48F7F7DC
:10F45000F5FB054620B98B2208490948F9F754F80D
:10F46000324616212846F7F75BFD1CB1054B03CB4E
:10F4700020606160002070BD0A610512B4E30512CE
:10F48000CC5E051264C6002030B50446002085B06D
:10F490000D4602A9CDE90200FFF7D4FF3C23029AF2
:10F4A00068465A43D4E900319B1841EBE272294681
:10F4B000CDE90032FFF75AFF05B030BD0149FFF733
:10F4C000E3BF00BF40C6002008B5F8F731FF10B118
:10F4D000022100F00DF8044809F0D4FC034809F0BB
:10F4E000D1FC002008BD00BF908505129A85051249
:10F4F00070B588B003460C4668461F211A4A0AF0C8
:10F500009BF90023022C8DF81F301BD01749184B94
:10F51000012C08BF194668460AF088F8154E0546C2
:10F52000C0B10023022219460AF0B4F8306808B1CD
:10F5300009F0E6FD022C104B356005D15D60C3E992
:10F54000025507E00D49E6E700225A60002CF6D18B
:10F55000C3E90244306818B109F09EFE08B070BDDE
:10F560004FF0FF30FAE700BFAE850512AB850512FC
:10F57000A88505126CC60020B0930020A585051251
:10F58000034B186808B109F087BE4FF0FF30704791
:10F590006CC60020F8F7ECBA0846FBF795BE862348
:10F5A00003604FF0FF307047022983BF862303605A
:10F5B0004FF0FF3001207047084611461A46FBF70E
:10F5C000D8BE084611461A46FBF74CBE08461146FF
:10F5D0001A46FBF794BE084611461A46FBF7ACBE26
:10F5E00010B504460846F9F7A7F808B90C232360BC
:10F5F00010BD10B5044608461146F9F775FA08B96A
:10F600000C23236010BD10B5044608461146F9F7D7
:10F610008FF908B90C23236010BD0846F9F796B995
:10F6200008B5F9F7D9FD60B1F9F7D6FD04460246F1
:10F6300008210448F8F7A0FE2046F9F747FEF9F73D
:10F6400087FCFEE7B685051237B5002300220F4D73
:10F6500004462868CDE9002320B90D48F7F7EEFAF3
:10F66000286058B10021F7F75DFB38B96A461021D0
:10F670002868F7F755FC2868F7F7B0FBDDE90001CB
:10F680000CB1C4E9000103B030BD00BF70C600205A
:10F690000A61051210B5044608B3006807F08CFA39
:10F6A00038B9237F2BB901236068237707F084FAE8
:10F6B0006077206807F080FA012810D1237F012BA2
:10F6C0000DD100236068237707F076FA637FC0B21C
:10F6D000012B0AD118B9237B83B1012B00D010BDB7
:10F6E0002369013B236103230CE0002BF7D10128A0
:10F6F000F5D1237B002BF3D0012BF0D1236901330B
:10F70000236102236375EAE72DE9F0410D461746B0
:10F710001E46044698B3DFF8708098F80030042B3A
:10F720002DD8132200210D3028F08AF99DF81830C9
:10F730000221237340F20943A38208232846A375BC
:10F74000C4E90057A66007F00DFB0221384607F018
:10F7500009FB0221304607F005FB23460221094A36
:10F76000284607F07BFB0121284607F09FFB01207C
:10F7700098F80030013388F80030BDE8F0810020AF
:10F78000FBE700BF95F6031274C60020034600B3E2
:10F790000422407D5A759A7D052A09D0072A0ED188
:10F7A000022812D003280CBF0B20072018757047C1
:10F7B00002280CD003280CBF0D200520F6E70228F4
:10F7C000F4D0032818BF0920F0E70A20EEE70C2048
:10F7D000ECE7704738B50446B0B1F7F77BF905465A
:10F7E000A06807F0E9F9A37D78B9062B05D0082BAE
:10F7F0000AD10623A375A56106E0A369ED1AB5F544
:10F80000167F01D30523A37538BD062B09D1A36943
:10F81000ED1A40F24D23A5F10A029A42EFD80723D0
:10F82000F1E70823E6E730B500F5E875D0F8D041F8
:10F8300000F5EA73D3E8AF3FE31A1F2B0CD80C2274
:10F8400004F01F0302FB030000F15003013407C959
:10F8500083E80700C5E8AF4F30BD37B50B780446E5
:10F86000012B0D4625D14B681BB390F82C3003B308
:10F8700000EB8303986860B1036853B1DB6943B15F
:10F8800002238DF800300023019303686946DB6989
:10F89000984794F8483043F0010384F848306B6887
:10F8A000E36494F8403043F0040384F8403003B03C
:10F8B00030BD294604F10C0003B0BDE8304000F033
:10F8C0000FBFF8B50D4617461E460446B8B1B1B194
:10F8D00000214FF4007228F0B3F894F84030C4E9E6
:10F8E000017643F0040384F840300C34204600F0E5
:10F8F0006DFE29462046BDE8F84000F078BEF8BD10
:10F900001FB540B10023ADF8081001A98DF80430EF
:10F910000392FFF788FF05B05DF804FB1FB538B10F
:10F9200031B10323029101A98DF80430FFF77BFF69
:10F9300005B05DF804FB30B520B321B30B6813B3F9
:10F94000002290F8FC3100F5F474D5B2AB4213D824
:10F95000042B18D05A1C00EB830380F8FC21C3F859
:10F96000EC110B7B43F001030B7390F8403043F034
:10F97000040380F8403004E054F8045F0132A942E7
:10F98000E3D1012030BD0020FCE7024670B540B154
:10F9900061B390F8FC3100F5F4740020C5B2AB42BD
:10F9A00001D800201AE054F8046F451CB1421BD165
:10F9B00000F17B0102EB8101013B83420FDC00215E
:10F9C0000120DBB282F8FC317A3302EB8303596009
:10F9D00092F8403043F0040382F8403070BD4C6828
:10F9E000013041F8044BE8E72846D7E70846F5E739
:10F9F00050B149B10B7B62F300030B7390F84030B8
:10FA000043F0040380F84030704730B50B7804466B
:10FA100085B0062B38D8DFE803F004444A50565D21
:10FA20006300002830D090F84830D8072CD494F8E0
:10FA30004000C20628D48A888D68A18EE36B91426B
:10FA400003D1A16B691A99421ED3322B84BF283B84
:10FA5000E36300238DF8083003938307A286A56330
:10FA600014D5216B91B10B685B69B3B168469847B7
:10FA7000DDE9000104AB03E903009DF8083063B140
:10FA8000204602A9FFF7E9FE05B030BD94F82C30FE
:10FA90001BB104EB83039968E5E74FF49673E363C6
:10FAA000F2E7043105B0BDE83040FFF7D6BE496843
:10FAB00005B0BDE83040FFF73EBF496805B0BDE87E
:10FAC0003040FFF762BF0A7A496805B0BDE83040B0
:10FAD000FFF78EBF486805B0BDE8304000F002BCBB
:10FAE000486805B0BDE8304000F044BC2DE9F04F57
:10FAF0000F46044687B0002800F09A804FF00C08AB
:10FB000000F5EA7600F5E8793568D9E8AF3F9D421F
:10FB100000F0918005F01F0308FB03430DF10C0C6E
:10FB2000503393E8070001358CE80700C6E8AF5F63
:10FB300061462046FFF769FFE6E7763354F8236015
:10FB4000C6B106F1640906F1600BD9F80030DBE8B4
:10FB5000AF2F93420ED003F007020AFB026201337B
:10FB600007CA85E80700C9E8AF3F29462046FFF7E6
:10FB70004CFFEAE708F1010894F8E8215FFA88F3FE
:10FB80009A42DAD894F82C3023B1A36813B13946DD
:10FB90002046984794F8482094F84030D10751D532
:10FBA0009A0617D501238DF80430E36C01A904F1FE
:10FBB0000C00029300F094FD002294F84830E264B7
:10FBC00023F0010384F8483094F8403062F3451381
:10FBD00084F8403094F8402094F82C30C2F380012F
:10FBE00013B1C2F3C003194394F8483094F8FC51A0
:10FBF00013F0010304BFC2F3001242EA0103002222
:10FC000004F5F470D1B2A9420BD250F8041F0132AE
:10FC10000029F7D022684A600A7B02F00302032A17
:10FC200019D0C3B994F8402063F3820284F84020CD
:10FC300007B0BDE8F08F4FF00C0A4FF000080DEB55
:10FC40000A0599E703F03003302BC3D104F10C000F
:10FC500000F091FDBEE794F82C3043B3626832B3F4
:10FC600004EB83039D6800238DF80430029394F81D
:10FC7000403022689B0723D5236B0BB31969E9B980
:10FC800019680968D1B11A61206B03681B6898472D
:10FC90000323206B8DF8043002900368DB690BB1FD
:10FCA00001A998476368226B29462046984794F833
:10FCB000403023F0040384F84030B9E71A61F1E7DB
:10FCC0002B699BB92B68196881B12A611B6828468A
:10FCD0009847012302958DF804302B68DB6913B136
:10FCE000284601A9984700226368DDE72A61FAE700
:10FCF0004FF4B47390FBF3F202FB13000028B8BF7B
:10FD0000C0185A28094B02DC33F910007047B42898
:10FD100002DCC0F1B400F7E7B0F5877FD4BFB43898
:10FD2000C0F5B47033F9100040427047DCE30512AF
:10FD30004FF4B47390FBF3F202FB13000028B8BF3A
:10FD4000C01870472DE9F04F0D464FF0000A8DB0F6
:10FD50000492BDF85820069007929DF868209C1CDC
:10FD60000892BDF860204FEA520BBDF8642052089B
:10FD70000392079B534502DC0DB0BDE8F08F34F8C9
:10FD8000026C049B9E4261D22388049A93425DD206
:10FD90000C22564305EB0609D9F80480B8F1000F90
:10FDA00054DD5343EA1857680592002F4EDDE95899
:10FDB000179B4FEAE87281FB03C109920904FA1705
:10FDC0000A92FB173A464FEA0C4041EA1C4114F0F4
:10FDD00023FE0BEB2043D9F808100B93179B4246E8
:10FDE00081FB03C109044FEA0C4041EA1C414FEA80
:10FDF000E87314F011FE039BAE59A3EB2049179B47
:10FE0000424686FB03610904099B300441EA16411E
:10FE100014F002FE089B3A460193059B0BEB20462B
:10FE20009968179B81FB03C109040A9B4FEA0C40A8
:10FE300041EA1C4114F0F0FD039B4A46A3EB20402D
:10FE4000009031460B9B069805F05FF80AF1010A15
:10FE500004348EE748B10023C0E90033C0E902331F
:10FE6000C0E904334FF480738361704710B50446D2
:10FE700010463CB1FFF75CFF012904D0022904D0F1
:10FE800001B9E06010BD2061FCE76061FAE710B5E0
:10FE9000044610465CB1FFF74BFF012908D0022948
:10FEA0000CD021B9E3681844FFF742FFE06010BDB1
:10FEB00023691844FFF73CFF2061F8E763691844A1
:10FEC000FFF736FF6061F2E72DE9F04F90461C46E0
:10FED00007468FB000283FD0002A3DD0002B3BD0F2
:10FEE000D5682846FFF704FF019005F15A00FFF797
:10FEF000FFFED8F8105081462846FFF7F9FE039020
:10FF000005F15A00FFF7F4FED8F814500690284681
:10FF1000FFF7EEFE049005F15A00FFF7E9FE0C230F
:10FF200003FB01730D934FEAE9730793019B05905F
:10FF3000DB170893069B0294DB170993039BDB17DF
:10FF40000A93C3170B93049BDB170C93029B0C3390
:10FF500002930D9B9F4202D10FB0BDE8F08FD8F8FD
:10FF600018303C687968BA6883FB044083FB011E43
:10FF700083FB02321B0A43EA02631512090A079A3D
:10FF800041EA0E6101FB02FC4FEA2E2EA1FB09A201
:10FF900009FB0ECC9444089A019E5A4306FB0522A5
:10FFA000A3FB066BBAEB06065A446CEB020CF20B91
:10FFB00042EA4C420092089A019E4A4306FB0E2EEA
:10FFC000A1FB0621079E714403FB06FE09FB05E524
:10FFD000A3FB093E240AD318099A44EA006404FBEF
:10FFE00002F2754441EB0501069D001205FB00225B
:10FFF000A4FB05A5DB0B2A440A9D43EA414303FB0E
:020000041204E4
:1000000005FE039DC91305FB01EEA3FB055B1AEB7F
:100010000505DE4442EB0E02644260EB400E0A9896
:10002000039E604306FB0E00A4FB06E42044099CEB
:10003000069E5C4306FB0141A3FB06430B441EEBFB
:10004000040140EB0300ED0B0B9B45EA424505FB29
:1000500003FE059BD21303FB02EEA5FB03A3009C4A
:100060009E440C9B009E5C43049B4FEAEC3C03FBCC
:100070000C44A6FB033B0C9EBAEB030A5C446EEBFC
:10008000040405FB06FE049E009B06FB02EEA5FB96
:1000900006250B9E754403FB06FE059EC90B06FB59
:1000A0000CECA3FB066E4FEADA3343EA4443D8F87C
:1000B000004092191C44029BE64443F80C4C45EB6B
:1000C0000E0ED8F80430D20B42EA4E421344029A84
:1000D00041EA404142F8083CD8F808300C370B445C
:1000E00042F8043C32E72DE9F04FADF5477D0C4670
:1000F0001E460546BDF84083BDF844939DF848A3CD
:1001000000283FD000293DD0086800283AD08F68E9
:10011000002F37D0002B35DDB8F1000F32D0B9F108
:10012000000F2FD0B1F804B002B313686BB9536855
:100130005BB993684BB9D3683BB913692BB9536961
:100140001BB99369B3F5807F10D0BBF1400F19D86C
:10015000594606ABFFF7B8FECDE9039ACDE9016831
:10016000A3895A46009306A93B4608E0CDE9039AC5
:10017000CDE90168A3895A46009301463B462846CB
:10018000FFF7E0FD0DF5477DBDE8F08F0A4A1368E3
:1001900083B178B1834209D15968116000225A6055
:1001A0007047834202D159685160F7E71A465B688D
:1001B000002BF6D1704700BF80C60020B1F5FA7F52
:1001C00008B507DA4FF4FA72002381FB010114F03D
:1001D00023FC08BDC1F57A714FF4FA72002381FB4C
:1001E000010114F019FCC0F57A70F2E7B1F52F7F28
:1001F00007DA40F24C4359434FF42F7391FBF3F06D
:1002000070476FF06303A1F52F7058434FF4967356
:1002100090FBF3F000F24C407047B1F5167F07DA1F
:100220004FF47A7359434FF4167391FBF3F0704710
:10023000B1F5487F06DA4FF6FE72A1F516714FF45C
:100240007A7307E0B1F5617F07DA04224FF4167381
:10025000A1F5487111FB0230704740F2B533994265
:1002600004DC4FF6FD72A1F56171E8E701EB410195
:10027000A1F5FA60704700004FF47072002108B5D4
:10028000094827F0DDFB00230F21084A1360084AC4
:10029000184601395060481C1346A2F13C02F7D1C0
:1002A000044B014A1A6008BD88C6002080C60020A1
:1002B0000CCA002084C6002090B103787BB1816114
:1002C000C169416102B14262022B4FF0000208BFD6
:1002D00001230262826208BF037001207047184642
:1002E000704700002DE9F041044600283BD0C56866
:1002F000002D35D0DFF878808368D8F800501DBB1A
:100300001A4B1D68002D2BD000272E466A686F609F
:100310001A600FCC0FC60FCC0FC60FCC0FC601232F
:1003200094E8070086E807002B70EB682F626F6087
:1003300013B16969A86898476B69EB61D8F8003018
:10034000C8F800506B600BE0AA68934201D12A788C
:100350000AB96D68D3E72846626AA169FFF7ACFF66
:100360002846BDE8F0810546FAE700BF84C60020B4
:1003700080C60020F8B50026124B0446124D1868BE
:1003800000B9F8BDD0E90173A34218D190F8383014
:100390007BB190F839201F2A0BD801230B499340D9
:1003A0000A6822EA03020A6009490A6822EA03028B
:1003B0000A60FFF7EBFE2B68067043602860384642
:1003C000DEE700BF80C6002084C600207CC6002077
:1003D00078C600202DE9F04105464FF47A764F4B60
:1003E0001C680CB9BDE8F0812378D4F80480002B98
:1003F0005FD0206A08B928462562A36A1844A8423B
:1004000057D8626A281A824211D90023A0FB06013C
:1004100014F002FB0027014694F83130013B062B13
:1004200019D8DFE803F00811484C50545600012752
:100430004FF47A71F0E74FF47A72002381FB0101E7
:1004400014F0EAFA014606E0C1F5FA634B434FF4B3
:100450007A7193FBF1F1D4E90523207802283ED18B
:1004600094F8300000283AD0D21A4A434FF47A71F7
:1004700092FBF1F29918E368E1610BB1A06898472B
:10048000BFB194F838304BB194F839101F2905D812
:100490000123234A8B4011680B43136094F83030DA
:1004A00013B32378022B1FD002232370002325626D
:1004B000A362444695E72046FFF780FEC2E7204648
:1004C000FFF794FEBEE72046FFF7A7FEBAE7A16953
:1004D000C1E7636B002BBED020469847B2E79B1A5A
:1004E0004B4393FBF6F3C5E7A38D43B14FF6FF7281
:1004F00093421CBF03F1FF33A3850123D5E7236992
:100500000BB1204698472046FFF740FE002323709A
:10051000044B1A681C606260CBE700BF80C60020F5
:1005200078C6002084C600200023024A1360024AD5
:10053000136070477CC6002078C60020024B186804
:10054000003818BF0120704780C6002050B1064B0C
:100550001B680BB9184670479A68824201D05B68E5
:10056000F7E70120704700BF80C60020044B054A12
:100570001B68126893430CBF01200020704700BF26
:100580007CC6002078C6002018B1C185818580F81E
:100590003020704730B570B180F8381059B1002361
:1005A0000125094C216805FA03F20A4204D10A43E5
:1005B000226080F8393030BD0133202BF3D14FF465
:1005C0007F430387F7E700BF7CC6002010B50446D1
:1005D00060B14422002127F033FA4FF4967323636D
:1005E00094F8343043F0010384F8343010BD98B1EE
:1005F00091B190F82030072B0ED890F83420D20714
:100600000AD540F82310013380F8203090F83430B8
:1006100043F0040380F83430704710B50446C8B185
:1006200090F83430DB0715D590F82030012B11D924
:10063000013B50F8230003685B6803B1984794F8C6
:100640002030013B84F8203094F8343043F0040328
:1006500084F8343010BD58B151B190F83430DA0715
:1006600041BF23F0060343F00603416280F83430B3
:10067000704710B5044698B190F83430DB070FD5B9
:10068000406A18B103685B6803B19847002363624E
:1006900094F8343023F0060343F0040384F8343034
:1006A00010BD0246D0B190F8343013F0010016D0DE
:1006B00092F8200098B1D90610D423F0140343F027
:1006C000140382F834309B0704D5536A13B1012018
:1006D00093637047431E52F82330F8E700207047B9
:1006E00010B50446002840D000293ED090F83430A0
:1006F000DB073AD50B78013B052B36D8DFE803F052
:1007000003091E242F36496879B3BDE81040FFF76E
:100710006EBF90F82030012B27D9013B50F8230001
:100720000368DB692BB198472046BDE81040FFF70E
:10073000B8BF2046BDE81040FFF76FBF4968A1B1C0
:10074000BDE81040FFF787BF406A70B10368DB69FE
:10075000002BE8D12046BDE81040FFF78ABF90F893
:10076000343043F0040384F8343010BD90F8343052
:1007700023F00103F7E738B5044678B390F8343036
:10078000D9062BD59A07806B03D5636A0BB18342D8
:1007900025D030B30025036813B15B6803B19847D7
:1007A00094F8343020469B071DD5636ADBB1FFF710
:1007B00060FF6DB994F8203053B1013B54F8230029
:1007C00030B1036823B19B6913B1C28911469847C0
:1007D00094F8343023F0300384F8343038BD0125E8
:1007E000D9E70546DCE7FFF718FFE2E700B1018033
:1007F000704700B10180704700B10160704718B1C7
:1008000083680BB100229A70704721B118225143BE
:100810008368585E70470846704718B183680BB10B
:1008200000229A70704718B183680BB100229A7049
:100830007047000038B143691BB10023024A43618D
:10084000137000230361704748CA002029B1083A99
:10085000022A8CBF00220122910000230170436014
:1008600070474B6933B11A6822B1CB89B3FA83F36D
:100870005B091370002303704360704737B504466B
:10088000084631B90023204623700023636003B07B
:1008900030BD043AC989062AF4D8DFE802F004160C
:1008A00016041A241A008289013A914209DB92B295
:1008B0009142C281E6D003689B6903B19847052342
:1008C000E1E74A1C92B2C281F5E70029DAD04A1E5C
:1008D000F8E71822836802FB01331D691DB1014648
:1008E0005A696846A8470423CDE738B505460C4643
:1008F00051B1043A4B69062A24D8DFE802F00A1AFB
:100900001A0A04040400042400232C706B60284697
:1009100038BD1B6823B1DA6812B10121186890470D
:1009200023689B691BB10022204611469847052485
:10093000EAE71B68002BF3D0DA68002AF0D04FF00A
:10094000FF31EBE70024DFE738B50446084619B964
:1009500000232370636029E0043AC989062AF7D886
:10096000DFE802F0041616041A2A1A008289013AF6
:10097000914209DB92B29142C281E9D003689B693E
:1009800003B19847052318E04A1C92B2C281F5E7EB
:100990000029DDD04A1EF8E71822836802FB0133E4
:1009A0001D692DB101465A692046A847204638BD29
:1009B000042365602370F9E7042323700023C9E74B
:1009C00010B50446FFF7C0FF204610BD07B518B9A3
:1009D000002003B05DF804FB18238068002203FBAD
:1009E0000100032180680DF1070303F008FD0028D2
:1009F000EED09DF80730322BEAD11420E9E7000051
:100A00002DE9F843044600284FD04569002D4CD00D
:100A100006694349434804F0C6FE0523C0B2288056
:100A20002B81616811B1097801B1011D00234FF0DC
:100A3000180E1A46B4F80CC09FB2BC4537D8E38BE9
:100A40000531053B1B1A9BB26B80AB80E38B0830F2
:100A50000F18BB4236DD1B1A5B1A9BB29A4231D289
:100A60009B1A03EBD373C3F34F030B4400214FF0E6
:100A7000180C0846EB80A3681960A3891FFA81F857
:100A8000434521D800236B826B81AB81A368DB686F
:100A9000002B3ED1EB812B823368A28BB3F904305B
:100AA0009B1A03EBD3735B102362BDE8F883A7683E
:100AB0000EFB0377FF681FB17F689742C8BFBAB2C9
:100AC0000133B9E70023D0E78FB20CFB07F7A36827
:100AD000B5F806E003EB0709D9F80C302BB15B68D9
:100AE000D31A03EBD3730EEB630EC9F804E0B8F12D
:100AF000000F0CD0D4F808E00EEB070353F80C3CC1
:100B00001BB11B680F30034418B24EF807000131C7
:100B1000B3E71A680432EA815B6804339BB2BAE730
:100B2000636C051234E6051208B5064B197839B91D
:100B3000012205481A70242226F082FF024808BDCF
:100B40000020FCE748CA00204CCA002030B593B012
:100B500003210DF105030DF10602054603F04FFCDC
:100B6000C8B1BDF80600A0B13F2828BF3F20044609
:100B70000246294602A80AF039FB04F148030DEBAE
:100B80000300002302A900F8403C044804F0DEFC06
:100B900080B213B030BD2946F7E700BF34E6051236
:100BA00070B50446A8B145699DB1066909490A486E
:100BB00004F0F9FD68803368A28BB3F9043007496B
:100BC0009B1A03EBD3735B100348236204F0BEFC53
:100BD000288070BD636C051234E60512725D051243
:100BE00070B5044600282ED04569002D2BD006692B
:100BF0001549164804F0D7FD2881A3681348996861
:100C000004F0A4FCA880A3681048196A04F09EFCB4
:100C1000E8803368A28BB3F90430A1689B1A03EB18
:100C2000D3735B102362A888121AE888121A143A48
:100C300002EBD27203EB62030B60A268AB8811680F
:100C40000B441433936170BD636C051234E60512D6
:100C5000F8B50546002830D04469002C2DD006692F
:100C60001649174804F09FFD20813368AA8BB3F919
:100C700004309B1A03EBD3735B102B6223689BB188
:100C80005A688AB19F687FB104F10E060F22186876
:100C90003146B84731460A4804F058FC2368608161
:100CA000D3E900029047A081AB8B62899B1A2A6A24
:100CB00003EBD37302EB63036360F8BD636C05124F
:100CC00034E6051270B50446002841D04569002D70
:100CD0003ED00022836806695A6083681D4899687F
:100CE00004F061FDC0B2A8730330A881E38B984281
:100CF00094BFB3FBF0F301232B810133C3F34E0305
:100D00006B813368A28BB3F9043012489B1A03EB52
:100D1000D3735B102362A368996804F017FC83B255
:100D2000EB80A28B063A92B29A4203F104031BB203
:100D300012B22CBF002101219342A8BF134623EA1F
:100D4000E3732B8000236B8003234900E973AB809E
:100D500070BD00BF34E6051238B5044630B34569AE
:100D600015B305F10800FFF705FBA81CFFF702FB10
:100D7000281DFFF7FFFAA81DFFF7FCFAA068043052
:100D8000FFF7F8FA05F11800FFF7F4FA63694BB1C1
:100D9000074A9B1AC42B05D80021064A9B105343CF
:100DA000054AD154002363610023236138BD00BF8D
:100DB00008CF0020B76DDBB600CF002038B5054660
:100DC00028B344690CB38068FFF7D4FA04F10A0031
:100DD000FFF7D0FA04F10C00FFF7CCFA201DFFF763
:100DE000C9FA04F11600FFF7C5FA04F11800FFF77D
:100DF000C1FA074BE41AC42C05D80022054BA410F5
:100E00005C43054B1A5500236B6100232B6138BDF1
:100E100020CE0020B76DDBB618CE002038B50546D1
:100E200050B3446934B38068FFF7A4FA04F10C00AE
:100E3000FFF7A0FA04F10E00FFF79CFA201DFFF760
:100E400099FA04F11800FFF795FA04F11A00FFF778
:100E500091FA04F17000FFF78DFA084BE41AB4F52B
:100E60004B7F05D80022064BA4105C43054B1A5556
:100E700000236B6100232B6138BD00BF78CA0020BE
:100E800035C2724F70CA002010B5044650B1406997
:100E900030B10830FFF76EFA0023034A6361137024
:100EA0000023236110BD00BF48CA002038B50446A6
:100EB00078B145695DB105F10C00FFF75BFA05F10A
:100EC0000A00FFF757FA0023024A636113700023F8
:100ED000236138BD48CA002038B5044698B1456939
:100EE0007DB105F11000FFF745FA05F10C00FFF7A1
:100EF00041FA05F10A00FFF73DFA0023024A636157
:100F000013700023236138BD48CA002010B5044681
:100F100050B1406930B10C30FFF72CFA0023034A7E
:100F2000636113700023236110BD00BF48CA002015
:100F300038B5044678B145695DB105F12000FFF789
:100F400019FA05F10C00FFF715FA0023024A636154
:100F500013700023236138BD48CA002038B5044609
:100F600080B1456965B1281DFFF704FA2846FFF7EF
:100F700001FAA81CFFF7FEF90023034A636113700E
:100F80000023236138BD00BF48CA002038B504469D
:100F9000A0B1456985B105F11200FFF7EBF9281DF5
:100FA000FFF7E8F92846FFF7E5F9A81CFFF7E2F993
:100FB0000023034A636113700023236138BD00BF1F
:100FC00048CA002038B5044688B145696DB18068CB
:100FD000FFF7D0F905F11200FFF7CCF9281DFFF754
:100FE000C9F90023024A636113700023236138BDED
:100FF00048CA002038B50446A8B145698DB105F14D
:101000001600FFF7B7F9A068FFF7B4F905F1120071
:10101000FFF7B0F9281DFFF7ADF90023024A63611D
:1010200013700023236138BD48CA0020F0B50F4675
:1010300016461D469FB040B3446934B33C2200219C
:10104000684626F0FDFC3C2200210DEB020026F054
:10105000F7FCA31C0293B4F902300D4ACDE9053721
:101060000223211D039209958DF831301191B4F9B5
:1010700004106846CDE91416129218958DF86D305B
:10108000FFF730F90FA8FFF72DF91FB0F0BD00BF33
:10109000F307041270B50D46144690B098B1466936
:1010A0008EB13C22002101A826F0CAFC03963388A9
:1010B00001A8CDE90635054B0A94049302238DF867
:1010C0003530FFF70FF910B070BD00BFED07041207
:1010D00010B590B0B8B14469ACB1A17E99B93C22C9
:1010E00001A826F0ADFC04F118030393082306932E
:1010F000064B01A80493FA230A93054B0593FFF7C7
:10110000F1F80123A37610B010BD00BFED07041263
:10111000FF07041210B590B0B8B14469ACB1A17E1C
:1011200099B93C2201A826F08BFC04F11803039323
:1011300008230693064B01A80493FA230A93054B50
:101140000593FFF7CFF80123A37610B010BD00BFC1
:10115000ED0704121B0804122DE9F04FC1B09346AD
:1011600006460291002800F0C1804469002C00F07E
:10117000BD800369002B00F0B9804FF0180A1B688E
:10118000C5895F68B3F9083029460193FFF73DFB35
:101190000AFB05FAB368804603EB0A02D268002A0C
:1011A00000F0A780B2F900903C22002104A803932C
:1011B00026F046FC039BBFB20693A7EB09071B680A
:1011C00007EBD777C8EB6708099302270FFA88F374
:1011D0004FF496780A93494B04A807938DF8417011
:1011E000CDF83480FFF77EF83C22002113A8B6F832
:1011F0000C9026F025FC04F10A031593638913A8CB
:1012000018934FF47A7305FB033505EB5905B5FBCD
:10121000F9F5ADB29D4228BF1D461995384D8DF8A0
:101220007D7004F116071695CDF87080FFF75AF817
:101230003846FFF79FF84FF47A73E289618AB4F871
:1012400016C0891A0CFB01F191FBF3F1208A0A44C4
:10125000A18A92B2091A0CFB01F191FBF3F3184435
:10126000B36880B25344D968002944D00B684968F8
:10127000043304319BB289B24FF00008E28120822E
:101280003C226382A182A4F81680414622A826F05F
:10129000D7FB4FF47A732595289302254FF4C87332
:1012A000249722A8271D2B938DF8B950FFF71AF821
:1012B0003846FFF75FF83C22414631A826F0C0FBD4
:1012C000019B33973693B4F9023031A837930D4B15
:1012D0008DF8F55034934FF416733A93FFF702F8F4
:1012E000029B5B4502D13046FFF714FF41B0BDE8D9
:1012F000F08F914658E70B46BEE700BFF90704128E
:10130000ED070412F307041210B590B0B8B14469A8
:10131000ACB1217F99B93C2201A826F091FB04F1E0
:101320001A03039308230693064B01A80493FA2398
:101330000A93054B0593FEF7D5FF0123237710B0E1
:1013400010BD00BFED0704122708041210B590B0BD
:1013500000B34469F4B13C22002101A826F070FBDF
:10136000231D039303230693E38801A8C3F1FF23FE
:1013700003F57F03E7330793074B049341F64C5380
:101380000A934FF6FF73ADF830304FF4C8730B93E8
:10139000FEF7A8FF10B010BDF30704122DE9F047C7
:1013A0000546AEB0002800F096804469002C00F09D
:1013B00092800369002B00F08E80C7892289838B7D
:1013C0003946A3EB42039EB2FFF71FFA18235F438F
:1013D000D5F808A080460AEB0703DB68002B7DD018
:1013E000B3F900903C22002101A826F029FBCDF89A
:1013F0000CA0DAF8003001A80693A6EB090303EB72
:10140000D373C8EB63080FFA88F30793354B04F1E5
:10141000120604934FF496730A9302238DF8353025
:10142000FEF760FF3046FEF7A5FF4FF47A7C618936
:10143000E389608A5B1A434393FBFCF3A289194456
:10144000238A89B29B1A434393FBFCF31A44AB688B
:1014500090B23B44DA68002A42D0136852680433E1
:1014600004329BB292B200276181A0813946E381A8
:10147000228267823C2210A826F0E2FA4FF47A73A7
:101480004FF4C878129602261693174B04F10409FC
:1014900010A81393CDF864808DF87160FEF722FFD9
:1014A0004846FEF767FF3C2239461FA826F0C8FAD7
:1014B000CDF884902288EB8B1FA813441BB2249391
:1014C000B4F90230CDF8A0802593084B8DF8AD60BB
:1014D0002293FEF707FF2EB0BDE8F087994681E71B
:1014E0001346C0E7F9070412ED070412F3070412CC
:1014F0002DE9F04F0D4692469B46064685B0F0B169
:10150000E9B14C68DCB12378CBB18F8B063FBBB21D
:101510003FB2002F13DD0FFA82F9B945D1E9081265
:1015200002F1030200680FFA82F80BDC0293012338
:101530004246CDE900431D4B033104F0BEF805B02F
:10154000BDE8F08F8BEAEB72A2EBEB72033A134427
:101550001BB24B45A8BF4B46012723EAE373CDE9F5
:10156000004702934246114B594404F0A6F8AC8B55
:10157000DA44033CA4B2A4EB0A031BB2182BDEDD51
:101580000AF11B0AA4EB0A0424B24C45A8BF4C463E
:1015900024EAE474296ACDE901746B684246009339
:1015A0003068024B01FA8AF1C7E700BF34E6051242
:1015B0002DE9F04F0646D1B0002800F0F380002955
:1015C00000F0F0804469002C00F0EC800269002AF1
:1015D00000F0E8800B78012B40F0C880E37E002B00
:1015E00000F0BC8013684FF0180BD3E9019302930D
:1015F0000023E376C5892946FFF707F90BFB05FBB6
:10160000B368804603EB0B02D7680FB1B7F90070DF
:101610001FFA89F20FFA89F9C3F8009005AB00218F
:10162000184601923C2226F00BFAB2684FF0000AED
:101630008260019AC0F81490D71B07EBD777C8EBEC
:1016400067080FFA88F202274FF4C878A146826132
:10165000564AC0F82480C26080F83170FEF742FE1E
:10166000B3893C22514629F80AAF14A8039326F007
:10167000E7F9CDF858904FF47A7905FB0995039B6B
:10168000CDF8748005EB5305B5FBF3F5ADB24D45D0
:1016900028BF4D46A0461A95454D14A817958DF8BC
:1016A0008170FEF71FFE3C22514628F80CAF23A89C
:1016B00026F0C6F9019B23A8013B2993CDF894801D
:1016C0002695CDF8B0908DF8BD70FEF70BFEB3688F
:1016D0005B44DB68A4F80EA0A4F810A0002B43D054
:1016E0001A68043262825B6804339BB20027A0460A
:1016F0003C223946A38232A828F8167FBDF908900B
:1017000026F09EF94FF47A73CDF8D08035954FF4DA
:10171000C878022504F1040A32A83893CDF8EC8089
:101720008DF8F950FEF7DEFD5046FEF723FE3C2211
:101730003946A4F8049041A826F082F9CDF80CA10E
:10174000CDF81891B4F9023041A84793194BCDF860
:10175000288144938DF83551FEF7C4FD304651B0D1
:10176000BDE8F04FFFF7D6BC6382BFE7022B19D16B
:10177000A17EB9B93C2241A826F062F904F1180310
:101780004393082347930A4B01214493FA2341A82A
:101790004A93FEF7FFFE084B41A84593FEF7A2FDD2
:1017A0000123A37651B0BDE8F08F00BFF907041202
:1017B000ED070412F30704121B0804122DE9F04F81
:1017C00005468DB0002800F08C804469002C00F0A4
:1017D00088800769002F00F084803868466833B23B
:1017E0000593AB895BB10322237A0292628901924D
:1017F000321F92B200920222114602F079FD4FF0A0
:101800000008E388B6B2023B0993731ECDF820802E
:101810000A93638808A9043B0B93386803F03EF9E8
:10182000AB681B680493AB891FFA88FA5345D7F855
:1018300000B059D8584603F068F9A28962B16388AC
:101840002189023B9BB202318B4205DD01210091CF
:101850003868002103F011FA6968B4F90490023E77
:10186000002900F099800B78002B00F095804C48FF
:1018700003F06CFE012380466288029001936B683E
:1018800008F1060800930221454B386803F015FF64
:10189000B045A8BFB0461821EA89AB6801FB023306
:1018A0009D68C5B129463E4803F050FE0123A6EBD2
:1018B000080626EAE676301ACDE9005300EBD07030
:1018C00008EB6001029641454A46B8BF4146344B99
:1018D000386803F0F2FEA37E1BB1217E386803F066
:1018E0008CFD0DB0BDE8F08F18231FFA88F903FBBB
:1018F00009F9AA684A44D368CDE90632002B48D0DA
:1019000051462846FEF781FF049B1844069B01B20E
:10191000B3F900C00CFA80F000283ADB059A914236
:1019200037DC0120079AB2F904200090584602F0F3
:1019300092FEEB8953452CD14FF47A70E389618A8A
:10194000B4F816C0C91A0CFB01F191FBF0F1228A20
:101950000B44A18A9BB2891A0CFB01F191FBF0F1B7
:10196000A8680A4400EB090CDCF80C00F11A01EB42
:10197000D171DCF804C092B2491018B1406800EB94
:10198000D0704010844400923868ACEB520202F0F0
:101990005DFD08F1010846E74FF002087BE700BF54
:1019A00034E6051270B500F17006054690B0304679
:1019B000FEF7CCFD0446C0B901463C2201A826F042
:1019C0003FF82B6F224606934FF4B4730793084BEE
:1019D0004FF6FF71049340F6B83301A803960A93BB
:1019E000FEF7D2FD01A8FEF77DFC10B070BD00BF70
:1019F000B53C04122DE9F04FBFB08946064600926F
:101A0000002800F0A9804469002C00F0A58003693B
:101A1000002B00F0A1801B68C5895F68B3F908300E
:101A200029460193FEF7F1FEB4F92810BAB2521A12
:101A300002EBD2720021C0EB62073C2202A825F023
:101A4000FFFFB2683FB2049212684FF00208CDE97E
:101A500007274FF47A774FF4967A414A05FB0775CA
:101A600002A80592CDF82CA08DF83980FEF73AFC3B
:101A7000B6F80CB0002105EB5B05B5FBFBF53C228D
:101A8000ADB211A825F0DCFFBD4228BF3D4604F1F0
:101A90000C021392A2891795324DCDF868A011A8B7
:101AA00004F1180A169214958DF87580FEF71AFC49
:101AB0005046FEF75FFC618AE28AB4F818E0521AD9
:101AC0000EFB02F292FBF7F2208A1144A28A4FF039
:101AD000000B121A0EFB02F292FBF7F2B4F82CC0C4
:101AE0001044A4F814C0A4F816C03C2220826182DD
:101AF000A4F818B0594620A825F0A2FF4FF4C872E8
:101B0000239520A8251D2992CDF888A026978DF829
:101B1000B180FEF7E7FB2846FEF72CFC3C22594635
:101B20002FA825F08DFF019B31953493B4F9023035
:101B30002FA835930C4B8DF8ED8032934FF416732C
:101B40003893FEF7CFFB2046FFF72CFF009B99450B
:101B500002D13046FFF7D8FB3FB0BDE8F08F00BFA1
:101B6000F9070412ED070412F30704122DE9F04FF0
:101B70000646CFB0002800F0D680002900F0D380C0
:101B80004469002C00F0CF800269002A00F0CB806D
:101B90000B78012B40F0AB80637F002B00F09E8020
:101BA00000271368A246D3F80480B3F9083067779A
:101BB000C58900932946FEF728FEB4F928301FFA9C
:101BC00088FBABEB030303EBD373C0EB6309B36890
:101BD0000FFA88F8C3F8008003AB394618463C2258
:101BE00025F02EFF0FFA89F9C0E905894FF00208A8
:101BF0004FF4C879B268C0F8249082604B4A80F8EC
:101C00003180C260FEF76EFBB3893C2239462AF868
:101C10000C7F12A8019325F013FFCDF850A04FF4CC
:101C20007A7A05FB0AA5019B12A805EB5305B5FBC3
:101C3000F3F5ADB2554528BF554618953C4DCDF846
:101C40006C9015958DF87980FEF74CFB23463C226D
:101C5000394623F80E7F21A8019325F0F1FE019B60
:101C600021A823930BF1FF33A34627932495CDF8A6
:101C7000A8A08DF8B580FEF735FBA38D3C22A3828A
:101C8000E3823946276130A82BF8187F25F0D8FE6B
:101C9000339530A8251DCDF8C8B0CDF8D8A0CDF823
:101CA000E4908DF8F180FEF71DFB2846FEF762FBFD
:101CB000009B3C22A38039463FA825F0C1FE009B33
:101CC00041954493B4F902303FA84593194BCDF8A0
:101CD000209142938DF82D81FEF704FB3046FFF7EB
:101CE00013FB20464FB0BDE8F04FFFF75BBE022B61
:101CF00019D1217FB9B93C223FA825F0A1FE04F1FA
:101D00001A03419308234593094B01214293FA2377
:101D10003FA84893FEF73EFC074B3FA84393FEF7CE
:101D2000E1FA012323774FB0BDE8F08FF9070412E1
:101D3000ED070412F3070412270804122DE9F04FEF
:101D400005469BB0002800F09D804469002C00F0FF
:101D500099800669002E00F095803068D0F804A0C4
:101D60001FFA8AF3059303890693AB896BB10322AB
:101D7000A37A0292A28901921FFA8AF2043A92B2DD
:101D800000920222114602F0B3FA0027E3881FFAFC
:101D90008AFA023B10930AF1FF330F97119363887D
:101DA0000FA9043B1293306802F078FEAB68D4F8B8
:101DB00020B01B680993059B5B080A93069B5B0890
:101DC0000B93636A04934FEAEB730893AB891FFA92
:101DD00087F8434559D8306802F097FEE28962B12E
:101DE00063886189023B9BB202318B4205DD012190
:101DF00000913068002102F040FF6968B4F9048066
:101E0000AAF10209002900F0BB800B78002B00F03A
:101E1000B7805C4803F09AFB012307466288029072
:101E200001936B68063700930221564B306803F02C
:101E300044FC4F45A8BF4F461821EA89AB6801FB17
:101E400002339D68C5B129464E4803F07FFBA9EBDC
:101E5000070323EAE373181A0293012300EBD070FF
:101E6000CDE9005307EB6001B9424246B8BF39469D
:101E7000444B306803F021FC237F1BB1A17E306806
:101E800003F0BBFA1BB0BDE8F08F1822AB681FFA55
:101E900087F902FB0933DB6807930BB9013795E734
:101EA00041462846FEF7B1FC099A238D104400B242
:101EB00000EB53000A9B0499C01A5A46089B80FB0A
:101EC000010112F0A9FD0B9B0C9020890499181AAE
:101ED0005A46089B80FB010112F09EFD0D9013A84D
:101EE000FDF7B8FF0C9BB8F10F0F1393049B98BF3D
:101EF00009F10C0914930D9B15938CBF4FF480735B
:101F000054F829301993EB89434504D10221226FFB
:101F100013A8FDF7ABFF01230293069B07990193DA
:101F2000059B13AA009330685B46FEF7DCF8EB894B
:101F30004345B3D14FF47A70238AA18AB4F818C00C
:101F4000C91A0CFB01F191FBF0F1628A0B44E18AA2
:101F50009BB2891A0CFB01F191FBF0F10A44208934
:101F60001FFA82FCAAEB0301CDF800C0C2F34E02B7
:101F700001EBD171821A4910306802F067FA8DE7DF
:101F8000022759E734E605122DE9F041044688B0EE
:101F900000284CD04669002E49D0016A838B426AE2
:101FA0000B440693C38B0569134404910592079370
:101FB00004A9286802F072FDD4E90812052001275F
:101FC000A38BCDE90107E08B0B44104400902868F7
:101FD00003F0E5F9D4E9081201976368053200932C
:101FE0002868144B053103F0E8FA3379E3B1A18B8B
:101FF0003388E28BC91A236A01EBD171646A03EB5F
:1020000061080D4B144400930F3C01972246414652
:10201000084B286803F0D1FA3278B3780092414631
:102020002246286802F0DCF9286802F06EFD08B04C
:10203000BDE8F08134E60512725D05122DE9F0412C
:10204000044688B0002848D04569002D45D0016A73
:10205000838B426A0B440693C38B06691344049135
:102060000592079304A9306802F018FDD4E908121C
:1020700005200127A38BCDE90107E08B0B44104419
:102080000090306803F08BF9B5F9083021463046EE
:10209000EA88FFF72DFA2B79E3B1A18B2B88E28B2D
:1020A000C91A236A01EBD171646A03EB61080C4B16
:1020B000144400930F3C019722464146094B306877
:1020C00003F07BFA2A78AB780092414622463068CA
:1020D00002F086F9306802F018FD08B0BDE8F08122
:1020E000725D051234E60512F0B5044689B0002889
:1020F00056D04669002E53D08389012B50D9416AAE
:10210000C38B82680B440F3B05695360016A838B64
:10211000426A0B440693C38B0491134405920793C0
:1021200004A9286802F0BAFCD4E9081201270520A6
:10213000A38BCDE90107E08B0B4410440090286885
:1021400003F02DF9D4E90812019763680532009372
:102150000531144B286803F030FAA16801978B68A9
:102160000093D1E900120F4B286803F026FAA26809
:10217000B188136801971944136A143100935268A7
:10218000084B286803F019FA307BA268337A71890A
:1021900000902868526802F023F9286802F0B5FC24
:1021A00009B0F0BD34E60512F0B5044689B0002848
:1021B00052D04669002E4FD08389012B4CD9416AF9
:1021C000C38B82680B440F3B05695360016A838BA4
:1021D000426A0B440693C38B049113440592079300
:1021E00004A9286802F05AFCD4E908120127052046
:1021F000A38BCDE90107E08B0B44104400902868C5
:1022000003F0CDF821462846B6F91030F289FFF7E1
:102210006FF9A16801978B680093D1E900120F4B09
:10222000286803F0CAF9A268B188136801971944B5
:10223000136A143100935268084B286803F0BDF903
:10224000307BA268337A718900902868526802F066
:10225000C7F8286802F059FC09B0F0BD34E6051251
:102260002DE9F04F04468FB0002800F089804569C1
:10227000002D00F085800669002E00F08180016A43
:10228000838B426A0B440893C38B069113440792D5
:10229000099306A9306802F001FCD4E90812052070
:1022A0000127A38BCDE90107E08B0B44104400907C
:1022B000306803F074F8636873B11A7862B1D4E9D6
:1022C0000812A08B00930A38CDE90170644B306886
:1022D0000332053103F0F1F9636823B11B7813B1C0
:1022E0002B8804339BB200272989206A42180A925E
:1022F000626A134402330B93A38B03445B1A0C935F
:102300006B880AA91344023B0D93306802F0C6FBA8
:102310002A89236A1344A268126813441FFA83FAB5
:10232000A3891FFA87F84345D6F800902BD8484672
:1023300002F0EBFB1821E289A36801FB02339F68DE
:10234000DFB13946464803F001F90123A28B216A27
:10235000A2F10A0C121A092AB5F90400C8BF01EB50
:102360006201626ACDE90073CDF808C002443C4BBB
:102370003068D8BF053103F0A0F9306802F0C5FB22
:102380000FB0BDE8F08F1821A368BAB201FB023389
:10239000D3F80CB00593BBF1000F5ED04146204648
:1023A000FEF733FABBF900E0228CB5F808C05044C0
:1023B00001B20EFA80F002EB0C0E0FFA8EFE7045A1
:1023C0004BDBA08B0244A2EB0C0212B2914244DC24
:1023D000059B626A5B6848461A44012312B2009367
:1023E0005B46059202F037F9E389059A434534D1FB
:1023F0004FF47A7C6B89E889B5F812E0C01A0EFBBD
:1024000000F090FBFCF0A9890344288A0FFA83F8B6
:10241000401A0EFB00F090FBFCF00844DBF804E0EF
:1024200029891FFA80FCC0F34E09A08B0EEBDE7EDB
:10243000A0EB410002EB6E0E00B2226AA0EB080096
:1024400000EBD0701144CDF800C001EB60019BB2ED
:102450003068AEEB090201F0F9FF013760E700BF19
:1024600034E605122DE9F04F04468FB000287CD0E9
:102470004569002D79D00669002E76D0016A838BDC
:10248000426A0B440893C38B069113440792099345
:1024900006A9306802F002FBD4E9081205200127E2
:1024A000A38BCDE90107E08B0B441044009030680A
:1024B00002F075FFB5F9163021463046AA8AFFF7BB
:1024C00017F8636823B11B7813B12B8804339BB2D0
:1024D00000272989206A42180A92626A134402334B
:1024E0000B93A38B03445B1A0C936B880AA91344C8
:1024F000023B0D93306802F0D1FA2A89236A134413
:10250000A268126813441FFA83FAA3891FFA87F896
:102510004345D6F800902BD8484602F0F6FA182129
:10252000E289A36801FB02339F68DFB13946464860
:1025300003F00CF80123A28B216AA2F10A0C121AF3
:10254000092AB5F90400C8BF01EB6201626ACDE94E
:102550000073CDF808C002443B4B3068D8BF05314A
:1025600003F0ABF8306802F0D0FA0FB0BDE8F08F9E
:102570001821A368BAB201FB0233D3F80CB005935B
:10258000BBF1000F5ED041462046FEF73EF9BBF995
:1025900000E0228CB5F808C0504401B20EFA80F079
:1025A00002EB0C0E0FFA8EFE70454BDBA08B024443
:1025B000A2EB0C0212B2914244DC059B626A5B689A
:1025C00048461A44012312B200935B46059202F07A
:1025D00042F8E389059A434534D14FF47A7C6B89FC
:1025E000E889B5F812E0C01A0EFB00F090FBFCF091
:1025F000A9890344288A0FFA83F8401A0EFB00F0D9
:1026000090FBFCF00844DBF804E029891FFA80FC09
:10261000C0F34E09A08B0EEBDE7EA0EB410002EB77
:102620006E0E00B2226AA0EB080000EBD0701144DD
:10263000CDF800C001EB60019BB23068AEEB09023F
:1026400001F004FF013760E734E6051270B58842F7
:10265000DDE9044504D8002323800138288008E000
:10266000934207D20023013989B281422380298015
:10267000F3D270BDA0EB5106B3420ADA9B1A0133C4
:102680009BB2013923800B449BB298422B80E4D942
:10269000EFE7411A2180E0E72DE9F04F0546A1B0B0
:1026A00000286DD04469002C6AD007690368386837
:1026B00008934368B0F908800FFA83F99BB2059339
:1026C0006B68A3B11A7892B1059A0126033A12B247
:1026D00002920022CDE9003611467E4B02F0EDFF5A
:1026E000237DE28800960021386802F0C6FA0123B3
:1026F00001932388A9F103060093002203233146A6
:10270000386801F05AFE0DF13203228AE189019303
:102710000CAB0093EB89A889FFF798FF00230D937A
:10272000237DCDF840800233CDE90E360DA93868FF
:1027300002F0B4F9EB89BDF830800A93089BDB689E
:102740000993638A0693AB68069AB3F9043002FBD7
:1027500008330493BDF83230434514D2386802F090
:10276000D4F9A178637DB4F9042000913868002180
:1027700001F036FEA37E1BB1217E386802F03DFEDB
:1027800021B0BDE8F08F182303FB08FAAB68BDF950
:1027900010B05344C3F804B0099B002B00F08280B2
:1027A000089B41462846DB689847033080B2059B6A
:1027B000181AAB6886B253440FFA80F998680A9BDE
:1027C000984571D1A37D9B076ED5B4F90810B4F973
:1027D0000A30B4F80A90079381EAE173A3EBE1733E
:1027E000033B079A33441BB29342A8BF134623EA24
:1027F000E37302930123CDE900035A46354B386851
:102800000B9102F05AFF0B9909EB0103F31A1BB26B
:10281000182B17DD09F11B094944079B761A36B2BC
:102820009E42A8BF1E46012326EAE6760296019341
:10283000AB685A4653449B6809B200933868254BED
:1028400002F03BFFA37D13F0010123D143F001030C
:10285000A3756E69F6B13C2211A825F0F1F806F1D6
:102860000803139303231693738911A8C3F1FF235D
:1028700003F57F03E7331793174B149341F64C533B
:102880001A934FF6FF73ADF870304FF4C8731B9373
:10289000FDF728FD049B069A08F101081FFA88F845
:1028A000134456E7032082E7FEF750F900B248458B
:1028B000A8BF4846012320EAE07002900193AB686C
:1028C0005A4653449B68032100933868014B02F039
:1028D000F4FEDFE734E60512F30704122DE9F04FAA
:1028E000044693B0002852D04569002D4FD00DF119
:1028F000360307696A89298901930DAB0093C3895F
:102900008089FFF7A3FE216AA38B626A0B441093B0
:10291000E38B0E9113440F9211930EA9386802F0C5
:10292000BDF8D4E9081205204FF00109A38BCDE9C9
:102930000109E08B0B4410440090386802F02FFD31
:10294000E389626A0893A38B03320593063B1BB2AB
:102950000993AB89BDF834600693A3685B681344A0
:10296000069A724302FA83FBBDF83630B34211D2A5
:10297000626A698803320A442978AB7B009138681F
:10298000216A12B201F02CFD386802F0BEF813B0D3
:10299000BDE8F08F182373430493049AA36813448B
:1029A0009868089B0FFA8BF29E4256D1EB7B9907F1
:1029B00053D5B5F90630B5F904A00793236A0599F4
:1029C0000A938AEAEA73A1F1090CA3EBEA73079967
:1029D00063441BB28B42A8BF0B4623EAE373B5F8EE
:1029E0000680CDE901930A990090284B514438683C
:1029F0000B9202F062FEA38B08EB0A01033B9BB231
:102A0000591A09B218290B9A19DD08F11B08D0448C
:102A10000798A3EB08031BB28342A8BF034623EA2F
:102A2000E373216ACDE901930498A36801FA88F160
:102A300003449B6800933868144B02F03EFEEB7B26
:102A4000DA0705D443F001032046EB73FEF77EFC62
:102A5000069B0136B6B29B4486E70792FEF776F8EE
:102A6000099B00B29842A8BF184620EAE070216A8C
:102A7000CDE90190049AA368033113449B68079A37
:102A800000933868014B02F018FEE1E734E60512C6
:102A90002DE9F04F044693B0002864D04569002D1D
:102AA00061D00DF1360306696A89298901930DAB5E
:102AB0000093C3898089FFF7C9FD216AA38B626AED
:102AC0000B441093E38B0E9113440F9211930EA9B4
:102AD000306801F0E3FFD4E9081205200127A38B39
:102AE000CDE90107E08B0B4410440090306802F000
:102AF00056FC6368002B39D01B78002B36D0B5F913
:102B00001230214630462A8AFEF7F2FCAB7B03F1F5
:102B1000060BE389626A0893A38B03320593063B95
:102B20001BB20993AB89BDF834700693A3685B6848
:102B30001344069A5B447A4302FA83F30493BDF884
:102B40003630BB4214D2626A698803320A4429785B
:102B5000AB7B5A4400913068216A12B201F040FC0C
:102B6000306801F0D2FF13B0BDE8F08F9B46D0E78C
:102B7000182303FB07FAA368BDF910205344986893
:102B8000089B9F4258D1EB7B990755D5B5F9063084
:102B9000B5F904900793236A05990A9389EAE973C2
:102BA000A1F1090CA3EBE973079963441BB28B42B3
:102BB000A8BF0B4623EAE373B5F80680029301230E
:102BC000CDE900030A99294B494430680B9202F081
:102BD00074FDA38B08EB0901033B9BB2591A09B2A0
:102BE00018290B9A19DD08F11B08C8440798A3EBB4
:102BF00008031BB28342A8BF034623EAE373216A9A
:102C0000029301230193A36801FA88F153449B685E
:102C100000933068154B02F050FDEB7BDA0705D4CA
:102C200043F001032046EB73FEF790FB049B069AEA
:102C30000137BFB2134481E70792FDF787FF099B75
:102C400000B29842A8BF1846012320EAE070216A2A
:102C500002900193A368079A53449B680331009341
:102C60003068024B02F029FDE0E700BF34E60512B0
:102C700038B5043A04460846C989062A2AD8DFE846
:102C800002F004161604192519008289013A9142AE
:102C900009DB92B29142C2811CD003689B6903B1E7
:102CA0009847052313E04A1C92B2C281F5E789B127
:102CB0004A1EF9E71822836802FB01331D694DB1F2
:102CC00001465A692046A847204638BD0223237092
:102CD000002301E0002323706360F5E710B504468C
:102CE00021B9002323706360204610BD4B6913B1E6
:102CF0009B7E002BF5D12046FFF7BAFFF4E710B515
:102D0000044621B9002323706360204610BD4B693F
:102D100013B19B7E002BF5D12046FFF7A9FFF4E706
:102D200010B5044621B9002323706360204610BD0E
:102D30004B6913B11B7F002BF5D12046FFF798FF9D
:102D4000F4E700002DE9F0470546002867D0036945
:102D5000002B64D04C4B00261A4613F8017B002F41
:102D60005AD1012393551C2202FB06FA474C3946DF
:102D70000AEB0408404624F063FE2B69C5F8148072
:102D80001B6843494348B3F8089002F00CFD032345
:102D9000C0B224F80A00A8F808303946A9EB0003AD
:102DA000384618279BB29A1E92B2A8F80220A8F8BB
:102DB0000420B5F80CC08AB2944532D81A1F072AED
:102DC0003AD90B3B9BB2984236D21B1A03EBD37312
:102DD000C3F34F034FF01C0C0CFB064C0733ACF84D
:102DE000063000234FF018091946AA681360AA8913
:102DF0001FFA83F8424521D81C2303FB0644002315
:102E00006381A381E38123826382A382E38223839C
:102E10004FF48073638302E00136082E9DD1BDE834
:102E2000F087AA6807FB0122D2681AB15268824271
:102E3000C8BF90B20131BEE70023CBE79FB209FBC8
:102E400007F7AA68BCF806E002EB070ADAF80C20DC
:102E50002AB15268821A02EBD2720EEB620ECAF8E5
:102E600004E0B8F1000F0CD0D5F808E00EEB070233
:102E700052F80C2C1AB112680F31114409B24EF8F5
:102E800007100133B3E700BF18CE002020CE00208A
:102E9000636C051234E605122DE9F74F044600284D
:102EA0004ED00369002B4BD0714B00271A4613F804
:102EB000015B002D41D17426012306FB07F9DFF8E1
:102EC000BC81D35509EB080B32462946584624F0FD
:102ED000B7FD2369C4F814B01B6866496648B3F8A7
:102EE00008A002F060FC0323C0B2ABF80A30AAEBE2
:102EF00000039BB29A1E92B2ABF80220ABF80420FA
:102F00001A1F072A28F809001DD8072306FB078285
:102F1000D3806B0807331381282350219D42C2E9D7
:102F2000081313D9A5F128018DB29585642305EB0B
:102F30008511B1FBF3F18DB20BE00137082FB6D14B
:102F400003B0BDE8F08F0B3B9DB2DEE79585002D09
:102F5000ECD1742606FB078605F10F017585002567
:102F60003185A36809F12C091D6008EB090BA289C2
:102F7000ABB29A4201D9102D0CD1742300224FF428
:102F8000807103FB0783C3E90322C3E90522998308
:102F90001A67D5E7182303FB05F9A3684B44DB68E0
:102FA000002B62D01A68002A5FD09B880193002B07
:102FB0005BD0D2F800C04FF0000E614690680C3232
:102FC0000090019B0EF1010E1FFA8EFA534502F19B
:102FD0000C022FD8009AA1EB0C03111A59430029B7
:102FE00043DD0A46481C4010904236DB002A3CDD97
:102FF000738D002B39D0716A81FB03C1336A0902DA
:1030000083FB02234FEA0C2041EA1C6111F004FD0E
:103010000028D8BF4FF480704BF8040FA368F288E3
:103020004B445A6025B1338DA2686B4342F8093096
:1030300001359CE752F80C3C52F804AC9C45A8BF03
:103040009C469942B8BF1946009B5045A8BF5046C0
:103050005345B8BF53460093B3E791FBF0F30344E5
:1030600003EBD37302465810BEE74FF48070D3E7EA
:1030700070CA0020636C051234E6051278CA00207D
:103080002DE9F047064608B33B4B00241A4613F8D7
:10309000011BC1B9012313551C23384D1A4603FBEC
:1030A0000457384624F0CCFC7168776181B91C2341
:1030B000002203FB04531A75B3683148996802F083
:1030C00072FBC0B20CE00134082CE0D1BDE8F087FF
:1030D0000B78002BEBD02A4802F065FBC0B23875A4
:1030E0004FF01C0808FB045888F815000330A8F8B6
:1030F0001200376998F814203B689B68023B9B1AC2
:103100001BB293FBF0F31822A8F80E309BB20133E8
:103110005B10A8F81030B6F80EA0B36802FB0A33B3
:103120009868FDF713FDA8F80A00336881461B690B
:1031300003B3514630469847033080B21C2303FB4B
:10314000045398813A685268023A121A92B2914531
:1031500094BF4FF000094FF001099A7D22F002025E
:1031600042EA490900221A834FF4807283F81690CC
:103170005A83ABE70320E1E700CF002008CF00200F
:1031800034E6051270B50E461546044690B098B167
:103190003C22002101A824F053FCA36801A81A1DB9
:1031A00003925B680A95CDE90636044B049302232B
:1031B0008DF83530FDF796F810B070BDF9070412A0
:1031C0002DE9F74F8A4604460192002800F09380CB
:1031D0004769002F00F08F8018210269B0F80E9027
:1031E0001268D0F800B055688268B0F80C8001FB16
:1031F00009229068FDF7AAFC7881DBF810200646CA
:10320000002A61D0494620469047033080B2AA1E6A
:10321000121A92B2B242B88106F104052CBF002006
:1032200001202DB212B29542A8BF1546B97DB7F85C
:1032300010E021F0020141EA4001F889B975397DB9
:10324000404525EAE57501F1020109F1010B3DD286
:10325000CE453BD8A8EB50024A45D4BFA8EB0002AC
:10326000ABEB0E0292B2B7F812C0A9EB020616FB46
:103270000C16404536B22BD3324629464FF4C8735C
:103280002046FDF7D3FE03233B81BB7D07F10800F9
:1032900023F00103BB75FDF76DF84FF47A734FEA25
:1032A000580103FB0B11B1FBF8F14FF49672204665
:1032B00089B2FDF7EFFE019B9A451CD1204603B071
:1032C000BDE8F04FFDF704BF0320A0E70022CAE7E6
:1032D000CE4504D9E6222046FFF754FFCCE71CFB7D
:1032E00002FCA8EB5000A1EB0C01484509B2F1DC4F
:1032F000A3685960C0E703B0BDE8F08F30B50D4654
:10330000144691B020B3838B063B1BB2002B1FDD0C
:1033100012B29A421CDD3C22002101A824F090FB4D
:10332000032306930B4BC4F1FF24049341F294133F
:103330000A934FF6FF73ADF830304FF4C87304F5BD
:103340007F04E73401A8039507940B93FCF7CAFFA9
:1033500011B030BDF307041238B50546FDF720FC67
:103360009DB16C698CB1696879B10B786BB1074814
:1033700002F0ECF82146032382B2E28021F8083FF4
:103380002846BDE83840FFF7B9BF38BD34E605121E
:1033900038B50546FDF724FC9DB16C698CB16968B0
:1033A00079B10B786BB1074802F0D0F821460323BE
:1033B00082B2E28121F8103F2846BDE83840FFF78D
:1033C0009DBF38BD34E6051238B50546FDF740FC13
:1033D0009DB16C698CB1696879B10B786BB10748A4
:1033E00002F0B4F82146032382B2E28321F8203FA1
:1033F0002846BDE83840FFF781BF38BD34E60512E6
:10340000F8B50446002859D04669002E56D000224F
:10341000836805695A6083682A48996802F0C3F98D
:10342000C0B2C31CB073B3816168002947D00F7864
:1034300067B1871D234802F089F83146032382B221
:103440003282204621F8123FFFF758FFE38BB28902
:10345000DB1B1BB223EAE373B3FBF2F3012BB8BF10
:1034600001239BB233810133C3F34E0373812B6875
:10347000A28BB3F9043013489B1A03EBD3735B1090
:103480002362A368996802F061F880B2F080A38B90
:10349000063B9BB2834200F1040000B21BB22CBF7A
:1034A000002201229842A8BF1846002373800323FC
:1034B000520020EAE070F2733080B380F8BD0F460E
:1034C000C4E700BF34E6051238B50546FDF798FAA3
:1034D0009DB16C698CB1696879B10B786BB10748A3
:1034E00002F034F82146032382B2A28221F8163F6B
:1034F0002846BDE83840FFF701BF38BD34E6051265
:10350000F0B5044689B0002855D0D0E90465016AB9
:10351000838B426A0B440693C38B04911344059238
:10352000079304A9306801F0B9FAD4E9081205201C
:103530000127A38BCDE90107E08B0B4410440090D9
:10354000306801F02CFFD4E9081201976368053256
:1035500000933068194B053102F02FF82B683BB30C
:103560009B6873B16B89E18B626ACDE9017305F1E8
:103570000E03009302EB5102104B6968306802F0B1
:103580009CF82B685B689BB1E38B626A216A02EB53
:1035900053022B8902311A4403230293A8891A4447
:1035A0000190A08B043880B20090306800F0A0FE3B
:1035B000306801F0AAFA09B0F0BD00BF34E6051288
:1035C000F0B5044689B0002851D0D0E90465016AFD
:1035D000838B426A0B440693C38B04911344059278
:1035E000079304A9306801F059FAD4E908120520BC
:1035F0000127A38BCDE90107E08B0B441044009019
:10360000306801F0CCFEB5F9203021463046EA8B17
:10361000FDF76EFF2B683BB39B6873B16B89E18B41
:10362000626ACDE9017305F10E03009302EB5102CA
:10363000104B6968306802F040F82B685B689BB1FA
:10364000E38B626A216A02EB53022B8902311A442E
:1036500003230293A8891A440190A08B043880B2F6
:103660000090306800F044FE306801F04EFA09B076
:10367000F0BD00BF34E6051230B50C4691B0A8B1DC
:1036800085689DB13C22002101A824F0D9F92B1DA9
:1036900003936B6801A8CDE90634054B0493E62338
:1036A0000A9302238DF83530FCF71CFE11B030BDB3
:1036B000F907041270B50E4615469EB048B344692A
:1036C0003CB33C220021684624F0BAF93C22002198
:1036D0000DEB020024F0B4F92346029433F9022BD7
:1036E0004FF4C871CDE9052602220B4809910390D9
:1036F0008DF831201193B4F9023012906846CDE96B
:10370000143518918DF86D20FCF7ECFD0FA8FCF72F
:10371000E9FD1EB070BD00BFF307041270B50C4682
:1037200090B0E8B14569DDB105F10C063046FCF713
:1037300021FEAB89A34213D03C22002101A824F032
:103740007FF9AB8901A8CDE90634064B03960493B3
:103750004FF4C8730A9302238DF83530FCF7C2FD8D
:1037600010B070BDED070412F8B5044648B34569C2
:1037700085B12B6873B15A6862B19F6857B105F182
:103780000E060F2231461868B84731460D4801F041
:10379000DDFE6881A38B6A899B1A226A03EBD373CF
:1037A00002EB63022B686A604BB1596811B118686B
:1037B000884701462046BDE8F840FFF7AFBF1946ED
:1037C000F8E7F8BD34E6051270B50E4615469EB012
:1037D00050B3446944B33C220021684624F030F9D8
:1037E0003C2200210DEB020024F02AF904F10C0325
:1037F0000293A3894FF4C872CDE9053602230B4921
:1038000004F10A00039109928DF83130119060891A
:103810001291CDE91405684618928DF86D30FCF7C9
:1038200061FD0FA8FCF75EFD1EB070BDF30704122A
:1038300070B1C389416982682BB1B2F91820B1F91E
:103840000610FFF7C1BFB2F90020B1F90410F8E784
:1038500070470000F0B50F4616461D46044691B06D
:10386000B0B13C22002101A824F0EAF8094B012163
:1038700004934FF4C873243401A8CDE90676039469
:103880000A938DF83550FCF785FE01A8FCF72AFD58
:1038900011B0F0BDF90704122DE9F04F0446AFB0A6
:1038A000002800F0A180002900F09E804569002DCD
:1038B00000F09A800769002F00F096800B78032BA8
:1038C00040F09980B0F80E904946FCF79EFF18230F
:1038D00003FB09F9A268064602EB0903DB68002B2B
:1038E00000F08580B3F900A02B89B4F81C8000217A
:1038F000A8EB43081FFA88FB0FFA88F8C2F800808B
:1039000001A83C2224F09CF8A36801A80393ABEB28
:103910000A0303EBD373C6EB63063E4B36B2049344
:103920004FF4C8730A930223CDF818808DF8353010
:103930000796FCF7D7FC00236B826B81AB81A368F1
:103940004B44DB68002B54D01A680432EA815B6870
:1039500004339BB23C2200212B8210A824F070F883
:1039600005F1120312934FF47A734FF4C8780226CC
:103970001693294B05F1040910A81393CDF8648020
:103980008DF87160FCF7AEFC4846FCF7F3FCE38B66
:103990002A8800211344AB803C221FA824F050F851
:1039A000CDF884902A88E38B1FA813441BB224937C
:1039B000B5F90230CDF8A0802593184B8DF8AD6095
:1039C0002293FCF78FFC3B68E18BB3F9082020467B
:1039D000521AC1F1FF2102EBD27201F57F010423DB
:1039E0005210F631FFF736FF2FB0BDE8F08F9A4640
:1039F0007AE7EB81AEE7042BF6D10323C28B416A51
:103A0000C2F1FF2202F57F02F6322FB0BDE8F04F7F
:103A1000FFF720BFF9070412ED070412F3070412A1
:103A200010B428B121B10B78032B04D0042B15D08E
:103A30005DF8044B70470369C18B1B68B3F908201C
:103A40000423521AC1F1FF2102EBD27201F57F016A
:103A50005210F6315DF8044BFFF7FCBEC28B032316
:103A6000C2F1FF2202F57F02416AF632F2E770B539
:103A7000044628B121B10B78032B02D0042B18D0B7
:103A800070BDD0E904539989FFF748FE2B682046A2
:103A9000B3F908200423E18B521AC1F1FF2102EB94
:103AA000D27201F57F015210F631BDE87040FFF788
:103AB000D1BEC28B0323C2F1FF2202F57F02416A0D
:103AC000F632F2E770B5044628B121B10B78032B2A
:103AD00002D0042B1CD070BD436982680569B3F91C
:103AE0000410B2F90020FFF76FFE2B682046B3F9EF
:103AF00008200423E18B521AC1F1FF2102EBD2729C
:103B000001F57F015210F631BDE87040FFF7A2BE0B
:103B1000C28B0323C2F1FF2202F57F02416AF63213
:103B2000F2E710B428B121B10B78032B04D0042B99
:103B300015D05DF8044B70470369C18B1B68B3F95E
:103B400008200423521AC1F1FF2102EBD27201F5C1
:103B50007F015210F6315DF8044BFFF77BBEC28B3C
:103B60000323C2F1FF2202F57F02416AF632F2E737
:103B70002DE9F041064686B018B9002006B0BDE830
:103B8000F081182303FB01F88368046903EB080044
:103B9000032180680DF109030DF10A0200F02FFCEA
:103BA0000028EAD09DF80930322BE6D12368B668A8
:103BB0005D6800234644726903930493ADF81430A2
:103BC000B2F9002003AF9A4205DA2D238DF80C30AC
:103BD0000123524212B242F20F718A4241DD42F297
:103BE000107192FBF1F1581C18336B44303103F81B
:103BF0000C1CC3B24FF47A7192FBF1F10A2089B226
:103C0000B1FBF0FE00FB1E1103F1010C18336B44F5
:103C1000303103F80C1C5FFA8CF3642092FBF0F057
:103C20000A2180B2B0FBF1FE01FB1E0003F1010C82
:103C300018336B44303003F80C0C5FFA8CF30A2015
:103C400092FBF0F189B2B1FBF0FE00FB1E1103F113
:103C5000010C18336B44303103F80C1C5FFA8CF301
:103C600006E0B2F57A7FC5DA632AD6DC092AE6DCFB
:103C700003F118010DEB01000A2192FBF1FC01FB9D
:103C80001C22303200F80C2C013306AA52FA83F3BE
:103C9000002203F80C2C0123CDE90073E91E09B2C0
:103CA000034B726820680F3901F087FC142065E728
:103CB00034E6051200B1016070470000F0B504461B
:103CC00091B030B129B10B784569012B03D0022B9B
:103CD00069D011B0F0BD002D5FD0EB7E002B5CD021
:103CE0000021E9764569002D57D007693C2201A8DB
:103CF00023F0A6FEAB1D03933B68B3F90430033BEE
:103D00000793384B04934FF416730A9302238DF8EC
:103D10003530636823B11B7813B101A8FCF7E2FAD0
:103D20004FF47A71E289A38902FB011101EB53017F
:103D3000B1FBF3F14FF4167289B22046FDF7AAF9F0
:103D4000A3689868FCF702FF3B6804305968AB89A8
:103D500000B2C3F57F43FE33194409B28142A8BFC4
:103D600001462A7D21EAE171961C32464FF4167312
:103D70002046FDF75BF9A3689868FCF7E7FE2B7D0A
:103D80006881A268C3EB8371C3EB81035360314642
:103D90004FF416722046FFF7F5F9204611B0BDE842
:103DA000F040FDF795B9002D93D0A97E002990D160
:103DB0003C2201A823F044FE05F1180303930823D5
:103DC0000793084B01210493FA2301A80A93FCF7F7
:103DD000E1FB054B01A80593FCF784FA0123AB76C0
:103DE00077E700BFED070412FF0704122DE9F8433F
:103DF000054600285ED04669002E5BD01822B0F838
:103E00000E808368878902FB08339868FCF79EFE62
:103E1000F080AB8B041D063B9BB283422CBF00217C
:103E2000012124B21BB29C42A8BF1C46F27B7089C0
:103E300022F0020242EA4102F273328924EAE47477
:103E4000BA4223D2404521D8A7EB52039845B6BFCA
:103E500008F10103BB1A1B1A9BB2B189A8EB030935
:103E600019FB01F9BA420FFA89F911D328464A46DB
:103E70002146FFF71FFC0323B380F37B301D23F0A3
:103E80000103F373BDE8F843FCF774BA0023E4E7D9
:103E9000404504D900212846FFF7EEFBE6E711FB79
:103EA00003F1A7EB52074942B84509B2F3DBAB680F
:103EB0005960DBE7BDE8F883F8B50E4617461D46A6
:103EC000044658B151B14BB10E220021104423F0E9
:103ED000B7FD034BC4E901762360A581F8BD00BF9F
:103EE00014E60512F8B50D4617461E46044678B18D
:103EF00072B16BB10E220021104423F0A1FD054BDD
:103F0000A760002D08BF1D46034B6560A681236096
:103F1000F8BD00BF3B7C0512F4E50512F8B50D466F
:103F200017461E46044678B172B16BB10E220021CD
:103F3000104423F085FD054BA760002D08BF1D46EA
:103F4000034B6560A6812360F8BD00BF3B7C051272
:103F5000D4E50512F8B50D4617461E460446A0B135
:103F600020220021083023F06BFD084BA78323603B
:103F7000074BE683002D08BF1D466560FCF7D4FDA6
:103F800010B19DF8183003716061F8BDB4E50512F9
:103F90003B7C0512F8B50D4617461E460446A0B1F7
:103FA00020220021083023F04BFD084BA78323601B
:103FB000074BE683002D08BF1D466560FCF7B4FD86
:103FC00010B19DF8183003716061F8BD94E50512D9
:103FD0003B7C0512F8B50D4617461E460446B8B19F
:103FE0001A2200210E3023F02BFD0A4BA7832360F9
:103FF000094BE683002D08BF1D460223A381074B12
:104000006560A360FCF790FD08B1069B03606061EA
:10401000F8BD00BF74E505123B7C0512F48F00204B
:10402000F8B50D4617461E460446B8B11A220021BF
:104030000E3023F005FD0A4BA7832360094BE6836E
:10404000002D08BF1D460223A381074B6560A360B6
:10405000FCF76AFD08B1069B03606061F8BD00BF14
:1040600054E505123B7C0512F48F0020F8B50D468F
:1040700017461E46044698B120220021083023F03E
:10408000DFFC084BA7832360074BE683002D08BFA6
:104090001D466560FCF748FD08B1069B0360606142
:1040A000F8BD00BF34E505123B7C0512F8B50D469E
:1040B00017461E46044698B120220021083023F0FE
:1040C000BFFC084BA7832360074BE683002D08BF86
:1040D0001D466560FCF728FD08B1069B0360606122
:1040E000F8BD00BF14E505123B7C05122DE9F04137
:1040F000DDF818800F4616461D46044690B18BB178
:10410000B8F1000F0ED024220021043023F098FCD7
:10411000054BA7832360E683A560A4F80C80FCF719
:1041200003FD6061BDE8F081F4E405122DE9F84378
:104130000D46DDE9089817461E460446D0B1B9F190
:10414000000F17D0B8F1000F14D01A2200210E3042
:1041500023F076FC084BA7832360084BE683002DF1
:1041600008BF1D46C4F808906560A4F80C80FCF7F1
:10417000DBFC6061BDE8F883D4E405123B7C0512EA
:104180002DE9F8430D46DDE9089817461E4604461A
:10419000D0B1B9F1000F17D0B8F1000F14D01A2226
:1041A00000210E3023F04CFC084BA7832360084B02
:1041B000E683002D08BF1D46C4F808906560A4F88A
:1041C0000C80FCF7B1FC6061BDE8F883B4E4051233
:1041D0003B7C05122DE9F8430D46DDE908981746AA
:1041E0001E460446D0B1B9F1000F17D0B8F1000F48
:1041F00014D01A2200210E3023F022FC084BA78392
:104200002360084BE683002D08BF1D46C4F80890C4
:104210006560A4F80C80FCF787FC6061BDE8F8835A
:1042200094E405123B7C05122DE9F34701279146E2
:104230000C4606461D4603EB010A02F102085346EE
:10424000CDE9008700F09FFEBDF828105346494491
:10425000A1F10209CDE900174A462146304600F097
:1042600092FEEB07CDE9009704EB550108D44246D6
:104270000B460139304600F086FE02B0BDE8F087FB
:10428000032D0CBF0B464B1C4246F3E72DE9F347C9
:1042900001278A46144606461D4603EB020901F132
:1042A00002084346CDE9009700F06DFEBDF82830C6
:1042B00022465344A3F1020A51463046CDE9009705
:1042C00000F061FEEB0704EB5502019709D4534659
:1042D0000092013A4146304600F055FE02B0BDE87A
:1042E000F087032D0CBF1346531C00935346F1E790
:1042F0002DE9F74316461F460D468146BDF8284076
:10430000BDF82C209DF83030002853D00C2C51D90A
:10431000B2F57A7F4ED8A4F10A081FFA88F802FB9A
:1043200008F84FF47A72B8FBF2F8032B42D8DFE8B2
:1043300003F0021631233B4632460094FFF774FF28
:104340000123A219053ACDE90A237B19A2EB080241
:104350002946484603B0BDE8F04300F014BE3B4692
:1043600032460094FFF760FF0123721D0B9308EBA8
:1043700002030A937B19EBE73B4632460094FFF7B2
:1043800085FF0123691D37440B9332460A9708EBDA
:104390000103DEE73B4632460094FFF777FF012337
:1043A0002C44053C37440B93324623460A97A4EB32
:1043B0000801CEE703B0BDE8F0837FB59DF8246027
:1043C00060B1D0E90145012E98BF2C46BDF82050C0
:1043D000A4B2029601950094FFF78AFF04B070BD65
:1043E0001FB54FF0020C0124134400939DF81830C0
:1043F000CDE9014C0B4400F03DFF04B010BDF8B511
:104400000F4615461E46044630B902B110800EB163
:1044100000233370002014E006F05EFF022811D95B
:10442000044414F8033CBB420CD114F8023C2F2B7B
:1044300008D10DB10338288016B114F8013C33704F
:104440000120F8BD002DE2D02880E0E72DE9F04FF3
:1044500085B0914688460446BDF8382000286CD0C7
:10446000072B6AD9072A68D91EB20B2ED8BF03269C
:1044700003EB010A4FEA5303C8BFB610591EB142FD
:1044800015B2DCBF023B1EB20B2DD8BF03254FF087
:10449000010702EB090B4FEA5202C8BFAD10531ED1
:1044A000AB42D8BF023A06EB0803D8BF15B20AF1F7
:1044B000FF3A06EB08024146039300974B4600F093
:1044C000DCFBAAEB060605EB09034A4641462046FB
:1044D000009700F071FC4B4652463146204600974B
:1044E00000F0CBFB0BF1FF3B05EB09034A465146BD
:1044F0002046009700F060FCABEB05055B464146AB
:104500002046039A009700F0B8FB5B462A464146D6
:104510002046009700F050FC5B465246314620464C
:10452000009700F0AAFB5B462A46514620460E97AC
:1045300005B0BDE8F04F00F03FBC05B0BDE8F08F1E
:104540002DE9F0430E461746054685B050B149B1F6
:1045500004684FF00008204600F04BFB204600F0B6
:10456000F6FA10B905B0BDE8F083204600F01FFB55
:10457000E368CDF800800193236869465B68013BDE
:10458000029323690393206800F088FA3368304669
:104590009B6898471FB13B6838469B6898474FF027
:1045A000000995F8FC215FFA89F39A4208D820683F
:1045B00000F0ABFA00222046084900F00BFBCDE7E3
:1045C00005EB8303D3F8EC0128B1037BDB0702D5AD
:1045D000036803B1984709F10109E2E7C9690312C9
:1045E00010B504460846FBF7F5FEFBF7A7FF94F865
:1045F0004030B8B123F00C0343F00C0384F8403092
:10460000FBF7B4FF94F8403038B143F0200384F84E
:104610004030BDE81040FBF787BF60F3451384F8D6
:10462000403010BD23F02803EFE738B505460846B3
:10463000144619461060BDF81430BDF8102000F083
:10464000FEF92046BDF81820216800F066FAFBF755
:1046500013FE2C6038BD2DE9F04F89B08C469DF8D3
:104660004810039100286DD0002B6BD09968002969
:1046700068D01F68002F65DD5968002962DD446E2F
:10468000674400EB0419D9F82440013F6445B8BFE2
:1046900064460094D9F82C40A742A8BF2746009C46
:1046A000A7424FDBD0F818E0D9F828509645744659
:1046B000B8BF1446AC42B8BF2C4601EB0208D9F88B
:1046C000305008F1FF384545A8BF4546066AB54257
:1046D000A8BF3546A54235DB009EA6EB0C06029628
:1046E000009EBE1B41EA020717F00707019637D16B
:1046F000A24235D1454533D1A4EB0E0EC9104FEA85
:10470000EE0EC268009C07EB0E0502FB0545026831
:10471000029C15441A68019E02FB07449A682244D1
:104720006C1E3544039E013A7EB114F801CF12F895
:10473000018FA5424CEA080C84F800C0F5D101377E
:10474000B942DED109B0BDE8F08F14F801CF12F8FC
:10475000018FA5422CEA080C84F800C0F5D1EEE7E1
:1047600004F0070104F007060691291B0131C6F188
:104770000807B942A8BF39468B468169C768009EC1
:10478000611AC91007FB0161DDE901690768394455
:1047900001F1FF3C31440591A11A079119689F6806
:1047A000049100218E464F44079E06EB0108049EAB
:1047B0004FEAE80A06FB0AFA17F80AA008F0070809
:1047C0002AFA08FA1AF0010F09D0069E06EB010832
:1047D000012606FA08F84EEA08085FFA88FE013159
:1047E0008B45E1D1039E9CF8011066B14EEA0101B0
:1047F0000CF8011F059909F101096145CED15C440E
:10480000A542ADDA9EE721EA0E01F1E72DE9F04F6E
:104810008BB09DF854408E4617461E4605469DF8BF
:1048200050C00194002875D0002B73D0012C06D9FC
:10483000CDF850C00BB0BDE8F04FFFF70CBF9B6840
:10484000002B67D03068002864DD7168002961DDC5
:104850006A6E704405EB0212536A01387345B8BFA3
:1048600073469846D36A9842A8BF1846404551DB24
:10487000D5F81890936AB9454C46B8BF3C469C425F
:10488000B8BF1C4601EB070A136B0AF1FF3A534508
:10489000A8BF53462A6A9342A8BF1346A34239DBF6
:1048A000A8EB0E02029241EA070212F00702A0EB07
:1048B000080063D1A74261D153455FD1A4EB090938
:1048C0004FEAE10B4FEAE909EB6809EB020403FB4D
:1048D00004842B68029F1C443368019903FB027710
:1048E000B3683B445F1E034439BBBCF1000F14D0D6
:1048F00017F801EFBEF1000F05D094F800A04EEAC2
:104900000A0E84F800E0BB4204F10104F0D1013248
:104910009345D9D10BB0BDE8F08F17F801AFBAF1CC
:10492000000F05D094F800E02EEA0A0E84F800E0AB
:10493000BB4204F10104F0D1E9E7BCF1000F0ED055
:1049400017F801EF0134BEF1FF0F1EBF14F801ACE0
:104950004EEA0A0E04F801ECBB42F1D1D7E717F892
:1049600001AF0134BAF1FF0F1EBF14F801EC2EEABB
:104970000A0E04F801EC9F42F1D1C8E7421C0692EE
:1049800004F00702049204F007011A1B0132C1F17E
:1049900008018A42A8BF0A469246AA69E868A11A95
:1049A000C91000FB01812868069A01440A44059257
:1049B000029A521A0792E21B08924FF0000E079AD1
:1049C000B06802EB010932684844039272460990CC
:1049D000089800EB0E0903984FEAE90B00FB0BFB6C
:1049E000099809F0070910F80BB02BFA09FB1BF026
:1049F000010F09D0049800EB0E09012000FA09F913
:104A000042EA09095FFA89F20EF1010EF245DFD19F
:104A1000019840B94AB9059A01319142CDD1544427
:104A2000A342ADDA76E7FF2AF5D00878BCF1000F93
:104A300002D010430870EEE720EA0200FAE7B0B1B6
:104A4000A9B1002A13DD002B11DDC0E90012D91035
:104A500001610021C0E90232013A013BC0E90511C0
:104A6000C0E90723C0E90911C0E90B23416670477B
:104A700098B191B10B6843618B68C3614B6823F0B7
:104A800007038361CA68836842F007029A42A8BF9D
:104A900003F1FF330262A8BF03627047F0B588B329
:104AA00089B3436E022B2EDC03F1010C00EB0313E0
:104AB0000A685E6A9C6A9642B8BF16465E634A6898
:104AC000DD6A9442B8BF14469C638A6800EB0C1EF2
:104AD0009542A8BF1546CEF82C501A6BC9684FEA0C
:104AE0000C178A42A8BF0A46AE42CEF8302001DC3D
:104AF000944204DD01225A630022C319DA62C0F82D
:104B000064C00120F0BD0020FCE728B1436E002BFB
:104B1000C4BF03F1FF334366704738B50446A8B1FC
:104B2000A1B153071CBF073222F00702082A4FF039
:104B30000005B8BF082201604260C0E903558560E6
:104B400010222946143022F07BFF656238BD0246F0
:104B500030B550B3006838B391688368994224DA5D
:104B60000025D160546883680C449C42D4BF04F192
:104B7000FF3303F1FF3313615561456843F00703C9
:104B800021F00701013D1362D56191618068946055
:104B90008342A8BF00F1FF334FF00100A8BF1362AA
:104BA0005B1A0133DB10536230BD0020FCE710B507
:104BB000044670B1006860B104F11401FFF758FFBA
:104BC000C368626A0021BDE810405A43006822F0C1
:104BD00037BF10BD13B50C4648B141B1019203680F
:104BE0001B680093D0E90723D0E90501A04702B074
:104BF00010BD38B5044658B103684BB100251022EA
:104C0000C0E9035585602946143022F019FF65621A
:104C100038BD30B520B3446E00EB0414656A8D4294
:104C20001EDCE56A8D421BDBA56A954218DC246B0D
:104C3000944215DB8469A24212DB056AAA420FDCAA
:104C4000C568141BE41005FB0411012402F00702DF
:104C50009440012B0068E2B207D0022B01D03BB197
:104C600030BD435C5A404254FAE7435C1A43FAE7CA
:104C7000435C23EA04034354F2E770B59DF81060E7
:104C800080B39142DEBF15460A462946446E00EBCA
:104C90000414656AAA42B8BF2A46E56AA942A8BFB9
:104CA000294691421EDBA56A246BAB42B8BF2B4656
:104CB0009C42A8BF1C468569A54213DC036AA34237
:104CC00010DBC368651BED1003FB0525036801209D
:104CD00004F00704A040012E2B44C4B20CD0022ED5
:104CE00021D0A6B170BD13F8010B204303F8010CCD
:104CF00098188142F7DAF5E7D21AF9E713F8014B71
:104D0000044003F8014C9C18A142F7DAEAE7C043DB
:104D1000D21AF8E713F8010B604003F8010C981859
:104D20008142F7DADEE7D21AF9E72DE9F04F4FF0CA
:104D3000000807460D4693461C469146464685B0F8
:104D40009DF840A00F9BCDF800A004FB03B3039394
:104D50000E9B012B4B4622D1294638462A19FFF7D4
:104D60008CFFB44207D02946039BCDF800A0AA19B6
:104D70003846FFF782FF013608EB460808F10108C4
:104D8000A045A1BF04F1FF346300C3F101039844BF
:104D90000F9BA6429944D5DD05B0BDE8F08F2A46A9
:104DA0003846291BFFF769FFB442E4D02A46039B2B
:104DB000CDF800A0A91BDBE72DE9F0419DF81850C4
:104DC00000284BD09A42DEBF1E4613463246446E40
:104DD00000EB041EDEF82840A342B8BF2346DEF8ED
:104DE0003040A242A8BF2246934237DC84699442F5
:104DF00034DC066A9E4231DBDEF82470A342B8BF81
:104E00002346B242A8BF3246B942B8BF39468846A7
:104E10001C1BC168E4104C43DEF82C700168B845D7
:104E2000D4BF4444E419D610B6EBE30F4FEAE30CC9
:104E300001EB040803F007071DD102F00702531C21
:104E40004FF0FF329A404FF0FF33BB4023EA02039A
:104E5000012DDBB204D0022D0AD02DB1BDE8F081C6
:104E60000A5D13430B55F9E70A5D22EA0303F9E7EC
:104E70000A5D5340F6E74FF0FF0E012D0EFA07FED4
:104E80005FFA8EF71DD0022D24D0F5B1FF27C3683D
:104E90000CF101014344B1421FDBB445DEDA0121CC
:104EA00002F0070201329140C9B24A1E012DD2B26E
:104EB00024D0022D26D0002DD0D11A7849420A40A4
:104EC0001EE00B5D1F430F55E0E70B5D23EA0E0369
:104ED0000B55DBE70B5D5F40F5E7012D06D0022D9A
:104EE00008D02DB1C46801312344D4E71F70F9E71D
:104EF0001D70F7E71C78E4431C70F3E719780A4348
:104F00001A70ABE719784A40FAE72DE9F04F85B0FF
:104F10001F46DDF838809DF83C3088B37D1AA8EB39
:104F20000206002DB8BF6D428F42D4BF4FF0FF3A4A
:104F30004FF0010A002EB8BF76429045D4BF4FF023
:104F4000FF394FF00109AC1BC6F1000BCDE90001A0
:104F5000CDE90223FFF75DFEDDE902230199009808
:104F6000B94201D142450BD0BBEB440F4FEA440C90
:104F7000BCBF5144A41B6545E8DD2C444A44E5E729
:104F800005B0BDE8F08F2DE9F04F85B00C46154611
:104F90001F4680460E9E9DF83CA0002839D09942BD
:104FA000DCBF1C460F46B542D8BF3346426ED8BF61
:104FB0002E4600EB0212D8BF1D46536A9F42B8BF6F
:104FC0001F46D36A9C42A8BF1C46BC4221DB936AA1
:104FD0009E42B8BF1E46136B9D42A8BF1D46B542F8
:104FE00017DB83699E42B8BF1E46036A9D42A8BF75
:104FF0001D46B5420DDBE41B621C0192FF22F3103B
:10500000994606F00706B2404FEAE50B0292D945F1
:1050100002DD05B0BDE8F08F5B450CD14FF0FF32EB
:1050200005F0070101318A404FF0FF31B14021EA1C
:105030000201C9B203E0994518D19DF80810D8F8CB
:105040001820D8F80C00A9EBE20200FB0272D8F895
:105050000000BAF1010F104413D0BAF1020F35D09D
:10506000BAF1000F20D009F10109D0E7D94506D1E6
:10507000012105F00702013291400139D9E7FF21F2
:10508000DDE7FF2905D1019A039322F0D9FC039BA8
:10509000E9E7421E204412F801CF41EA0C0C82429B
:1050A00082F800C0F7D1DEE7FF2903D15146019A0B
:1050B0000393EAE7C943421E204412F801CF0CEAE9
:1050C000010C824282F800C0F7D1CCE7421E204496
:1050D00012F801CF81EA0C0C824282F800C0F7D1AD
:1050E000C1E72DE9F04F89B09A46894693460546B7
:1050F000129B9DF85060002800F0B9805145DEBF3A
:1051000052468A4691469B45DEBF1A465B46934609
:10511000A9EB0A020132ABEB03014F1C02EBD27880
:1051200013994FEA68088845A8BF884607EBD771EE
:1051300049108845A8BF884628EAE8740AEB0401AC
:10514000059119190391A9EB04010691ABEB040138
:105150000491B2EB440F4FEA440107910FDDA9EB34
:1051600004020AEB04010096FFF787FD5B46284620
:105170000096A9EB04020AEB0401FFF77EFD630031
:10518000BB420CDADDE90323514628460096FFF7BF
:1051900013FEDDE9032349460096FFF70DFEB8F143
:1051A000000F64DD4FF000086300C3F10307059BA7
:1051B0002846A3EB0809039B4946A3EB040A524681
:1051C0003346FFF726FDA04508D0039A05993346DC
:1051D0002846A2EB0802091BFFF71BFD069B52465F
:1051E00003EB080B594633462846FFF712FDA0454E
:1051F00008D0039A069933462846A2EB08022144B8
:10520000FFF707FD049B594603EB040A5246334659
:105210002846FFF7FEFCA04507D0049A06993346BE
:10522000284642442144FFF7F4FC3346524649469F
:105230002846FFF7EEFCA04507D0049A05993346AF
:1052400028464244091BFFF7E4FC002FA9BFA8EB46
:10525000040307EB880707EB830304F1FF3408F12D
:105260000108B4BF063703F10A0744459FDA09B0C5
:10527000BDE8F08F2DE9F04F87B00D46174619466F
:10528000DDE9108306469DF84890002800F08480F0
:105290008D42DEBF0A46294615464745D8BF4246DD
:1052A000A5EB0104D8BFB84604F10104D8BF1746E6
:1052B00004EBD47464109C42A8BF1C46A7EB0803FF
:1052C000013303EBD3735B109C42A8BF1C4624EA56
:1052D000E47AA7EB0A0308EB0A0B9B45049307DC6F
:1052E000CDE900395A462B460591FFF74CFE05994A
:1052F000002C45DD01EB0A04A5EB0A050BF1FF3399
:105300004246214630460093CDF804902B46FFF7E5
:105310003AFECDE900794FF0FF374FF00108049ACB
:105320002B46214630460132FFF72DFE53465A46A2
:1053300021463046CDE90077CDF80890FFF7F5FC1F
:1053400053465A4629463046CDE90179CDF80080CA
:10535000FFF7EBFC534629463046049ACDE9018914
:10536000CDF80080FFF7E1FC534621463046049A11
:10537000CDE91189109707B0BDE8F04FFFF7D5BC14
:10538000B84509D143462A463046CDF8409007B08B
:10539000BDE8F04FFFF771BC07B0BDE8F08F2DE915
:1053A000FF470E46DDE90C9A1746984605469DF8DC
:1053B000384020B1012C0BD0022C09D014B104B01C
:1053C000BDE8F0870E9404B0BDE8F047FFF752BF88
:1053D0004FF0000CCDF80090CDE901ACFFF74AFF8B
:1053E00043463A4631462846CDE90DA4CDF83090E3
:1053F00004B0BDE8F047FFF774BEF0B578B171B105
:10540000082928BF08214FF0AA0C0025036A8269E9
:105410004CFA01FC9C1A0134E410A54200DBF0BDFB
:105420000026C368026803FB05223346C768B742FB
:1054300001DC0135F1E717784CFA03FE013307EA86
:105440000E07DBB2994208BF002302F8017B013648
:10545000ECE710B50A888456835C002C04DB184600
:10546000013292B20A8010BD03F0E004C02C09D1D1
:10547000104440789B0100F03F0003F4F8631843A8
:105480000232EEE703F0F004E02C0DD110448478F2
:1054900040781B0304F03F049BB28001234300F4D7
:1054A0007C6018430332DCE703F0F804F02C13D1DE
:1054B0001044C4789B0404F03F0403F4E013234336
:1054C00044788078240304F47C348001234300F47E
:1054D0007C6018430432C4E701323F2092B2C1E736
:1054E000F0B528B183681BB10025C668AE4202D171
:1054F0004FF0FF3015E09A7B012A06D19A688AB9ED
:105500009A897AB101351033F0E75AB91A688A429C
:10551000F8D8988810448842F4D9D8880844801A6A
:1055200000B2F0BD00249A89013A9442EADC9F68F7
:10553000A018401037F810708F4202D1DB88184451
:10554000EEE734BF441C00F1FF32EEE72DE9F743EC
:105550000E460546002760B369B36FF001083C466C
:105560004FF00C09ADF80670BDF80630F35C1BB9BE
:10557000204603B0BDE8F0830DF106013046FFF789
:1055800068FF8742014602D118F1020F03D1284675
:10559000FFF7A6FF8046B8F1000FA9BF6B682B7C10
:1055A00009FB08331B790F46ACBFE41804EB530426
:1055B000DAE70446DCE70C46DAE72DE9F04F89B07C
:1055C0001C469DF84C300E469146CDE9020300285A
:1055D0006DD0002C6DD0129B002B6CD06068B0B1E8
:1055E00020684FF0000A90B1E06880B18B460D460C
:1055F0006FF00107ADF812A0BDF81230129AD25C1C
:1056000042B95D45ACBFC6EB0500C6EB0B0009B067
:10561000BDE8F08F0A2A0BD1AB45B8BFAB46D046E8
:105620003546227C01339144ADF81230C246E3E79F
:1056300012980DF11201FFF70CFF8245804601D14F
:10564000BA1C04D141462046FFF74AFF0746002F07
:1056500003DA237C05EB5305E8E70C237B43626800
:1056600012EB030AE2D0D258531CDFD09AF807009D
:10567000C8B19AF80810B1B123689B18D6D0079327
:105680000023CDE9050194F911209AF906009AF951
:1056900005100193039B4A440093024405AB029812
:1056A0002944FFF7B3F89AF804301D44BEE7029886
:1056B000ADE72046ABE71298A9E72DE9F04F89B096
:1056C0001D469DF84C30894603938046149B0292F8
:1056D000002866D0002D64D0129A002A61D0002BD9
:1056E0005FDB6868A0B1286890B1E868002778B1EE
:1056F0000C466FF00106ADF8127003EB010ABDF81D
:105700001230129AD35C0BB10A2B04D1A4EB09001E
:1057100009B0BDE8F08F12980DF11201FFF799FE64
:105720008742834601D1B21C04D159462846FFF76F
:10573000D7FE0646002E07DA2B7C04EB53035345B5
:10574000E4DC5F461C46DAE70C2373436A68D7182B
:1057500001D12346F5E7D258531CFAD03B792344B4
:105760005345D3DCF879C8B1397AB9B12B689B18A5
:10577000EFD095F911200793029BCDE905011A445A
:10578000002397F9060097F905100193039B024443
:105790000093404605AB2144FFF738F83B7923449A
:1057A000CFE70020B4E721B10B7823B120B1007C12
:1057B0007047084670471846704737B504468DF85D
:1057C0000710806E002101F051FAE06E002101F017
:1057D0004DFA012300220DF10701201D02F0F4FB18
:1057E00005460121E06E01F041FA284603B030BDC4
:1057F0002DE9F3470D46DDE90AA7DDE90C891E46D0
:105800000446002800F0D580002900F0D280BAF1CB
:10581000000F00F0CE802160A0F870200021A4F8D5
:105820007230C0E91978C0F86C90384601F09AFAE5
:105830004046002101F096FA04F104080021484690
:1058400001F090FA29464B465246404602F069FB69
:105850000546002840F0AF8040F60403ADF8003064
:10586000564B69464046019302F07EFB40F602012A
:105870004046F1F757FA18B102214046F1F752FAC3
:105880000121384601F0F2F96420F3F704FE00210B
:10589000384601F0EBF96420F3F7FDFD01213846AD
:1058A00001F0E4F96420F3F7F6FDAE212046FFF79E
:1058B00084FFDC212046FFF780FF00212046FFF710
:1058C0007CFF81212046FFF778FF7F212046FFF7EC
:1058D00074FF20212046FFF770FF02212046FFF7CA
:1058E0006CFFA0212046FFF768FFC0212046FFF78C
:1058F00064FFA8212046FFF760FF711EC9B2204651
:10590000FFF75BFFD3212046FFF757FF002120461A
:10591000FFF753FFD5212046FFF74FFFF021204628
:10592000FFF74BFFD9212046FFF747FF22212046F2
:10593000FFF743FFDB212046FFF73FFF35212046DD
:10594000FFF73BFFB0212046FFF737FFDA21204663
:10595000FFF733FF202E94BF022112212046FFF7CC
:105960002CFFAD212046FFF728FF30212046FFF70E
:1059700024FF8D212046FFF720FF14212046FFF74A
:105980001CFF00212046FFF718FF10212046FFF7DB
:1059900014FFA4212046FFF710FFA6212046FFF7A1
:1059A0000CFFAF212046FFF708FF284602B0BDE8F4
:1059B000F0870125F9E74FF0FF35F6E7809698006C
:1059C0002DE9F04F8846044685B000283FD00026D8
:1059D0004FF0100BB2460021C06E01F047F9B4F849
:1059E000725004F104090735C5F3C705F3B29D42AF
:1059F00006D80121E06E05B0BDE8F04F01F036B9E0
:105A0000B4F870700021A06E17FB06F7019301F047
:105A10002DF9019B002263F04F038DF80C3003A990
:105A200003234846BFB28DF80DA08DF80EB002F0EA
:105A3000CBFA0121A06E01F019F900224846B4F812
:105A4000703008EB070102F0BFFA0136CEE705B06F
:105A5000BDE8F08F20B1008800EB8000400080B2EC
:105A6000704740B10029038806DD632B98BF0133DE
:105A70009BB2038001207047002B18BF013BF7E762
:105A8000032313B504460193074B6422009307498F
:105A90003C230748FEF79EFB064B93E8030084E88F
:105AA0000300204602B010BDDC92002022860512C1
:105AB00038D00020E0010612032313B504460193F9
:105AC000074B6422009307493C230748FEF758FB25
:105AD000064B93E8030084E80300204602B010BDA3
:105AE000DC9200204686051238D00020E001061224
:105AF00013B50446074B6422009307493223074835
:105B0000FEF7D4FA064B93E8030084E8030020462E
:105B100002B010BD849300205986051238D00020B1
:105B2000E001061213B50446074B642200930749AF
:105B300032230748FEF79AFA064B93E8030084E8FD
:105B40000300204602B010BD849300208186051218
:105B500038D00020E001061213B50446009232232B
:105B6000642206490648FEF75BFA064B93E80300F9
:105B700084E80300204602B010BD00BF93860512E2
:105B800038D00020E001061213B5044600923223FB
:105B9000642206490648FEF71DFA064B93E8030007
:105BA00084E80300204602B010BD00BFAF86051296
:105BB00038D00020E0010612012313B504460093FB
:105BC0006422322305490648FEF7E4F9054B93E8C1
:105BD000030084E80300204602B010BDC986051208
:105BE00038D00020E0010612012313B504460093CB
:105BF0006422322305490648FEF7ACF9054B93E8C9
:105C0000030084E80300204602B010BDED860512B3
:105C100038D00020E0010612042313B50446019396
:105C2000074B64220093074932230748FEF77EFAA8
:105C3000064B93E8030084E80300204602B010BD41
:105C4000249300200D87051238D00020E0010612B1
:105C5000042313B50446009332226421054B064801
:105C6000FEF744FA054B93E8030084E8030020465E
:105C700002B010BD2493002038D00020E0010612AD
:105C800010B5044621B1CB89042B06D0052B11D0C9
:105C9000002323706360204610BD0949094B0A4860
:105CA0000B600B7B23F0030343F003030B73F9F743
:105CB00042FEEDE702490448F9F730FEE8E700BF8D
:105CC00024D00020CD5C04128CB700204FF4B472B5
:105CD00030B5134C8DB0238805460133B3FBF2F188
:105CE00002FB113305A82380FAF7B4F814230693B6
:105CF0009623228805A802210B93FAF7C8F880237F
:105D000001216868CDE901310093064950230068FC
:105D100005AAFAF7E8F92388013323800DB030BDD6
:105D200020D000204001061238B506490446154629
:105D30000623054A0548FEF7F1F801236560237044
:105D4000204638BD30870512B490002004D00020D2
:105D500038B50649044615460623054A0548FEF7A8
:105D6000C1F8012365602370204638BD38870512CD
:105D700024900020E8CF002010B50C46114640B119
:105D80000388044A204603F057FD204605F0A4FA94
:105D9000C0B210BDB66105121123024A0249034880
:105DA000FEF78AB83E8705124491002060D000209B
:105DB00010B5044620B95B2207490848F2F7A4FB56
:105DC0000023C4E92333236D9B681BB12046BDE843
:105DD00010401847184610BDE8010612A7600512CA
:105DE00073B5044620B9222218491948F2F78CFBF2
:105DF000D4F88C00694601AA043002F0D1FC0546B3
:105E000060B121F099FD0022D4F88C306FF00305C9
:105E10001A6021F0EDFD284602B070BD236D5E6A68
:105E20004EB9D4F88C004FF0FF33694601AA043014
:105E300002F0F8FBEFE70246019B20460099B047CD
:105E4000019B9842EDD06FF00605E4E73A02061296
:105E5000CF88051270B516461D46044628B94FF482
:105E60008D7215491548F2F74FFB238B9B070ED512
:105E7000D4F88C0058B14FF0FF332A463146043035
:105E800002F034FB30B16FF00200F1F761FE002543
:105E9000284670BD21F050FDD4F88C301A68012AD4
:105EA00007D001221A6021F0A3FD2046FFF798FFDA
:105EB000EEE721F09DFDEBE729020612A76005122F
:105EC0002DE9F0410D4616461F46044628B94FF409
:105ED00086720A490A48F2F717FB238BDB070AD5BB
:105EE000D4F8900038B13B4632462946BDE8F0412F
:105EF0004068F0F7A5BF0020BDE8F0811902061246
:105F0000A760051213B5044620B9DA2223492448B4
:105F1000F2F7FAFA238B9A0711D50021236D5B69FA
:105F200020469847D4F88C00694601AA043002F054
:105F300037FC20B3238B23F002039BB22383DB07C0
:105F40001AD5236D01215B6920469847D4F890301B
:105F500073B15868F0F742FFD4F89030586800F0F9
:105F60009CFAD4F89000F2F7F1FC0023C4F89030CA
:105F7000238B23F001032383002002B010BDD4F84B
:105F80008C004FF0FF33694601AA043002F04AFB4F
:105F9000236A002BC6D00099C2E700BF0802061290
:105FA000A76005122DE9F0410D46044688B020B9DE
:105FB0006D225C495C48F2F7A7FA2022002168466E
:105FC00021F03EFD15F001066F4603D0E38AD907A4
:105FD00040F1A58015F0020303D0E28A920740F158
:105FE0009E80EDB22583C3B1D4F88C80B8F1000F48
:105FF0000FD12820F2F7A0FB054600286FD04346BA
:1060000001220221043002F04BFAC5F80080C4F8E6
:106010008C50238B43F00203238326B900252846A6
:1060200008B0BDE8F081D4F8900000285AD10820CB
:10603000F2F782FB0646002851D0D4F89400F1F71D
:106040003AFE05463948F1F736FE05441F2D04D9BE
:10605000A32234493648F2F757FAD4F89450284628
:10606000F1F729FE294602463846F1F78FFDD4F8AC
:106070009400F1F720FE05462C48F1F71CFE2B4951
:1060800002467819F1F782FD2A49D4F89400F1F715
:106090001AFE58B14FF420720521384600F0DEF99F
:1060A000054668B13046F2F751FCB8E72249D4F80A
:1060B0009400F1F708FE0028ECD14FF4A072EBE752
:1060C00030603846C4F89060F0F7B8FD7060D4F8DE
:1060D0009000456835B9F2F739FCC4F890506FF07C
:1060E00004059CE701214068F0F71CFE054688B1D5
:1060F000C8220C491148F2F707FAD4F890305868D2
:1061000000F0CBF9D4F89000F2F720FC0023C4F89B
:10611000903084E7238B43F0010323837EE76FF005
:1061200007057CE7F8010612A7600512E088051252
:10613000E98805122389051227890512636C051267
:1061400013B5D0F88C3004463BB1D4F88C006946C6
:1061500001AA043002F024FB08B102B010BDD4F84B
:106160008C004FF0FF33694601AA043002F05AFA5E
:10617000236A002BE9D0204600999847E5E7000004
:1061800070B50C461646054628B94FF4A17226494B
:106190002648F2F7B9F9A4F111022B6D062A3CD872
:1061A000DFE802F0040C0E171B262D001C68ECB172
:1061B000314628462346BDE8704018475C68F6E73C
:1061C000DC6814B12846A04704462846FFF7B8FF0C
:1061D0000CE01C6954B13168EBE75C6936681CB1AE
:1061E00031462846A0470446002EEED0204670BD1A
:1061F0001C69002CFAD028469B693168DBE71C69D2
:10620000366824B131462846DB6998470446002E9B
:10621000ECD12846FFF7E4FDE8E732462146284660
:10622000BDE870401B6A184753020612A7600512AA
:10623000F8B50E4615461F46044628B94FF4E372DA
:1062400010491148F2F760F9062323750023C4E9C9
:1062500007330E4B45F0040263620D4BC4F89460A3
:10626000A3620C4BE764E3620B4B314623630B4B99
:10627000204663630A4B92B2A363BDE8F840F0F78F
:106280000FBD00BF66020612CF880512B15D041271
:10629000A55F0412055F0412C15E0412555E04126C
:1062A0008161041270B504460D462046FFF798FD43
:1062B0000028FAD0236A23B129462046BDE8704061
:1062C000184770BD70B50446D0F8900013461546C7
:1062D00040680A460021F0F7EBFDE36923B1294647
:1062E0002046BDE87040184770BD00002DE9F84316
:1062F00017461E46054620B98D2217491748F2F762
:1063000003F9B6F5803F04D38E2213491448F2F7FF
:10631000FBF821F011FB5035B5F910908046284666
:1063200002F092FAA9EB0009B14509D20D4B1C7895
:106330000134E4B2012C1C7002D10B48F2F71CF8B6
:106340003946B2B2284602F099FA0446404621F096
:106350004FFB2046BDE8F883850206122B89051203
:106360003B8905127CD0002051890512F8B51746EB
:106370001D46044620B931220D490E48F2F7C4F8F3
:10638000B5F5803F04D3322209490B48F2F7BCF837
:1063900021F0D2FA39460646AAB204F1500002F0C2
:1063A000AFFA0446304621F023FB2046F8BD00BF7B
:1063B000780206122B8905123B890512142938B57B
:1063C000144607D132B1B0F96050503002F03CFAB7
:1063D0002D1A2560002038BDF8B5069F0E461D46D3
:1063E000044620B9FB2215491548F2F78DF825B966
:1063F000FC2212491348F2F787F8B7F5803F04D31F
:10640000FD220E491048F2F77FF829463AB204F10E
:10641000500002F0F9F90F2323750023C4E9093372
:10642000E3620A4B31462363094B20466363094B01
:106430000322A363BDE8F840F0F732BC93020612D2
:10644000E4880512648905123B8905126D63041204
:10645000ED620412BD630412F0F7C8BBF7B506463F
:106460000F4601206C21D41CF2F762FA24F00304D9
:10647000054638B12046F2F75FF9034630B92846A1
:10648000F2F764FA6FF0040003B0F0BD3A4631460B
:1064900028460094FFF7A0FFF6E710B5044648B180
:1064A000FFF7DAFF606DF2F751FA2046BDE81040C1
:1064B000F2F74CBA10BD08B5036D02461B6923B153
:1064C0001F2158329847002008BD6FF00500FBE7F8
:1064D00010B5036D04461B684BB10021984700209E
:1064E000E38A23F01003E3820023E36110BD6FF021
:1064F0000500F5E7022938B50546144604DC0029F5
:1065000013DC6FF0050026E0A1F11F03032BF8D880
:10651000203902290BD8DFE801F0021F25002B6D7E
:106520009B68002BEDD028469847002013E00CB361
:106530006A6D236811688B421FD8526893421CD33E
:106540002B6D1B69002BDCD022461F212846984763
:1065500008B92368AB6538BD64B16B6D0FCB84E8B7
:106560000F00E2E734B123785A1E012A05D885F8D6
:106570007430DAE76FF00300EDE74FF0FF30EAE741
:1065800010B5426DD2E900130C4A914203DD01328D
:106590009342B8BF1346002401218365036D80F840
:1065A00074104466C465C46604671B6813B19847D9
:1065B000204610BD6FF00500FBE700BF3F420F0013
:1065C000F7B51F46036D0546DC681646BCB3A04709
:1065D00095ED167A07EE900A6B6DF8EEC76A1B7B95
:1065E000D5ED185A022B02BFF8EE677AD6EEA57ADF
:1065F000FCEEE77AF8EE677A95ED176A87EEA67AF1
:10660000B8EEC66AF0EE477AE6EE257ABDEEE77A96
:106610008DED007AB8EEC77A77EEC77A9FED097AEA
:1066200067EE877A082F3C4628BF0824FDEEE77AFC
:10663000224669463046CDED017AF1F7A7FA2046A9
:1066400003B0F0BD0024744970B51646026D0546CE
:10665000516800295CD09268002A5BD0082B4FF06B
:10666000000459D19047EC6596ED017A9FED2B6AB5
:10667000B8EEC77AD5ED167AC7EE066A96ED007ABF
:10668000F8EEE77AB8EEC77AB7EE006A76EE876A78
:1066900086EE277AF4EEC76AF1EE10FA12D46B6D2B
:1066A000012493ED027AB8EE477A87EE276A07EE67
:1066B000104AF8EEC75A86EEA57AB4EEC76AF1EE34
:1066C00010FA1DDB67EE877A012C85ED187AFCEE57
:1066D000E77AC5E9194405F16C0113DC95F87420DB
:1066E000012A0FD10023EB664B602B6D17EE901A39
:1066F00028465B689847B0FA80F04009C00070BD3A
:106700000134D4E733680222EB6673684B60ECE730
:106710000846F4E71046F2E72046F0E70024744903
:1067200010B5044628B94FF4A67211491148F1F783
:10673000EBFEE36D0133E365636EA3B9A36E63669D
:1067400094F87430012B07D1236D9B680BB1204660
:1067500098470023E3662367E36943B12046BDE819
:10676000104008211847013B6366002BE6D010BD9E
:10677000C10206127B5D051270B50D461646044631
:1067800028B940F2791216491648F1F7BDFE236D7B
:106790002BB94FF4BD7212491348F1F7B5FE636D82
:1067A0002BB940F27B120E491048F1F7ADFE1123D0
:1067B00023750023C4E907330D4BE66463620D4B78
:1067C0002946A3620C4B2046E3620C4B0B22236349
:1067D0000B4B63630B4BA363BDE87040F0F760BAEB
:1067E000A60206127B5D0512688905127E890512D4
:1067F00081650412B7640412D1640412C1650412E5
:1068000049660412F56404120020704770B504460E
:106810000D461646084900225830F0F705FEE36F92
:1068200013B94FF47A73E367324629462046BDE830
:10683000704000F093B900BF9589051270B50C4601
:10684000054620B9302222492248F1F75DFE14F4B2
:10685000007302D0EA8A920537D514F4006002D0A2
:10686000EA8A160531D514F4807202D0E98AC90586
:106870002BD514F4806102D0EE8A760525D5E4B2DA
:106880008BB14FF4007244F4007423462C8388B11A
:1068900044F400642C8342F400622B6D10212846DE
:1068A0009B6898470FE0002AEFD04FF4807244F4C1
:1068B0008074EAE729B143F480632B8342F4806259
:1068C000EBE7002AE9D1002070BD6FF00700FBE77D
:1068D00006030612A760051210B5044620B97322FC
:1068E00018491948F1F710FEA37E012B28D8238BF5
:1068F00013F480721FBF4FF4807223F480739BB235
:106900002383590541BF23F480639BB2238342F460
:106910008062980541BF23F400739BB2238342F445
:10692000007219050AD523F40063238342F4006240
:10693000236D112120469B68984701E0002AF7D17A
:10694000002010BDF9020612A760051270B50D46B1
:106950001646044620B9A62213491448F1F7D4FD7F
:10696000022D0BD0032D13D0012D0DD0236D3246F7
:1069700029462046BDE870409B681847E38A43F0EB
:106980002003E382002070BDE38A23F02003F8E7B0
:10699000002EF7D0A37E002BF4D0236D2046BDE857
:1069A00070400021DB681847EA020612A760051252
:1069B0002DE9F041036D05461C680E46174684B16B
:1069C00000F158084FF0FF314046F0F74DFD2B6DB8
:1069D0003A46314628461B68984704464046F0F739
:1069E00019FE2046BDE8F0811FB5069C02F00402A6
:1069F000ADF80010ADF8062069460122ADF8084058
:106A00000393FFF7D5FF0028C8BF204604B010BD90
:106A10002DE9FF41DDF828800F4614461E46054645
:106A200028B94FF496720D490D48F1F76DFD04F049
:106A3000040401226946284644F00104ADF80070C0
:106A4000ADF80640ADF808800396FFF7B1FF0028C7
:106A5000C8BF404604B0BDE8F08100BFD7020612AF
:106A6000E65E051270B5C66C0C46154626B9502276
:106A700005490648F1F748FD2A4621463046BDE85B
:106A80007040FFF763BF00BF64030612E65E0512A5
:106A9000F7B5C76C0C4615461E4627B93E22094974
:106AA0000948F1F731FD25B93F2206490748F1F7BA
:106AB0002BFD2B4638460096220CA1B2FFF794FF1F
:106AC00003B0F0BD4F030612E65E0512A28905125F
:106AD000F7B5C76C0C4615461E4627B92A22094948
:106AE0000948F1F711FD25B92B2206490748F1F7AE
:106AF0000BFD2B4638460096220CA1B2FFF788FF0B
:106B000003B0F0BD3B030612E65E0512A289051232
:106B100010B5C46C24B91B2204490548F1F7F4FCF4
:106B20002046BDE81040FFF7D7BE00BF260306127F
:106B3000E65E051238B5C56C0C4625B9122205492A
:106B40000548F1F7E1FC21462846BDE83840FFF74B
:106B500075BE00BF12030612E65E0512F8B50D46BB
:106B60001646044620B98D220C490D48F1F7CCFC9D
:106B70000823002723750B4B2946A3620A4B2046A6
:106B8000E3620A4BE4642363094B67626363094B66
:106B9000B2B2A363F0F784F83846F8BD7B0306125F
:106BA000E65E0512356B0412116B0412D16A0412F1
:106BB000916A0412656A041270B5094D0446D5F84D
:106BC000D0302BB94FF4957206490748F1F79CFC79
:106BD000D5F8D0302146BDE870409B680048184782
:106BE00080D0002099030612B489051270B51546AD
:106BF0001C46064620B9222208490948F1F784FCC0
:106C000055B1042C08D1D6F8D03030469B6829887D
:106C100098476880204670BD0024FBE7F103061208
:106C2000CB8905124FF6FE73994270B504460D46A6
:106C3000164604DD6E220B490B48F1F765FC002374
:106C400004F1500232F823108D4203D00133202B7F
:106C5000F8D170BD143304EB8304E37866F3470383
:106C6000E370F6E7FB030612DA89051270B50D4EE4
:106C70000446D6F8D0300D462BB94FF491720A492C
:106C80000A48F1F741FC2A4621460648FFF7CAFFA9
:106C9000D6F8D0302A462146BDE870405B680148EE
:106CA000184700BF80D00020A5030612B489051242
:106CB00070B514461D46064620B931220B490C48D2
:106CC000F1F722FC7CB1042D0DD130466288218879
:106CD000FFF7A8FFD6F8D03030465B68628821887D
:106CE0009847284670BD0025FBE700BF0C0406123C
:106CF000CB8905124FF6FE73994270B504460D46D6
:106D0000164604DD402214491448F1F7FDFBFE2E1F
:106D100004DD412210491248F1F7F6FB00234FF63B
:106D2000FF7004F1500131F82320954205D08242D2
:106D300003D00133202BF6D170BD04EB8302143352
:106D4000A2F8505082F8526004EB8304E37823F0F9
:106D50000103E370F0E700BF17040612DA89051299
:106D6000EC89051270B50D4E0446D6F8D0300D46AC
:106D70002BB94FF48D720A490A48F1F7C5FB2A4630
:106D800021460648FFF7B6FFD6F8D0302A462146FE
:106D9000BDE870401B680148184700BF80D0002044
:106DA000B2030612B489051270B50E4615460446A4
:106DB00020B9A02212491348F1F7A6FB022E08D1F0
:106DC000D4F8D0309B6913B10021204698470020A9
:106DD00070BD012E03D1D4F8D030DB69F3E765B183
:106DE0002046AA782988FFF785FFD4F8D0302046BE
:106DF0001B68AA7829889847E9E74FF0FF30E7E752
:106E000024040612CB89051238B512240F4B104DFD
:106E10001C750024DA644FF6FF721D630D4DC3E943
:106E200007445D630C4DC3E90944DC629D63C3F80C
:106E3000D010503323F824200134202CFAD10146FD
:106E400003220248EFF72CFF002038BD80D000203D
:106E5000ED6B0412B16C0412A96D04122DE9F3411B
:106E6000DFF844801F46D8F8D03004460D46164659
:106E700023B9FB220A490B48F1F746FBD8F8D0307A
:106E8000D3F80C80B8F1000F08D033462A462146CB
:106E900005480097C04702B0BDE8F0810620FAE738
:106EA000DF030612B489051280D0002070B51A4E97
:106EB0000446D6F8D0300D462BB94FF487721749E7
:106EC0001748F1F721FBD6F8D0305B6913B34FF6C2
:106ED000FE739C4204DD592212491348F1F714FB5A
:106EE0000023124A32F823108C420BD00133202B9E
:106EF000F8D1D6F8D0302A462146BDE870405B690B
:106F000005481847143306EB8303DA7865F300026B
:106F1000DA70EEE7062070BD80D00020CD030612A7
:106F2000B4890512BE030612DA890512D0D00020FA
:106F300037B50D46044620B9852206490648F1F7C3
:106F4000E3FA236D294620465B6801AA9847019819
:106F500003B030BDB70406123E78051238B50D46B1
:106F6000044620B9902208490848F1F7CDFA236D6C
:106F70001B6833B1012229462046984700B9656550
:106F800038BD6FF00500FBE7A90406123E78051234
:106F900038B50D46044620B9A62209490948F1F73B
:106FA000B3FA236D1B683BB100222946204698475F
:106FB00008B9FF23636538BD6FF00500FBE700BF2C
:106FC0009A0406123E78051201282DE9F041054683
:106FD0000C467EDDD1F804804549404603F0CAFFE7
:106FE000A8B9032D0FD1A068EFF728FE414B424A04
:106FF0001860424BA168002818BF1A464048F1F7B4
:10700000BBF900200BE03F48F1F7B6F9F9E7394E3C
:10701000376837B93C48F1F7AFF94FF0FF30BDE8BA
:10702000F0814046394903F0A5FFC0B9032D5CD17A
:10703000A06801F061FD01463846FFF78FFF2F4D34
:107040002D4B3668002818BF1D46A06801F054FD7E
:107050002B46314602462E48F1F78EF9D1E74046DD
:107060002C4903F087FFA0B9032D10D1A06801F0CF
:1070700043FD01463846FFF75BFF0546A0683668CA
:1070800001F03AFD2B46024631462348E4E7234807
:10709000BAE74046224903F06DFFC0B9032D14D171
:1070A000A06801F029FD01463846FFF771FF134D36
:1070B000114B3668002818BF1D46A06801F01CFD62
:1070C0002B46024631461748C6E717489CE7174843
:1070D0009AE71748F1F750F90A48F1F74DF90F48C8
:1070E000F1F74AF91048F1F747F912488CE700BF69
:1070F000008A051254D10020F8890512C1640512D6
:10710000068A0512148A0512408A05126B8A051236
:10711000728A0512AF730512BA8A0512E08A051247
:10712000188B0512208B05123B8B0512698B0512FB
:10713000978B05128D8A0512036D1B6803B11847E2
:1071400018467047F0B505460F468BB0164600212D
:1071500022220DF106001C4620F072FC2B6DADF8CA
:1071600004701B6813B920460BB0F0BD832128467C
:1071700001AA984710B9039B3360F4E70020F3E7B6
:10718000F0B505460F468BB01646002122220DF1C0
:1071900006001C4620F054FC2B6DADF804701B68F3
:1071A00013B920460BB0F0BD8321284601AA9847A9
:1071B00008B10020F6E73368822103932B6D28463F
:1071C0001B6801AA98470028EBD0F2E7F8B50446FF
:1071D0000D461746002154221E4620F031FC084B74
:1071E000C4E913672363074B29466363064B2046B4
:1071F000A363122323750322BDE8F840EFF750BDC7
:107200004571041281710412397104122DE9F041A3
:1072100005468CB0002090460C46F8F715FACDE9EB
:107220000001F1F73DFF6846F8F748F9034603AE61
:1072300000F12002374618685968083303C79342A3
:107240003E46F7D11868A5F26C753860F1F736FF45
:10725000013C03A8CDE90684089503F07DF9CDE94A
:1072600000010748EFF7EAFC30B16A461121EFF759
:1072700057FE0CB0BDE8F0814FF0FF30F9E700BFDA
:107280000A6105122DE9F04180468CB000201646B7
:107290000F46F8F7D9F9CDE90001F1F701FF68468B
:1072A000F8F70CF9034603AC00F1200225461868F4
:1072B0005968083303C593422C46F7D118682860F3
:1072C000F1F7FCFE03A8CDE90478039603F044F936
:1072D000CDE900010648EFF7B1FC30B16A46112153
:1072E000EFF71EFE0CB0BDE8F0814FF0FF30F9E77C
:1072F0000A61051207B50020F8F7A6F9CDE90001EB
:10730000684603F017F801460248F1F735F803B074
:107310005DF804FB2982051201282DE9F7430C468C
:107320000ED10020F8F790F9CDE90001684603F08E
:1073300001F801462C48F1F71FF803B0BDE8F083CF
:1073400006284CD9486801F0D7FB0746A06801F031
:10735000D3FB5FFA80F8E06801F0CEFB814620693C
:1073600001F0CAFB0546606901F0C6FB0646A0694C
:1073700001F0C2FBA7F2B2739BB2812B05D91B4867
:1073800003B0BDE8F043F0F7F7BF08F1FF330B2B74
:1073900001D91748F4E709F1FF33DBB21E2B01D9FD
:1073A0001448EDE7EDB2172D01D91348E8E7F6B21E
:1073B0003B2E01D91148E3E7C4B23B2C01D9104858
:1073C000DEE741465FFA89F2B8B2FFF71FFF2246B7
:1073D0003146284603B0BDE8F043FFF753BF0948E4
:1073E000F0F7CAFF0848CBE7C6780512A08B051254
:1073F000C28B0512E08B0512FC8B0512198C05124D
:10740000388C0512578C0512918C051238B5C56D54
:1074100004462DB940F261120B490C48F1F774F89B
:10742000AA88EB889A4205D1A86810B1A06DC0F374
:107430008F2038BD9DBFA06D9B1AC0F38F20D01A3E
:1074400098BFC01AF5E700BF65060612B88C051292
:1074500010B5044628B940F2312209490948F1F72C
:1074600053F80023C4E91733236D1B682BB1204662
:1074700004F15401BDE810401847184610BD00BF84
:10748000CE050612A760051270B5066A05460C46C1
:1074900026B9B42210491148F1F736F86B69DA07BA
:1074A00017D42CB123681BB1214606F14000984740
:1074B000F46D20F041FAE288A3889A4207D1A468CB
:1074C000631E5C425C4120F093FA204670BD0124AB
:1074D000F9E70024F9E700BFA5060612CC5E051205
:1074E00070B50E461546044628B940F2AF3223491E
:1074F0002348F1F709F8022E27D00CDC214B9E42DD
:107500002DD0012E27D0236D2A4631462046BDE8D6
:1075100070405B681847032EF5D1D5B16A68A36D3A
:10752000C2F38F22C3F38F239A42A67E00D016BBEC
:1075300095E8030004F1540383E803004EB1236D82
:10754000294620461B68984703E0E38A43F020035E
:10755000E382002070BDE38A23F02003F8E720F0E7
:10756000EBF906462046FFF751FF0446304620F06F
:107570003FFA2C60EDE70720ECE700BF8206061219
:10758000A76005127F6604801346006A0A464FF022
:10759000FF31EFF78DBC2DE9F04205460E46174648
:1075A000046A04F140093B4632464FF0FF31204661
:1075B000EFF746FC00280BDC6B6913F4804105D122
:1075C0004FF0FF32484601F037FAECE76FF00A005F
:1075D000BDE8F082006AEFF7A3BC10B5046A002191
:1075E0002046EFF7C5FC2046EFF7F8FB002010BD62
:1075F00070B5066A054626B943221D491D48F0F7B5
:1076000083FF6B6903F00303012B2CD0022B0ED0F8
:107610005BB31948F0F7B0FE6969184801F003013F
:10762000F0F7AAFE1648F0F7A7FE00240CE0F38A54
:1076300040F6030413F4006F08BF03249B054CBFFE
:1076400044F4007444F480746B6903F00303012B69
:1076500003D030460B49EFF78BFC21463046BDE89E
:107660007040EFF75FBB0224EEE740F20114EBE756
:1076700094060612CC5E0512CB8C0512D58C051231
:10768000717605128976041208B50121403001F0A7
:10769000A8F9002008BD00002DE9F0410D46044680
:1076A00028B94FF411727A497A48F0F72DFF15F492
:1076B000007303D0E28A910540F1E68015F400677B
:1076C00003D0E28A120540F1DF8015F4807203D006
:1076D000E18ACE0540F1D88015F4806803D0E18AB4
:1076E000480540F1D180690658BF267EE16D5CBF38
:1076F000C6F38016B601EDB24CBF4026B6B2258364
:10770000002940F08A80002A4CD0A06DC0F38F2061
:107710000C30F1F711F8054628B940F263225C49B4
:107720005D48F0F7F1FE05F10C002860A26D002124
:10773000C2F38F2220F040F90023C5E90133238BE7
:10774000E56543F480732383236D4FF48072102129
:1077500020465B689847236E002B40F08880B8F184
:10776000000F64D00C20F0F7E7FF054628B940F27F
:10777000A52247494948F0F7C7FE284600F0E6FD34
:107780004FF480621021238B256643F480632383AA
:10779000236D5B68204698470020238B1E43268379
:1077A000BDE8F081002BD6D0A06D3D4B034093B9CE
:1077B0000420F0F7C1FF054628B940F2772234498A
:1077C0003848F0F7A1FE00232B60E565238B43F4D6
:1077D00000732383BFE7C0F38F200C30F0F7ACFFBA
:1077E000054628B940F2822229492B48F0F78CFE41
:1077F00005F10C002860A26D0021C2F38F2220F059
:10780000DBF80023C5E90133236DE5654FF4007211
:10781000032120465B689847D8E71AB145F4807584
:10782000258398E7002B96D045F40075F8E7002FE4
:10783000B2D02820F0F780FF054628B94FF42D720A
:1078400013491948F0F760FE002328460422082156
:1078500040F8043B00F024FE238B256643F40063CC
:107860002383236D4FF4006203215B6892E7238B2F
:10787000B8F1000F03D043F4806323838CE7002F1B
:107880008AD043F40063F8E76FF0070088E700BF91
:10789000DD050612A7600512B88C0512058D0512CC
:1078A00000FCFF03F38C0512188D05122DE9F04141
:1078B00015461E46044628B940F232323049314856
:1078C000F0F722FEFEB1238B13F480681ED0D4F8AB
:1078D0006080B8F1000F05D140F24B122A492B48C5
:1078E000F0F712FE3746236D297820469B689847AB
:1078F0000146481C03D1404600F040FDF3E7013F3C
:1079000005F10105EFD13046BDE8F0811A0520D51B
:10791000276E4FF0FF3332462946381D00F0E6FD52
:1079200098B920F009F83B68012B0BD001233B608C
:1079300020F05EF8236D32461F6929460223204657
:10794000B847E0E720F054F8DDE7F0F701F94646E4
:10795000D9E7AF1915F8013B0A2B07D1238B5B063A
:1079600004D5236D0D2120469B689847236D204642
:107970009B6815F8011C9847AF42EBD1C3E700BFE5
:1079800055060612A7600512460606122A8D051234
:107990002DE9F04717461D46044628B94FF44672B4
:1079A0007A497B48F0F7B0FD002D7CD0238BD905B8
:1079B0003CD5D4F85C90B9F1000F05D14FF48D722D
:1079C00074497548F0F7A0FD2E464FF000081BE003
:1079D000D9F80020084612F803A001339BB2A9F899
:1079E0000630A26DC2F38F229A4298BF0023BCF1E9
:1079F000010F08BFC9F80880A9F806301FF0F8FF8A
:107A0000013E07F801AB0FD01FF096FFB9F8063022
:107A1000B9F8042001469A42D9F808C0D8D1BCF17F
:107A2000000FD5D11FF0E4FFAD1B3CE09A0540F1FB
:107A30009A802FB94FF4E87258495948F0F764FD1D
:107A40001FF07AFFA26D574B80461340D4F85C902C
:107A50007BBBB9F1000F05D14FF4ED724F4952488D
:107A6000F0F752FDD9F80030012B1FD00123C9F8DF
:107A70000030236D1B692BB940F2DF1247494B4898
:107A8000F0F742FD236D20461E692A460123394640
:107A9000B047002440461FF0ABFF24B16FF0060052
:107AA000F0F756F800252846BDE8F0876FF0060489
:107AB000F0E72046FFF7AAFC0646B9F1000F05D112
:107AC00040F2EF1235493448F0F71EFDAE42A8BF30
:107AD0002E46B9F80620A36DD9F80010C3F38F2302
:107AE00090199842354611442DD232463846F0F767
:107AF0004DF8E76D2FB94FF4C6722D492648F0F7BF
:107B000003FD2046FFF782FCB04205D240F28D1201
:107B100027492848F0F7F8FCBB6813B10EB10023E1
:107B2000BB60FB8840461E44B6B2FE80A36DC3F323
:107B30008F239E4222BFB6FBF3F203FB1266FE8048
:107B40001FF056FFAFE79A1A3846F0F71FF8A06DFE
:107B5000B9F80630C0F38F201A1AC01AD9F80010ED
:107B600032443844C3E72E46236D2046DB689847ED
:107B7000431C3FF459AF0A2807F8010B06F1FF3602
:107B80003FF452AF002EEFD14EE700BF370606128A
:107B9000A760051228060612B88C051219060612EF
:107BA000388D051200FCFF03F38C0512618D051260
:107BB000FC050612868D051238B5044628B94FF427
:107BC000367234493448F0F79FFCA37E012B35D838
:107BD000238BD80534D5236D4FF480725B68112157
:107BE00020469847238B23F480732383E36D2BB9BE
:107BF00040F2E32227492948F0F786FCE06DF0F7D0
:107C0000A5FE0023E365238B5A052CD5236D4FF485
:107C100080625B68112120469847238B23F48063A0
:107C20002383236E2BB940F2F7221A491C48F0F740
:107C30006BFC206EF0F78AFE00232366002038BD1F
:107C40009905E0D5236D4FF400725B681121204641
:107C50009847238B23F400732383E36D002BCDD14E
:107C60004FF43B72C6E71B05E8D5236D4FF4006265
:107C70005B68112120469847238B256E23F400630F
:107C800023832DB940F2053202490648F0F73CFC47
:107C90002846CFE7EC050612A7600512AC8D051249
:107CA000C68D0512188D0512F8B50D4616461F46ED
:107CB000044628B94FF491620E490F48F0F724FCAE
:107CC0000023C4E9073323750C4B294663620C4B30
:107CD0002046A3620B4BE764E3620B4BB2B2236313
:107CE0000A4B63630A4BA363EEF7DAFF094BE363C6
:107CF000F8BD00BFB6060612DD5C05125174041211
:107D000099760412B97B041291790412AD780412A9
:107D1000E1740412CC0606122DE9FF41CBB2013BFF
:107D20000446032B72D8DFE803F0024F7755C56D88
:107D30002DB940F2B4426A496A48F0F7E5FB0126E2
:107D40000027236D2046DB689847B0F1FF3F80464F
:107D500020D01FF0F1FDAB882A6802F80380AB88C1
:107D600001339BB2AB80A26DC2F38F229A4298BFBF
:107D70000023EA88AB809A4209D1531C9BB2EB8066
:107D8000AE60A26DC2F38F229A4298BFEF801FF0BF
:107D90002FFED6E7E369002B38D01FF0CDFDAA886F
:107DA000EB889A423DBFA56D9B1AC5F38F25D51A66
:107DB00038BFED1A1FF01CFE45B3E3692946204683
:107DC00004B0BDE8F0411847006E04B0BDE8F041D2
:107DD00000F03EBB056E02AA2E1D03A9002330460B
:107DE00000F020FC304602AA01A900F0D9FC80B9BD
:107DF00001232B60236D2046DDE901121D6902235A
:107E0000A847236A13B120460399984704B0BDE8F8
:107E1000F08100232B60F4E7826D334B0D12134089
:107E2000B3B9C66D2EB940F213522D492F48F0F761
:107E30006BFBE3692BB940F2155229492C48F0F746
:107E400063FBE36929462046984700233360DDE75A
:107E50001FF072FDE76D06462FB94FF4D172254928
:107E60002048F0F751FBBB88FA88591989B29A4229
:107E7000B98011D8A36DC3F38F238B4219D8B1FBFE
:107E8000F3F003FB101189B28A42B98011D80123A3
:107E9000BB60BA88FA800FE08A420AD8A36DC3F3A8
:107EA0008F238B429EBFB1FBF3F203FB1211B9800B
:107EB000EDE7BB68012BECD0A36D2046C3F38F2305
:107EC00093429CBF0023FB80FFF7A0FA0546304693
:107ED0001FF08EFDE369002B7FF470AF96E700BFC3
:107EE000BD050612B88C051200FCFF03F38C0512C9
:107EF000E08D0512A0050612F8B505460F461E4690
:107F000000F0CEF9044650B90246394605F1580052
:107F1000EFF78AFA01236E65EC6785F8503020464A
:107F2000F8BD70B5054610460C461E46EEF786FEB7
:107F3000B8B1037D0B2B14D12865C28A214622F0EB
:107F4000F00212052846120D00F0D2F9044630B9AD
:107F50000146082205F154001FF02EFDEE64204674
:107F600070BD4FF0FF34FAE738B50D46044620B92E
:107F70004E2213491348F0F7C7FA6B78206D84F846
:107F800055302B7884F854306B68A3656B88A4F85F
:107F9000563098B14FF0FF315830EFF765FA68B9B5
:107FA000236DDA6FA24205D15B6D20461B6804F198
:107FB00054019847206D5830EFF72CFB002038BD56
:107FC00000070612CC5E05122DE9F04188461746DF
:107FD0001E46044686B028B94FF4857223492448CA
:107FE000F0F792FA236D2BB940F20B121F4921488A
:107FF000F0F78AFA206D4FF0FF315830EFF734FA7E
:10800000054650BB236DDA6FA24208D05B6D204657
:108010001B6804F154019847B0B9236DDC67002355
:1080200004939DF81430039623F0030343F00303F5
:108030008DF81430236D20465B6DCDE901879B6878
:1080400001A99847054618B96FF00700EFF780FDC2
:10805000206D5830EFF7DEFA04E06FF00700EFF71D
:1080600077FD0025284606B0BDE8F081F00606122F
:10807000CC5E0512DE5E05120020704770B50C461E
:10808000054620B97C2223492348F0F73DFA14F431
:10809000007302D0EA8A920538D514F4006002D049
:1080A000EA8A160532D514F4807202D0E98AC9052D
:1080B0002CD514F4806102D0EE8A760526D5E4B280
:1080C00093B14FF4007244F4007423462C8390B1B2
:1080D00044F400642C8342F400622B6D10215B6D2C
:1080E00028465B6898470FE0002AEED04FF4807274
:1080F00044F48074E9E729B143F480632B8342F4AC
:108100008062EAE7002AE8D1002070BD6FF0070026
:10811000FBE700BF11070612A760051270B51546F0
:108120001E46044620B9252209490A48F0F7ECF911
:10813000E36F23B9262206490748F0F7E5F93346ED
:108140002946E06F0022BDE87040FFF73DBF00BF49
:108150008E070612E65E0512068E051270B51546EC
:108160001E46044620B9172209490A48F0F7CCF9FF
:10817000E36F23B9182206490748F0F7C5F93346DB
:108180002A46E06F0021BDE87040FFF71DBF00BF29
:1081900079070612E65E0512068E051270B51546C1
:1081A0001E46044628B94FF489720A490A48F0F776
:1081B000ABF9236D2BB940F2131206490748F0F7CB
:1081C000A3F9334629462046BDE870400022FFF758
:1081D000FBBE00BF4E070612CC5E0512DE5E051226
:1081E00070B515461E46044628B94FF482720A49F6
:1081F0000A48F0F789F9236D2BB940F205120649B8
:108200000748F0F781F933462A462046BDE870401A
:108210000021FFF7D9BE00BF3A070612CC5E051257
:10822000DE5E051210B5044620B9CA2219491A4863
:10823000F0F76AF9A37E012B29D8238B13F48072FF
:108240001FBF4FF4807223F480739BB223835905C0
:1082500041BF23F480639BB2238342F4806298057C
:1082600041BF23F400739BB2238342F400721905CB
:108270000BD523F40063238342F40062236D1121A4
:108280005B6D20465B68984701E0002AF6D100202C
:1082900010BD00BF25070612A76005120020704719
:1082A00070B50D461646044620B958220B490C48B5
:1082B000F0F72AF90B2323750023C4E90933E3629D
:1082C000084B29462363084B20466363074BB2B231
:1082D000A363BDE87040EEF7E3BC00BFA40706123D
:1082E000E65E05125D8104121D810412798004127C
:1082F00070B50D461646044628B940F241120C49A5
:108300000C48F0F701F90C232375002363620A4B34
:108310002946A362094B2046E362094BB2B22363AC
:10832000084B6363084BA363BDE87040EEF7B8BC2D
:1083300063070612A76005127D80041225820412CD
:10834000E18104129D8104129D82041210B504463D
:1083500020B9152207490848F0F7D6F81FF0ECFAC3
:108360002346002243F8042BC4E90133BDE8104042
:108370001FF03EBBE10706121C8E0512F7B504463E
:10838000019120B924222D492D48F0F7BDF8F0F7CE
:1083900023FF05461FF0D0FA23680646012B48D07C
:1083A0006368271D9F4204D02D2224492548F0F7F9
:1083B000ABF8019B002B3ED0002328462B63F0F73F
:1083C00085FFA26805F114031360A268AA61A36087
:1083D0006F611FF0B1FA0746EFF7FAF940B117499C
:1083E0001948EFF7C9FF402214491848F0F78CF8F4
:1083F00038461FF0FDFA019B002B09DD05F14C0703
:108400000021384601AAF1F7D9FA3846F1F720FAE7
:1084100030461FF0EDFAF0F79BFD2D6B1FF08CFA44
:1084200006460023236030461FF0E2FA284603B0D8
:10843000F0BD0025F5E76FF00105F4E7CE07061261
:108440001C8E0512328E0512656C0512636C0512C6
:1084500038B5044620B964220F491048F0F754F8A3
:108460002368012B17D01FF067FA0123236054F80B
:10847000043F0546A3420AD0A3F11400F1F712F815
:1084800028461FF0B5FABDE83840F0F761BDBDE8F9
:1084900038401FF0ADBA38BDBB0706121C8E05125E
:1084A000F8B50D4616461F46044620B91C220D4954
:1084B0000D48F0F729F80023A36004F11003C4E984
:1084C000043304F11803C4E906332762258066806B
:1084D000E800F0F731F9E06000280CBF6FF004000D
:1084E0000020F8BD2C080612618E05122DE9F34715
:1084F000884617460446019320B93C224549464820
:10850000F0F702F8F0F768FE05461FF015FA064688
:10851000638921892288591A914228D0B3FBF2F14C
:1085200002FB1133E2689BB242F8338063892288F0
:10853000B3FBF2F102FB1133E2689BB202EBC30220
:108540005760638901336381234653F8180F9842BB
:108550005DD01438F0F7A6FF30461FF049FAF0F767
:10856000F7FC4FF00009484602B0BDE8F087019BD8
:10857000002B49D01FF0E0F98146EFF729F940B10F
:1085800024492648EFF7F8FE4D2222492448EFF708
:10859000BBFF4FF0000A48461FF02AFA2846C5F8EC
:1085A00030A0F0F793FE626905F11403136062696D
:1085B000AA61636104F110036B61019B534509DDFE
:1085C00005F14C095146484601AAF1F7F7F948462A
:1085D000F1F73EF930461FF00BFAF0F7B9FCD5F889
:1085E00030901FF0A9F90646B9F1000F90D030463F
:1085F0001FF0FEF9B9F1000FB5D1236A002BB0D0FE
:10860000022120469847ACE76FF00109EFE74FF0F1
:108610000009ECE719080612618E0512656C051257
:10862000636C05122DE9F34788461746044601930B
:1086300020B9952254495548EFF766FFB8F1000F6D
:1086400004D1962250495248EFF75EFF27B997228E
:108650004D495048EFF758FFF0F7BEFD06461FF0B2
:108660006BF90546238962899A4237D02288B3FB89
:10867000F2F102FB1133E2689BB252F83330C8F8D2
:10868000003023892288B3FBF2F102FB1133E26848
:108690009BB202EBC30253683B60238962890133BA
:1086A0009BB22381D31A6288934269DC234653F834
:1086B000100F98425DD01438F0F7F4FE28461FF0F2
:1086C00097F9F0F745FC236A13B103212046984738
:1086D0004FF00009484602B0BDE8F087019B002B2F
:1086E0004BD01FF029F98146EFF772F840B12649C7
:1086F0002948EFF741FEA72223492848EFF704FF56
:108700004FF0000A48461FF073F93046C6F830A013
:10871000F0F7DCFDE26906F114031360E269B2616F
:10872000E36104F118037361019B534509DD06F110
:108730004C095146484601AAF1F740F94846F1F77D
:1087400087F828461FF054F9F0F702FCD6F830906D
:108750001FF0F2F80546B9F1000F83D028461FF04C
:1087600047F9B9F1000FB5D1236A002BB0D0012130
:10877000ACE728461FF03CF9A5E76FF00109EDE7EB
:108780004FF00009EAE700BF07080612618E0512E4
:10879000728E0512868E0512656C0512636C0512C9
:1087A00070B50E461546044620B9F82214491548FE
:1087B000EFF7AAFE1FF0C0F8238962899A4204D11C
:1087C0001FF016F96FF0030070BD2288B3FBF2F1C1
:1087D00002FB1133E2689BB252F8333033602288D7
:1087E0002389B3FBF2F102FB1133E2689BB202EB87
:1087F000C3035B682B601FF0FBF80020E4E700BFB9
:10880000F4070612618E051270B50E461546044631
:1088100020B92A2209490A48EFF776FE002D04DC28
:108820002B2206490748EFF76FFE0023C4E90066D4
:10883000C4E9023325F00305258270BD77080612CE
:10884000968E0512A48E0512D0E902310246080C5C
:10885000B0EB134F08D0D189538999420BD8B2F9A4
:1088600010005B1AC01A70474B4013F0FF00FAD09B
:10887000B2F910007047C81A704700002DE9F041A6
:108880000E469046044620B960221B491B48EFF76C
:108890003BFE2046FFF7D8FFB4F910703D1AADB289
:1088A0007DB1454528BF4546E3896068FA1AAA426A
:1088B000184409DD2A46314602F098FCE3892B442E
:1088C000E3812846BDE8F081314602F08FFCE38960
:1088D000B4F910106068C91A6A1A314402F086FCB3
:1088E000E289238AD21AA3892A44DB439BB243EA52
:1088F0000243E360E5E700BF65080612968E0512A5
:10890000F8B50E461746044620B9CB221849194837
:10891000EFF7FAFD2046FFF797FF054690B1638910
:10892000B4F91020874288BF87B22168D21ABA42B0
:108930003D46194408DD3A46304602F057FC63894B
:108940002B4463812846F8BD304602F04FFC638912
:10895000B4F910002168C01A3A1A304402F046FCFB
:108960002389228ADB43238163899B1AE8E700BFBE
:1089700053080612968E051210B5044628B94FF416
:10898000DA7204490448EFF7BFFD0023C4E902335B
:1089900010BD00BF3F080612968E051200207047DA
:1089A00038B504460D461EF0C7FFA2682B1D1360A4
:1089B000A2680434AA6063606C60BDE838401FF0B0
:1089C00017B810B504461EF0B7FFD4E901124A608B
:1089D0006168231D1160C4E90133BDE810401FF038
:1089E00007B82DE9F041044605460F461EF0A4FFE6
:1089F0000123064645F8043B6468A54208D10024DB
:108A000030461EF0F5FFACB1BDE8F041F0F7A0BA7A
:108A1000A4F1040839464046A368984740B954F881
:108A2000040CF0F73FFD4046FFF7CBFF0124E7E7DA
:108A30002468E2E7BDE8F0812DE9F04186B00F46F9
:108A400014460646F0F7C8FB05461EF075FF804643
:108A5000EEF7BEFE40B124492448EFF78DFC5622C4
:108A600021492348EFF750FD40461EF0C1FF204644
:108A7000EEF74CF8009097BB88B3F0F7ADFB1D4BB9
:108A80000190049302ABCDE9023305971EF054FF29
:108A900033680446012B1AD0304601A9FFF780FF46
:108AA0002846F0F713FC009B013308D04C356A468A
:108AB00039462846F0F782FF2846F0F7C9FE2046DF
:108AC0001EF096FFF0F744FA1EF036FF044600232E
:108AD000204633601EF08CFF01A8FFF772FF0020D4
:108AE00006B0BDE8F08100BF8A080612656C051269
:108AF000636C05129D8904120A22002100F00AB954
:108B0000024B0A4601461868F6F77DBDA89300207F
:108B1000024B01461868F6F763BD00BFA89300201A
:108B2000024B01461868F6F778BD00BFA8930020F5
:108B30002DE9F04F81468E466D4875461EF801BB03
:108B400010F80B4014F00804F7D1BBF12D0F23F0FF
:108B500010075DD0BBF12B0F10D0AFB9BBF1300FB8
:108B600000F08D80002B00F0858010236FF0784698
:108B70000F27984600246FF0004A0DE09EF800B0E1
:108B800005F1020E002F60D06FF000479846B7FB4A
:108B9000F3F6BA4603FB1677002528460EE0ABF144
:108BA000370C9C451DDA013504D0B04202D822D1E1
:108BB000BC4520DD4FF0FF351EF801BBABF1300C9A
:108BC000BCF1090FEDD9ABF1410CBCF1190FE6D99D
:108BD000ABF1610CBCF1190F03D8ABF1570C9C45FC
:108BE000E1DB6B1C0BD004B1404212B1002D57D118
:108BF0001160BDE8F08F08FB00C00125DCE72223EF
:108C0000C9F80030002A4DD00EF1FF315046EFE791
:108C10009EF800B005F1020E67B9BBF1300F44D0E9
:108C2000002B50D10A23334E0827012498464FF0D9
:108C3000004AB1E74FF0004A98460124BAFBF3F628
:108C400003FB06F7AAEB0707A6E7BBF1300F89D1B4
:108C5000A87800F0DF0058281ED1102395F803B043
:108C600005F1040E98466FF00047B7FBF8F608FBD5
:108C700016777FE70A231F4E072798467AE79EF864
:108C8000000000F0DF00582806D110239EF801B044
:108C900005F1030E9846E6E723BB08239846E2E772
:108CA0008246B1E75046BDE8F08FA87800F0DF00BB
:108CB000582810D0CBB1102398464FF0004A012419
:108CC000BAFBF8F668E710234FF0006601244FF076
:108CD000004A984660E7102395F803B005F1040EAA
:108CE0009846EAE710239846BDE708239846E4E74C
:108CF0009D080612CCCCCC0C242B03D8012B01D020
:108D0000FFF716BF10B5F6F745FC162303600020E9
:108D100010BD00BF242A134610B509D8012A07D078
:108D2000064C0A4601462068BDE81040FFF700BF28
:108D3000F6F730FC16230360002010BDA893002036
:108D40002DE9F04707460E464548354616F801EB33
:108D500010F80EC01CF0080CF7D1BEF12D0F63D037
:108D6000BEF12B0F3AD0644633F010003ED04FF0E6
:108D7000FF389A46B8FBF3F803FB08F96FEA0909D4
:108D8000002528460EE0AEF1370C63451DDD0135A8
:108D900004D0404502D834D1CC4532DD4FF0FF3508
:108DA00016F801EBAEF1300CBCF1090FEDD9AEF1C4
:108DB000410CBCF1190FE6D9AEF1610CBCF1190FF1
:108DC00003D8AEF1570C6345E1DC6B1C25D004B130
:108DD00040420AB135BB1160BDE8F08733F01000A6
:108DE00096F800E0644605F10206C0D1BEF1300FEE
:108DF0001FD05BB90A234FF00509DFF868809A4657
:108E0000BEE70AFB00C00125CAE70BB310234FF0F1
:108E10000F096FF070489A46B2E7222328463B605C
:108E2000002AD9D0711ED6E796F800E00124AE1CC6
:108E30009AE7307800F0DF005828E6D1102396F842
:108E400001E04FF00F0902366FF070489A4697E73D
:108E500008234FF007096FF060489A4690E700BF7B
:108E60009D08061299999919FFF76ABF10B4044C2E
:108E700013460A46014620685DF8044BFFF760BFC1
:108E8000A8930020024B0146186800F003B800BF09
:108E9000A893002038B5054600F09CFFC8B13D21DD
:108EA000044600F02FFF024678B100210123284636
:108EB00002F8011B214600F00FF803462146284620
:108EC0001C46F6F7AAFB204638BD21462846F6F791
:108ED000A4FB0124204638BD2DE9F04F0C4683B099
:108EE00007463D2120461546994600F00BFF002815
:108EF00040F09780384602F07FFA284602F0ECF9FD
:108F000001AA80462146384602F082FA0646002829
:108F100049D0B9F1000F3FD002F0DEF9804575D994
:108F2000DFF818B1019BDBF800904FEA830A237841
:108F300041464BB13D2B07D0214611F8013F0BB103
:108F40003D2BFAD1091B414402313846F6F748FB64
:108F500049F80A0000286BD0DBF800302146019A5E
:108F600053F8220011F8013B037063B13D2B0AD086
:108F7000421C01E03D2B06D011F8013B104602F8DF
:108F8000013B002BF6D13D230246037015F8013B4F
:108F900002F8013F002BF9D1384602F033FA0020E5
:108FA00003B0BDE8F08FDFF894B0DBF800100B6879
:108FB000A3B30B4653F8042F30460136002AF9D1EB
:108FC000C21C92001C480368B3B901231146036018
:108FD0003846F6F705FB814650B34FEA860ADBF8C0
:108FE0000010524602F002F9CBF80090731C0022E8
:108FF00049F8232001969AE73846F6F7FAFA8146AF
:10900000CBF80000A0B14FEA860AEFE7013E15F861
:10901000013B06F8013F002BF9D1BDE71E460822AF
:10902000D0E7F6F7B7FA162303604FF0FF30B7E743
:10903000384602F0E7F9F8E758D10020F094002014
:1090400070B500293FD006460C4610B1436B002B8B
:109050003CD0636EB4F90C20DD0732D4900538D5CE
:109060002146304600F054F8E36A054633B1E16921
:10907000304698470028B8BF4FF0FF35A3891A063D
:1090800039D4216B41B104F14003994202D03046FA
:10909000F6F7C3FA00232363616C21B13046F6F77B
:1090A000BCFA0023636400F055FA636E0022DB070C
:1090B000A2811CD5A06D01F053FF00F051FA2846A3
:1090C00070BD002ACCD10025284670BD00F024FADE
:1090D000BFE7A06D01F048FFB4F90C30002BBFD101
:1090E000636ED907EFD4A06D01F042FFEBE7A06DEE
:1090F00001F03EFFDEE721693046F6F78EFAC0E761
:10910000024B01461868FFF79BBF00BFA8930020E1
:10911000B1F90C202DE9F04115070C4680464ED4DC
:10912000496842F400630029A38163DDA66A002E2A
:1091300042D0002112F48052D8F80050C8F8001034
:1091400065D10123E1694046B0470246501C6CD00E
:10915000B4F90C30A66A590705D56368D21A236B97
:109160000BB1E36BD21A0023E1694046B047421CC1
:10917000B4F90C304DD1D8F800101D2940D8304A30
:10918000CA40D7073CD523F40062DE04A2814FF029
:10919000000262602269226001D5002943D0216B60
:1091A000C8F8005041B104F14003994202D0404652
:1091B000F6F733FA002323630020BDE8F0810E693F
:1091C000002EF9D092070D680E600CBF4B6900238A
:1091D000AD1B8B600BE02B463246E1694046676A67
:1091E000B847B0F1000CA5EB0C05664406DD002D78
:1091F000F1DCE1E7E16B002998DCDDE7B4F90C3044
:1092000043F040034FF0FF30A381BDE8F081226DB1
:10921000A1E723F40062DB04A2814FF00002626048
:1092200022692260BBD52065B9E7D8F80030002B51
:109230008ED01D2B01D0162BE0D1C8F80050BBE713
:109240000100402038B505460C4608B1436B03B316
:10925000B4F90C0088B1636EDB0701D481050FD52A
:1092600028462146FFF754FF636E0546DA0702D40D
:10927000A3899B0508D5284638BD0546284638BD34
:10928000A06D01F071FEEBE7A06D01F071FE2846C4
:1092900038BD00F041F9DBE738B51C4D04462B68BA
:1092A0000BB15A6B32B3626EB4F90C30D10705D4EE
:1092B0009A050BD5B4F90E50284638BD002BF9D1CC
:1092C0002B6809221A604FF0FF35F5E7A06D01F019
:1092D0004BFE636EB4F90C2003F0010372B1B4F9D4
:1092E0000E50002BE8D19305E6D4A06D01F040FEAE
:1092F000284638BD184600F00FF9D4E72A6809213E
:109300001160002BDFD14FF0FF35EEE7A89300206E
:10931000024A0349034800F093B900BF9493002028
:1093200041900412B09300200C4B4168994210B553
:10933000044601D0FFF784FEA168094B994202D090
:109340002046FFF77DFEE168064B994204D0204697
:10935000BDE81040FFF774BE10BD00BF5CD1002017
:10936000C4D100202CD200202DE9F843314A002539
:10937000314C04233149DFF8D89004F15C00DFF868
:10938000D4802F4F2F4E1160294608222560656634
:10939000C4E90335C4E90155C4E905551EF050FB85
:1093A00004F15800E662C4E90749C4E9098701F0FD
:1093B000D5FD254B2946082204F1C40063672567C3
:1093C000C4F8CC50C4F88050C4E91A55C4E91E55FD
:1093D0001EF036FB04F1680304F1C000C4F88430C9
:1093E000C4E92298C4E9247601F0B8FD174B294658
:1093F00004F596700822C4F8DC30C4F8D850C4F8DC
:109400003451C4F8E850C4E93455C4E938551EF065
:1094100017FB04F1D00304F59470C4F8F090C4F87D
:10942000FC60C4F8EC30C4E93D87BDE8F84301F0C6
:1094300095BD00BF94D200205CD10020119304128E
:109440003199041259990412090001001200020016
:10945000C9980412F1980412F8B506462A4801F09A
:1094600083FD2A4B1B68002B44D0294FD7E90134D8
:10947000013B04D524E05A1C04F1680420D0B4F95F
:109480000C50013B002DF6D1224B04F158006566CB
:10949000E36001F063FD1C4801F06AFD08222946E3
:1094A00004F15C002560A561C4E90155C4E90455D7
:1094B0001EF0C6FAC4E90C55C4E911552046F8BDA2
:1094C0003D680DB12F46D1E74FF4D6713046F6F71F
:1094D00087F8044688B1042305600C3029462546E8
:1094E00040F8083C4FF4D072A0601EF0A9FA3C602E
:1094F0002F46BBE7FFF738FFB7E703483C6001F0B2
:1095000037FD0C233360D9E7C4D2002094D2002069
:10951000949300200100FFFF10B504460A4801F0B3
:1095200023FD636B23B9094B094A1B68626323B1AE
:109530000548BDE8104001F01BBDFFF715FF0248CC
:10954000BDE8104001F014BDC4D2002094D2002028
:1095500029930412014801F007BD00BFC4D20020C6
:10956000014801F005BD00BFC4D20020F0B514468B
:1095700083B00E46074601AA214605F019FD0028D2
:1095800035D005463846FFF767FF044600282ED041
:1095900031464FF4DB73019A3846F6F712F8061E8F
:1095A0001CDB636EDB0702D4A38998052DD51B4B0A
:1095B0002DB21B4A2362E9051A4BE681E461A581BD
:1095C000C4E90923184BE36215D4636EDA0702D4A9
:1095D000A3899B051DD5204603B0F0BDFFF7BAFF58
:1095E0000023A06DA38101F0BBFCFFF7B9FF0024AD
:1095F000204603B0F0BD022300222146384600F089
:109600001DF8636EDA07E6D4E2E7A06D01F0ACFC6A
:10961000CDE7A06D01F0ACFCDDE700BFC9980412F6
:10962000F19804123199041259990412024B0A4616
:1096300001461868FFF79ABFA893002000F090B980
:109640002DE9F8434FF00009074688461646D6E94B
:109650000154013D0FD4A389012B08D9B4F90E3070
:1096600021463846013302D0C04749EA0009013D8E
:1096700068346B1CEFD13668002EE8D14846BDE84F
:10968000F88300BF024B1868416805F0D1BC00BFE9
:10969000A89300202DE9F041654C84B00E46174692
:1096A000D4F800801D460446B8F1000F04D0D8F865
:1096B0003430002B00F0A480022F05D0012F00F2DF
:1096C000A380002DC0F2A080636EDB073CD521464D
:1096D0004046FFF7B7FD216B41B104F140039942C9
:1096E00002D04046F5F799FF00232363B4F90C201C
:1096F00000231106A361636056D44E4B022F03EA88
:109700000203A3815CD003AB02AA2146404605F0C8
:1097100027FDA3891843A081EDB1EEB1D8F834300C
:1097200043B3029AB4F90C30AA4202D043F4006366
:10973000A381012F22D018072660C4E9046527D52C
:10974000D90752D4A56025E0A3899805BFD4A06DA0
:1097500001F00AFCBBE7029D2846FFF7D9F906464F
:10976000002854D0A38943F08003A381D8F8343073
:10977000002BD6D14046FFF7CFFED2E743F00102DF
:10978000266012B2C4E904651E07A2812ED41346D6
:109790000022A260626ED20701D49B052CD5002561
:1097A000284604B0BDE8F08121694046F5F735FF51
:1097B000B4F90C201F4B022F03EA0203A381A2D1AC
:1097C000002543F0020204F143010020A28101229E
:1097D00021606261626E2161D207A060E0D49F05C2
:1097E000DED4A06D01F0C4FBDAE71A4600216D4219
:1097F0001346A160A561CDE7A06D01F0B9FBCEE7EE
:109800004046FFF789FE57E74FF0FF35C8E7029B58
:10981000AB4208D018460193FFF77AF9019B064640
:109820001D4600289ED1B4F90C304FF0FF35C8E733
:10983000A89300205CF3FFFF0CB40029214B10B566
:109840001C689CB038DB4FF000034FF402720290AA
:109850001B931FAB0690ADF8142018D001394FF6BA
:10986000FF701E9A0491079102A9ADF816002046D8
:10987000019303F0A1FA421C01DA8B232360029BBF
:1098800000221A701CB0BDE8104002B070474FF6BD
:10989000FF700491079102A9ADF8160020461E9AA8
:1098A000019303F089FA431C01DA8B2323601CB077
:1098B000BDE8104002B070478B234FF0FF302360AB
:1098C000F5E700BFA893002010B50C46B1F90E10C3
:1098D000F5F77CFE002803DB236D0344236510BDF0
:1098E000A38923F48053A38110BD00BF00207047DB
:1098F0002DE9F0410C46B1F90C101F460546CB0589
:1099000016460BD421F480513B4632462846A181AD
:10991000B4F90E10BDE8F041F5F75DBEB4F90E10D4
:1099200002230022F5F748FEB4F90C10EAE700BF65
:1099300010B50C46B1F90E10F5F73EFE421CB4F915
:109940000C3004D043F480532065A38110BD23F470
:109950008053A38110BD00BFB1F90E10F5F71CBEF6
:109960002DE9F04F0C4697B090461E46054618B1BB
:10997000436B002B00F03381626EB4F90C30D707D3
:1099800002D4980540F1078103F48473B3F5847F12
:1099900000F00C81D4F82890B9F1000F00F05A8142
:1099A000012E56D036F002070FD0636E1622D9076B
:1099B0002A6005D4A3899F0502D4A06D01F0D8FACE
:1099C0004FF0FF3017B0BDE8F08F2269BA46002A89
:1099D00063D0B4F90C3040F61A02134207D15A058D
:1099E00078D4A04A91455DD043F40063A381214619
:1099F0002846FFF727FC002840F0278133464246DF
:109A0000E1692846C847013000F01F81216B41B150
:109A100004F14003994202D02846F5F7FEFD0023E9
:109A20002363A38900212069082223F40263C4E987
:109A30000001A38104F15C001EF002F8636EDA07F6
:109A400003D4A3899B0540F1CD80002017B0BDE869
:109A5000F08F21462846FFF7F5FBB4F90C3013F4DC
:109A6000805240F08A803346E1692846C847421C4C
:109A7000074600F0EA80B4F90C3022695E0740F135
:109A800081806368FF1A236B0BB1E36BFF1AB84444
:109A90004FF0010A0026002A9BD12146284605F0F6
:109AA000F7FA96E7B4F90E1000299DDB6A462846BE
:109AB000F5F775FDB4F90C30002895D1019A02F440
:109AC0007042B2F5004F8FD143F48063A3814FF40D
:109AD0008063E364002E6ED1C346BAF1000F79D1E2
:109AE000A389DB0440F18980206D6268216B871AAD
:109AF00000297BD0E36BFF1A17442069A26B121A6E
:109B0000BF1A1344BB4502DBFA185A457ED8E76CEE
:109B10000023E16928467F4207EA0B073A46C84717
:109B200001303FF464AF0023216B6360236923603D
:109B300041B104F14003994202D02846F5F76DFD8A
:109B400000232363A389BBEB070B23F02003A3812E
:109B500010D02146284605F041FB00287FF447AF8E
:109B600063685B45FFF443AF2268A3EB0B035A44E1
:109B7000C4E90023082200215CE75E07276D226903
:109B80003FF57FAF180782D52368002B3FF47FAFE6
:109B90009B1A1F447BE7A06D01F0E6F9B4F90C3085
:109BA00003F48473B3F5847F7FF4F4AE2146284632
:109BB000FFF748FBEEE66A46B4F90E102846F5F7C3
:109BC000EEFC00287FF413AF049B08EB030BBAF103
:109BD000000F85D0216B626841B1E36B8CE7FFF722
:109BE0009BFCC9E6A06D01F0C3F92EE723680021B4
:109BF00020691B1AFF1A134484E752460123E169C6
:109C00002846C847471C7FF470AFF0E6ABEB070768
:109C10003844DB1BC4E9000341B104F1400399421D
:109C200002D02846F5F7F9FC00232363A38900211D
:109C3000082204F15C0023F02003A3811DF000FF43
:109C4000636ED9073FF501AFFBE6636EDB073FF5B7
:109C5000B7AEAFE6636E1D22D9072A603FF5B0AEFE
:109C6000A8E600BF31990412032A30B412D941EAA0
:109C7000000484460B46A40721D11946604653F8D8
:109C8000044B5CF8045BA54219D1043A032AF4D8CA
:109C900060461946541E7AB1431E0139021901E08B
:109CA0009A4209D013F8010F11F801CF6045F7D09F
:109CB000A0EB0C0030BC7047002030BC7047541E35
:109CC000EAE700BF830710B5044610D10268A2F18D
:109CD000013323EA020313F0803F08D150F8042F28
:109CE000A2F1013323EA020313F0803FF6D0037898
:109CF0001BB110F8013F002BFBD101F019FA2046EF
:109D000010BD00BF11F0FF01034600F0030239D07F
:109D10008ABB10B501EB012E02680EEB0E4EA2F1CC
:109D200001338EEA020423EA0203A4F1013222EA9B
:109D30000402134313F0803F0FD150F8044F84EA1C
:109D40000E0CA4F10133ACF1013223EA040322EA40
:109D50000C02134313F0803FEFD0037823B936E0B1
:109D600010F8013F002B32D09942F9D110BD8A4240
:109D700028D09A0729D01A7818460133002AF6D13C
:109D800010467047CAB90268A2F1013323EA020300
:109D900013F0803F08D150F8042FA2F1013323EAD9
:109DA000020313F0803FF6D003785BB110F8013F57
:109DB000002BFBD17047990705D0184613F8012BEB
:109DC000002AF8D170471846DDE71846A1E7184683
:109DD00010BD00BF70B5044608460D4601F07CFA80
:109DE0000646204601363146F5F7FAFB044618B11F
:109DF0003246294601F0FAF9204670BD82B30B467F
:109E000030B540EA01048646A40717D1032A07D8D3
:109E100014E0043A22D01CF0803F1FD1032A23D93A
:109E2000DEF80040194653F8045B7046A4F1013C8B
:109E30000EF1040EAC422CEA040CEAD00378013A8D
:109E40000C78A3420ED1024406E03BB110F8013F6A
:109E500011F8014FA34205D19042F6D1002030BD48
:109E600010467047181B30BD70461946E6E700BF24
:109E700040EA01039B0730B501D1032A17D8844675
:109E800001F1FF3E07E01EF8011F541E03F8011BFD
:109E900029B122469C466346002AF4D130BD002CED
:109EA000FCD0944403F8011B6345FBD130BD0C4644
:109EB0008446256821460434A5F1013323EA0503CD
:109EC00013F0803FDCD1043A4CF8045B032AF0D84D
:109ED0002146D5E738B511F0FF040CD00346002524
:109EE00001E0431C054621461846FFF70BFF0028FA
:109EF000F7D1284638BD2146BDE83840FFF702BFFC
:109F000001292DE9F0415DD94FF0010800244FF0FF
:109F1000FF35C646434608E0A3EB05081C464FF054
:109F2000010E04EB0E03994210D900EB050CC75C3F
:109F30001CF80E60B742EFD332D04FF0010825462F
:109F4000C646444404EB0E039942EED80127002490
:109F50004FF0FF36C2F80080BE463B4607E09F1B2D
:109F60001C464FF0010E04EB0E03994210D900EB92
:109F7000060C10F803801CF80EC0E045EFD814D092
:109F800001272646BE463C4404EB0E039942EED818
:109F90000136681C864201D330461760BDE8F08167
:109FA000C64507D00EF1010EBBE7BE4506D00EF147
:109FB000010ED8E774444FF0010EB2E774444FF03D
:109FC000010ED0E701270026E6E700BF2DE9F04F9C
:109FD000ADF21C4D934680468A4605AD194658465B
:109FE0001C462A46FFF78CFF2B4681460DF2144291
:109FF00043F8044F9342FBD174B1601E0BF1FF3262
:10A00000584412F8011F06AEA31A824203F1FF332F
:10A010005B4446F82130F4D12B684A4658460BEB96
:10A0200003010193FFF720FE002877D144F4006379
:10A030000746AAEB040E661E05460293AE4510D3F2
:10A0400008EB050C06AA1CF8063052F82330BBB109
:10A050001FB1019A9A4288BFA31A1D440027AE453A
:10A06000EED208EB0A00029905F0E4F98244AAEB6B
:10A07000040EAE45E4D200200DF21C4DBDE8F08F79
:10A080004F453B4638BF4B469E4218D9591EEA18E9
:10A0900000955944424402E001339E420ED012F82A
:10A0A000010B11F8015F8542F6D09E42009D06D952
:10A0B000C9F1010200272A44D518BFE7009D4F458A
:10A0C00009F1FF3380F0818005EB09020BEB0901F8
:10A0D00000954244CDF80C9002E09F4213D04B46CD
:10A0E00011F8015D03F1FF3912F8010D8542F4D03A
:10A0F000009D0133DDF80C9001379F4209D8019B88
:10A100001D44E71A9AE70137009DDDF80C909F4245
:10A11000F5D960460DF21C4DBDE8F08FA4EB0903A4
:10A12000AAEB040E661E4B4538BF4B4601332B602D
:10A130000025019344F400630093AE4509D308EB76
:10A14000050006AA835D52F823306BB11D44AE456D
:10A15000F5D208EB0A00009905F06CF98244AAEBED
:10A16000040EAE45EBD286E7B14517D209F1FF31B7
:10A1700005EB09024B465944424402E00133B34225
:10A180000CD012F8017B11F801CFBC45F6D09E42ED
:10A1900004D9C9F101022A44D518CEE7B9F1000F5C
:10A1A0003FF46AAF05EB09010BEB0902414402E001
:10A1B0005B453FF461AF12F801CD11F8017D134604
:10A1C000BC45F5D0019B1D44C1E74B4694E700BF59
:10A1D0002DE9F0410D46097890B0044600294AD097
:10A1E0006A78002A6BD0AB78002B48D0E87800283A
:10A1F00079D02B79002B67D0284601F06DF8064600
:10A20000204646F4007105F015F9864246D8FE2E28
:10A2100000F28780801B4022711C271868461DF0C1
:10A220000FFC6EB16A1E5FFA86FC901912F8013FAE
:10A2300003F03F03A91A90426B4461441970F5D1B1
:10A24000013CA35D03F03F036B441B781C44A74211
:10A2500003D228E04444A74225D314F806C032466E
:10A26000294620460CF03F0CEC449CF80080FFF798
:10A27000FBFC0028EED1204610B0BDE8F08100784C
:10A2800042EA014250B140EA0343214614F8010F6B
:10A290009A4241D00028F6D19A423DD0002420466F
:10A2A00010B0BDE8F081BB5DB819002BF6D04FF4BB
:10A2B000006105F0BFF80744A742C1D2EEE710B035
:10A2C000BDE8F041FFF71EBD2278002AE6D02968DC
:10A2D00009BA42EA0323204614F8012FF2B1994249
:10A2E000F7D1C41EC7E7120442EA0162217842EAAC
:10A2F00003230029D2D0024600E049B141EA02001E
:10A30000254614F8011FB3EB002F4FEA0022F4D1C9
:10A310009342C3D1AC1EAEE74C1EACE79942BDD10F
:10A32000DFE7014633462A46204610B0BDE8F0413B
:10A33000FFF74CBE08B5F5F7C1F8BDE8084005F0D9
:10A3400091B800BF01683B29F0B5044683B000F224
:10A35000C38041683B2900F2B280A168172900F24E
:10A36000A18021690B2900F2908063699A0739D195
:10A370007448754A754D00FB0326B5EBB60F6FD2D6
:10A38000E3681D20002B31DC6E4D6F4E6F4F01399D
:10A3900080F0CE8061694A1E12F0030F62616AD1BB
:10A3A00005FB0262B7EBB20FC0F0A38001F26B7144
:10A3B000674A05FB0161B2EB311F2CBF1D201C2039
:10A3C00003F11F02002A5BDC03F13D02002A00F3C7
:10A3D000AD8009215F4B53F821301344002BD6DDAB
:10A3E0001A464EE01C20E368002BCDDD0226594DB5
:10A3F000012905D1984231DA1B1A0221C4E903363A
:10A4000055F8212001319A42A3EB020326DA0C29E8
:10A41000C4E90331ECD167694FF0000E49491C20B3
:10A420007A1CDFF824C1C4F810E012F0030F626157
:10A4300001FB02C20AD107F26D771D2001FB07CC98
:10A4400001F180410139B1EBB20F54D2002155F82E
:10A45000212001319A42A3EB0203D8DB03B0F0BD07
:10A4600003F26C7300FB0322394BB3EB321F2CBF9A
:10A470001D201C20B7E703F11F021C20002AA3DDCA
:10A480000B21C4E9032103B0F0BD0C22684600F0A3
:10A49000A9FF6369DDE9002113440029636140DB02
:10A4A000216163E71822684600F09CFFE368DDE95C
:10A4B00000120B44002AE36024DBA26051E73C2237
:10A4C000684600F08FFFA168DDE900231144002BEE
:10A4D000A16021DB636041E73C22684600F082FF17
:10A4E0006168DDE900231144002B61600FDB23600C
:10A4F00030E71D2064E7164A0021B2EB3C1F38BF4D
:10A500001C20A4E71832013BC4E9022329E73C33AD
:10A510000139C4E900311DE73C330139C4E9013197
:10A520001CE70C31013BC4E904131FE70A21A8E72B
:10A5300001291A467FF44EAF0244002AA1DC002113
:10A5400048E700BF295C8FC250B81E05285C8F0207
:10A550000AD7A300D00906122DE9F04F064683B0B2
:10A5600004F0AEFF80463046FFF7ECFEC449B26807
:10A570007769D6E90053C3EB031305EB8305D6E9EE
:10A58000034351F82310013C012B0C444FF461614B
:10A5900001FB025502DDB80700F09B8042F2107308
:10A5A00044F62062F4613B44934200F29781462FC7
:10A5B0004FDD462340F26D1AB248DFF8D8E2DFF8EB
:10A5C000D89213F0030F00FB03FC40F26D120CD184
:10A5D00003F26C71BEEBBC0F4FF4B77200FB01F1DC
:10A5E00003D3B9EB311F38BF524601331444BB4289
:10A5F000E7D1A54B4FEAE579C4FB035900F056FAC1
:10A6000000F060FAA14BD3F800B0BBF1000F00F0EE
:10A61000EF80D6F820A070695246D8F8043000F2D6
:10A620006C70012AA8BF01228342019268D000F019
:10A6300067F9002864D1DDF804B0BBF1010F40F0E8
:10A64000D780D8F850704FF0010B7D1949EBE777B0
:10A65000D3E0CED0442F00F3FA80452340F26D1AA8
:10A660008849DFF82CC2DFF82CE2DFF82C9213F0D7
:10A67000030F01FB03C040F26D120CD1BEEBB00F13
:10A6800003F26C704FF4B77201FB00C003D3B9EB57
:10A69000301F38BF5246013BA41ABB42E7D1B9076D
:10A6A00040F0CC80774A7A4B7A4902FB0730B1EB15
:10A6B000B00FC0F0C98007F26C7102FB0133764A1B
:10A6C000B2EB331F40F26D1328BF4FF4B773E41A97
:10A6D0008FE76C4A6E4B6F4902FB0730B1EBB00F4E
:10A6E00080F0A280013442F2107344F62062F461DB
:10A6F0003B44934200F2F280462F3FF75AAFA9E75E
:10A70000D8F84820D8F82810D8E913E3B2EB010CA8
:10A710004FEAE37B6EEBE170D21A6EEBE37E95427B
:10A7200079EB0E0E03DA654579EB000283DAD8F88F
:10A730002020B2EB030ED8F8242062EB0B02754503
:10A7400079EB0202D8F80020ACBF4FF0010E4FF0B9
:10A75000000E654579EB0000B4BF01200020002AFF
:10A760006FD00EEA0002BAF1000F9346FFF665AF14
:10A77000019A8BEA020ABAF1010F7FF45EAFF26828
:10A7800030680192BBF1000F65D15B1A18445D1966
:10A790003060304649EBE379FFF7D4FDF368019A66
:10A7A0009B1A25D0012B65DD4FF0FF3AF1691AEBBA
:10A7B000010175D4BB0740F08B80324B3448354AD9
:10A7C00003FB070EB2EBBE0FC0F08C8007F26C7774
:10A7D00003FB0700304BB3EB301F40F26D1328BF73
:10A7E0004FF4B7739942A8BFC91A5444F16124E7E2
:10A7F000D8F828707D1949EBE777043400F05CF94C
:10A80000264981FB0431E3172144C3EBA103C3EBC9
:10A81000C303E31A00D50733C6F820B0B361284656
:10A82000394603B0BDE8F08F07F26C7102FB0133CB
:10A83000194AB2EB331FFFF456AF53E740F26D13E2
:10A8400045E74EEA00028EE74FF4B7733FE745272E
:10A8500040F26D133BE7C91A08444D193060304689
:10A8600049EBE179FFF76EFDF368019A9B1A3FF41B
:10A87000E8AE97E7B3F1FF3FA8BF9A4696E700BF5F
:10A88000A0090612295C8FC280510100B8D20020B5
:10A8900050B81E05285C8F020AD7A3009324499262
:10A8A000781E820717D1124B1249134A03FB00107E
:10A8B000B2EBB00F19D307F26B7703FB07110F4B05
:10A8C000B3EB311F40F26D1138BF4FF4B6718CE716
:10A8D00040F26D1386E74FF4B67186E74FF0FF350F
:10A8E0002F469CE74FF4B7737CE740F26D117CE78D
:10A8F000295C8FC250B81E05285C8F020AD7A300BE
:10A900002DE9F047044604F0DBFD40F2B1739C42B0
:10A9100040F3AA806FF4F66C86465C4AA4F26D732D
:10A92000A444A4F2B271446040F26D104FEAAC0C42
:10A930006FF4C8690EF1500500FB01CC82FB0301E6
:10A94000DB175348A3EB61139C4404EB0903A2FB00
:10A95000032372460CEBD31C117A53694A2922D087
:10A9600044293DD16344916928321768CE17C3FB4F
:10A970000016C91946EBE776AA4242E90216EBD166
:10A98000DEF82000DEF84810DEF824308842DEF8D9
:10A990004C204FF001009341B4BF03460023CEF892
:10A9A0000030BDE8F087A7070CEB03060CD1394F48
:10A9B000394901FB0471394FB7EBB10F04D23B2B7E
:10A9C000C8BF0136731ECEE7324F334901FB047115
:10A9D000334FB7EB311FF5D33B2BC8BF0136F1E73F
:10A9E000A10744D0294E86FB0416E117C1EBE611FE
:10A9F0004FF4C87606FB114100290CBF4FF0300818
:10AA00004FF0000827498844D16801293CDD4FEA0E
:10AA1000810A6646A8F10401AAF10809C14451F867
:10AA2000047F49453E44FAD1AAF104018844311D0E
:10AA30001D4F87FB0179CF178944C7EBA907C7EBE7
:10AA4000C707C91BD8F80070591A136903F1FF33FF
:10AA500048BF0731C3EBC3030B44BB4202DB073BD8
:10AA6000BB42FCDA33447EE70020BDE8F0870A4EA3
:10AA7000084906FB041106F18046013EB6EBB10F12
:10AA8000B0D24FF03008BDE76646D0E71F85EB51E6
:10AA90008051010050B81E05295C8FC2285C8F02CE
:10AAA0000AD7A300C40C061293244992014800F06F
:10AAB00059BA00BFBCD20020014800F057BA00BF0D
:10AAC000BCD20020014B186800F002B8A893002007
:10AAD0002DE9F04F05468FB0BF4E04F0F1FCBF49A1
:10AAE0000446284600F0D4FC31688046002800F077
:10AAF000428121B100F03EFA002841D03168084679
:10AB0000FEF70EF8404600F0E7FB0146284601310B
:10AB1000F4F766FD306010B1414600F009FBB04A21
:10AB20000023B04DB04EB14F3360A36223653B604C
:10AB3000C5E900224A22C4E90333C4E90533C4E964
:10AB40000D33C4E90F332272002384F83020002231
:10AB5000C4E90823C4E9122398F800303A2B12D034
:10AB60003C2B16D00DF1300BA14AA24940465B4662
:10AB700000F096FC002803DD0C9AD11E07291ED98F
:10AB80000FB0BDE8F08F98F8013008F101083C2BB8
:10AB9000E8D108F101090DF1300B954A96495B4661
:10ABA000484600F07DFC0028EADD0C9AD11E0729FA
:10ABB000E6D819F802103E29E2D108F1020818F887
:10ABC000021008EB02092D2900F0FB802B294FF021
:10ABD000010808BF09F101090AAB0022874948466C
:10ABE00002930DF12603ADF8262000935B46ADF8E5
:10ABF000282009AACDF80CB0CDF804B000F050FC24
:10AC00000028BDDDBDF826204FF4616CBDF824009E
:10AC1000C2EB0211BDF8282002EB81020C990CFB5B
:10AC2000002208FB02F319F8012089443C2A05930D
:10AC300000F0EA805B46724A6E49484600F030FCFC
:10AC4000002840F3FC800C9AD11E072998D819F8E7
:10AC5000021009EB02082D2900F0B8802B294FF0D3
:10AC6000010908BF08F101080AAB00226349404608
:10AC7000ADF82420ADF82620ADF828200C9209AAC2
:10AC8000CDF80CB0CDE901B30DF1260300935B467E
:10AC900000F006FC002840F3E680BDF826204FF4C3
:10ACA0006160C2EB0211BDF8282002EB8102BDF801
:10ACB000241000FB012209FB02F306930C9A0023E7
:10ACC000CDF81CB0A24690449B4698F80090B9F18C
:10ACD0002C0F03D198F8019008F10108B9F14D0F3C
:10ACE00000F0C680B9F14A0F4FF00A020DA90CBF5F
:10ACF00008F101084FF044094046FEF7B7F80D9BF4
:10AD0000ADF82E00434500F0A18080B28AF808908B
:10AD1000CAF8140098464FF000094FF00203ADF84E
:10AD20002690ADF82430ADF82890CDF8309098F802
:10AD300000302F2B00F0C8804FF4E153CAF81830D0
:10AD40000BF101030AF1280A4FF0010B022BBCD1D1
:10AD5000059B6068A362069B2365254B2B60284BEF
:10AD60006B60FFF7CDFDA26A236D32609B1A18BF9E
:10AD700001233B6004E71C4B0846224AC3F80080CD
:10AD80001A4BC4F82880C3F80080164BC4F85080D2
:10AD9000C3E900224A230022237284F830300023C2
:10ADA000C4E90388C4E90588C4E90D88C4E90F88AB
:10ADB000C4E90823C4E91223FDF7B2FEC6F80080F7
:10ADC000DEE609F101094FF0FF3805E708F1010857
:10ADD0004FF0FF3948E700BF98D20020000A061262
:10ADE000100C0612A0930020B4D20020B8D200208C
:10ADF000A8D200201C0A0612080A06122C0A061203
:10AE00009CD20020040A061209F1010A5B464E4A50
:10AE10004E49504600F044FB00280CDD0C9AD11E30
:10AE200007293FF6ADAE1AF802103E297FF4A8AE0E
:10AE300009F102090BE799F801203E2AEED1444BB3
:10AE4000C5E90033059BA362336099E6BBF1000FAF
:10AE50005AD04D220B2184F830200122C4E90D1272
:10AE60000022E26356E7059BA3F56163069325E79D
:10AE70000DF12E03079A3749404602930BAB03921C
:10AE80000192009313460DF12A0200F009FB0328FA
:10AE90007FF476AEBDF82A305A1E0B2A3FF670AE0C
:10AEA000BDF82C20511E04293FF66AAEBDF82E10C5
:10AEB00006293FF665AE8AF80890CAF81410CAE968
:10AEC00003320C9B984426E7079B0AAA2249404676
:10AED0000393CDE901320DF12602009209AA00F098
:10AEE000DFFA484519DDBDF826304FF46161C3EB48
:10AEF0000312BDF8283003EB8203BDF8242001FBC8
:10AF000002330C9A904419E74D220320C4F814B080
:10AF100022720222C4E90302FCE64A210022002335
:10AF2000C4F82890217284F83010C4F85090C4E915
:10AF30000399C4E90599C4E90823C4E90D99C4E952
:10AF40000F99C4E912231BE69CD20020080A0612BE
:10AF5000A8D20020400A0612540A0612704700BF09
:10AF6000704700BF704700BF704700BF704700BF09
:10AF7000704700BF80EA010C1CF0030F37D110F0BE
:10AF8000030C20F0030021F0030150F8042B08BF4C
:10AF900051F8043B0ED08CF0030C6FF07F434FEA66
:10AFA000CC0C23FA0CFC51F8043B42EA0C0243EAB5
:10AFB0000C0300BFA2F1013C9A4201BF2CEA020C33
:10AFC0001CF0803F50F8042B51F8043BF2D04FEABC
:10AFD00002604FEA1222012828BFB0EB036F08BFBE
:10AFE0001B0AF4D003F0FF03000EC01A704710F0E4
:10AFF000030F0AD010F8012B11F8013B012A28BFDA
:10B000009A42F4D0A2EB030070474DF8045D50F86B
:10B01000042B01F0030521F0030151F8043B022D3C
:10B0200026D04DD822F07F45B5EB132FA2F1013C7D
:10B030002CEA020C0DD11CF0803C08BF51F8043BF7
:10B040000AD185EA0205B5EB036F0CD150F8042B49
:10B05000E8E74FEA13235BE03CF07F4C54D10B78D8
:10B060004FEA126554E04FEA126503F0FF034FE028
:10B070004FEA0245A2F1013C4FEA15452CEA020CC9
:10B08000B5EB134F18D11CF0803C08BF51F8043BBE
:10B0900007D185EA0205B5EB034F09D150F8042B1F
:10B0A000E6E75FEA0C4C2FD10B884FEA12452FE000
:10B0B0004FEA03434FEA12454FEA134328E000BF2B
:10B0C00002F0FF05B5EB136FA2F1013C2CEA020C74
:10B0D0000DD11CF0803C08BF51F8043B0AD185EA31
:10B0E0000205B5EB032F0AD150F8042BE8E74FEA2D
:10B0F00013630DE012F0FF0F06D051F8043B4FEA46
:10B10000122523F07F4303E04FF0000020BC70477E
:10B1100005F0FF0203F0FF00012828BF904204BFA2
:10B120002D0A1B0AF4D0A2EB000020BC704700BF20
:10B1300080EA0102844612F0030F4FD111F0030F91
:10B1400032D14DF8044D11F0040F51F8043B0BD0EF
:10B15000A3F101329A4312F0803F04BF4CF8043B44
:10B1600051F8043B16D100BF51F8044BA3F1013252
:10B170009A4312F0803FA4F101320BD14CF8043B0A
:10B18000A24312F0803F04BF51F8043B4CF8044B3B
:10B19000EAD023460CF8013B13F0FF0F4FEA3323AC
:10B1A000F8D15DF8044B704711F0010F06D011F88B
:10B1B000012B0CF8012B002A08BF704711F0020F79
:10B1C000BFD031F8022B12F0FF0F16BF2CF8022B64
:10B1D0008CF8002012F47F4FB3D1704711F8012B87
:10B1E0000CF8012B002AF9D1704700BF844641EAD0
:10B1F000000313F0030349D1403A23D30B680360E3
:10B200004B6843608B688360CB68C3600B690361E4
:10B210004B6943618B698361CB69C3610B6A0362CC
:10B220004B6A43628B6A8362CB6AC3620B6B0363B4
:10B230004B6B43638B6B8363CB6BC3634030403199
:10B24000403ADBD230320BD30B6803604B6843606B
:10B250008B688360CB68C36010301031103AF3D232
:10B260000C3205D351F8043B40F8043B043AF9D2C0
:10B27000043208D0D2071CBF11F8013B00F8013B93
:10B2800001D30B8803806046704700BF082A13D3A0
:10B290008B07B1D010F00303AED0C3F10403D21A70
:10B2A000DB071CBF11F8013B00F8013BA4D331F8C8
:10B2B000023B20F8023B9FE7043AD9D3013A11F848
:10B2C000013B00F8013BF9D20B7803704B784370D7
:10B2D0008B7883706046704720F0030110F0030004
:10B2E000C0F1000051F8043B00F1040C4FEACC0C13
:10B2F0006FF000021CBF22FA0CF213434FF0010C56
:10B300004CEA0C2C4CEA0C4CA3EB0C0222EA030294
:10B3100012EACC1204BF51F8043B0430F4D0C2F15D
:10B32000000102EA0102B2FA82F2C2F11F0200EB4E
:10B33000D2007047F8B555EC104BC5F30A522F46B2
:10B340000646A2F2FF33132B17DC002B3CDB244A0A
:10B3500042FA03F305EA030252EA040117D0204639
:10B360002946002425EA030522462B46C6E9002388
:10B3700008F0C2FE41EC100BF8BD332B14DCA2F236
:10B3800013424FF0FF33D34013EA040107D107F013
:10B3900000430A46C6E9004543EC102BF8BD2046A1
:10B3A000294624EA0304DFE786ED000B04F0D6F813
:10B3B00080B922462B462046294608F09FFE41ECE4
:10B3C000100BC6E90001F8BD002205F00043C0E9FA
:10B3D0000023F8BD002205F0004343EC102BF8BD1C
:10B3E000FFFF0F0010B491FBF2F402FB1411C0E94F
:10B3F00000415DF8044B70470148FFF7B5BD00BF41
:10B40000C0D200200148FFF7B3BD00BFC0D200206A
:10B410002DE9F047DFF8749080460E461746FFF797
:10B42000EBFFD9F800504DB13378344663B13D2B72
:10B430000AD014F8013F3BB13D2BFAD14046FFF74B
:10B44000E1FF0020BDE8F0873D2BF7D02868A41B62
:10B450000028F3D022463146FEF7D0FC28B92868F0
:10B46000035D00EB040A3D2B04D055F8040F0028BF
:10B47000F0D1E3E7D9F800304046ED1AAD103D6059
:10B48000FFF7C0FF0AF10100BDE8F087F09400204B
:10B4900000B583B001AAFFF7BBFF03B05DF804FB62
:10B4A0000EB470B59DB000254FF4017221AC1B9510
:10B4B000ADF8142054F8046B02900690FFF70CFFCF
:10B4C0000B4903464FF6FF7032460A910949ADF821
:10B4D0001600039307932346086802A90E95139557
:10B4E000019400F099F81DB0BDE8704003B07047BA
:10B4F000ED980412A893002038B54B1C1AD09389FC
:10B5000014465268CDB223F02003A381236BA3B16C
:10B51000636B934209DD23685A1E226003F8015CC5
:10B52000636801336360284638BD214603F048FF55
:10B530000028F0D04FF0FF35F5E7236921682BB1E3
:10B540008B4203D211F8013CAB420ED0234604F1EA
:10B550004000C4E90E1203210122206328466163E2
:10B5600003F8425FC4E9003238BD01390132C4E951
:10B570000012D8E72DE9F04F834685B002FB03F0B7
:10B580000E9C0193A0B388460646D4E90015A84254
:10B5900023D94FF0000904F1400ACDE902024046E8
:10B5A0002A46FFF723FE2168236B58464F19A8440B
:10B5B0001946C4F8049027603746761BDBB1534523
:10B5C00001D0F4F72AF8E06BC4F83090606090B1D5
:10B5D000A16BB04205462160E1D332464046FFF7F9
:10B5E00005FE0198D4E90032921B3344C4E90032CD
:10B5F00005B0BDE8F08FDDE90202A389284443F0DD
:10B600002003C01BA3810023B0FBF2F02269C4E930
:10B61000002305B0BDE8F08F2DE9F04FE5B091466D
:10B620008A4602AF4A6E7B62B1F90C30F8639C0423
:10B6300000F1058143F4005322F400528B814A66E5
:10B640000822002107F148001CF0FAF94FF0000E23
:10B650000AF14003F346C7F82CE0C7F810E0C7E949
:10B660000CEEC7E9053E994BD3F8E45003F02CFFEC
:10B6700007F14802034607F1440100924A46F86B7D
:10B68000A8470028C0F2AE807B6C81440146002BA5
:10B6900000F0B580012800F0C280252B40D00028A2
:10B6A000E1D0A9EB0108DAF80430404408F1FF3694
:10B6B0001A46451E002A16DDDAF800301878711C8B
:10B6C00072780133904240F09A80DAF80420A9425F
:10B6D000CAF8003002F1FF32CAF8042000F0AA8054
:10B6E000002A0E46E8DCDAF83030F86B1946002BF9
:10B6F00000F035857A69934201D0F3F78EFFDAF8CE
:10B700003C300022CAF80430CAF83020002B00F088
:10B710002685DAF83830CAF80030CFE70120014634
:10B72000002699F800C03246ACF1250309F1010466
:10B73000552B64D8DFE813F0E7046300630063006F
:10B7400063009A0363006300630063006300EC001E
:10B75000EC00EC00EC00EC00EC00EC00EC00EC0089
:10B76000EC00630063006300630063006300630038
:10B77000630063007101E80363006300630063001A
:10B78000630063006300870063006300D904630003
:10B790006300630070046300630063006300F900EA
:10B7A000630063005802630063006300630063008A
:10B7B000630063008704C803630063006300A2039F
:10B7C000AF0387006300430150015E013C02620346
:10B7D0006300630070038F00820363006300F9005D
:10B7E00063008F004FF6FD730822002107F1480027
:10B7F0007B641CF025F97B6C09F101097BB9FB6ABC
:10B800003BB1FB6A18683B6B013369D008B1FDF7A7
:10B8100087F9386B07F5C677BD46BDE8F08F2C4A2F
:10B82000D25C11071DD4252B3FF478AF09F1FF3806
:10B83000012038E702365E44A6EB080B13E79004BC
:10B8400000F1A384FCE63507D9D199F801C046F090
:10B850000206A14668E73307D1D199F801C0A14695
:10B8600062E7DAF804200AF140060025FC6B11E0DB
:10B87000DAF800301A78013315498A5C12077FF52F
:10B88000F2AEDAF804200BF1010BCAF80030013AED
:10B89000CAF80420002AEBDCDAF8303020461946DA
:10B8A000002B01F0C180B34201D0F3F7B6FEDAF805
:10B8B0003C30CAF83050CAF80430002B01F0B48094
:10B8C000DAF83830CAF80030D4E700BF50950020CD
:10B8D0009D0806123B6B1BB1BAF80C305B0690D585
:10B8E000FB6ADE8818687EB10024051F8146A046E9
:10B8F00055F8043F01341868FDF712F92B68B4427B
:10B90000C3F80080F4D148464FF0FF333B637DE736
:10B9100016F08F0F7FF473AF02EB82020CEB420242
:10B9200099F801C0A146303AFEE6DAF8043046F450
:10B9300000763C62002B40F36982DAF800C0DFF841
:10B94000A4829CF8000018F8005060462D0741F1D1
:10B95000BF81A3490325B961102179630AF1400928
:10B96000BD63002419464D46914609E0CAF800001F
:10B97000017818F801100A0740F10C84DAF8041075
:10B9800001390BF1010B01300029CAF80410EDDC7C
:10B99000DAF83030F86B1946002B00F0E083AB4248
:10B9A00001D0F3F73AFEDAF83C10CAF83040CAF892
:10B9B0000410002900F0D383DAF83800D6E7350701
:10B9C0007FF41DAF99F801C0BCF16C0F00F0DC876B
:10B9D00046F00106A146A7E616F08F037FF40FAFED
:10B9E000FD6A002D01F04B8099F801C046F08006F9
:10B9F000A14699E63C62F40600F1B3807A6A30070A
:10BA000052F8043B7A6200F1DB87710741F1438110
:10BA1000D7F82090A3F800B025E6DAF8043046F015
:10BA200041063C62002B40F3DE85012A38BF01222B
:10BA3000154616F01003BB6240F0C0867B6A3406E0
:10BA400053F8042B7A607B6241F10380002A3FF4B3
:10BA5000D6AE8020FDF75CF88146002801F0148105
:10BA60007B681860FB6ADE88B3F80480464580F086
:10BA70003E8718687B68FA6A40F82630731C0120FC
:10BA8000C7F81C90D3802023C7E90203002607F1E2
:10BA900060083B69BB6303F017FDB04200F06A83A6
:10BAA000BB6B07F15804DAE90021032B12F8010BF4
:10BAB00001F1FF3108F8060006F10106CAF804108A
:10BAC000CAF8002002D12368042B04D008220021E8
:10BAD00020461BF0B5FF0094334649464246F86BBA
:10BAE00005F054FC411C034600F04483002840F05C
:10BAF0000D83BA6AB344013DDAB9C9F80020F86988
:10BB0000FE68A9EB0004B6EBA40F10D8BA6872B1B6
:10BB1000F100BB6305F000FAF861002801F0B48081
:10BB2000720000EB0409BB6BFA607A68106009F1DF
:10BB30000409DAF804200026002A19DD002DA9D115
:10BB40003B61FB69A9EB0301FB68B3EBA10F03D9D0
:10BB5000BB68002B40F03887BB6A13B93B6B0133DD
:10BB60003B63D7F820907EE5DAF80420002A91DCC8
:10BB7000DAF83010002901F011800AF140029142F8
:10BB800004D0F86BBB63F3F748FDBB6B0022CAF827
:10BB90003020DAF83C20CAF80420002A00F0FE87A2
:10BBA000DAF83820CAF80020002D7FF473AFC7E719
:10BBB000DAF804303C62002B40F39F82DAF800C0D0
:10BBC000DFF820809CF8000018F8005060462C0731
:10BBD00041F1838002490325B96108217963BDE6FB
:10BBE000698E04129D080612214607F18800BA6387
:10BBF00003F096FBDAF8043046F04006BA6B002BEF
:10BC0000386240F35B87002A06F0100308BF4FF04C
:10BC1000FF3216F00108FB6100F04A83002B40F070
:10BC2000C3857B6A300653F8041B39607B6240F1A0
:10BC30001D87BA6300293FF4E2AD8020FCF768FF5E
:10BC4000BA6B8146002801F01F803B681860FB6AD0
:10BC5000DD889E88B54280F0098618683B6801211E
:10BC6000C7F80C9040F825300135FB6ADD802023B1
:10BC7000C7E90113C7F838B04FF000083C69934694
:10BC800003F022FC404500F07582032C07F15006BA
:10BC9000DAE9003202F1FF3213F8011BCAF804207E
:10BCA00007F16002CAF8003002F8081008F1010834
:10BCB00002D13368042B04D00822002130461BF047
:10BCC000BFFE0096434607F160024946F86B05F057
:10BCD0005DFB431C044600F04D82002840F02682A4
:10BCE0000546C9F8000007F158030822002118464C
:10BCF000BB621BF0A5FE80492A46BB6AD1F8E05022
:10BD000007F14001F86BA84701280CBF97F8405095
:10BD1000002507F188035B5D002B00F0B786BB6B45
:10BD2000032C4344BB6300F00A82FB690BF1FF3B29
:10BD3000BBB909F10409F868BE68A9EB0005B6EBC8
:10BD4000A50F0ED87B6863B1F10005F0E5F8F86047
:10BD5000002800F09987720000EB0509BA603A6884
:10BD60001060DAF804304FF00008002B27DDBBF13B
:10BD7000000F85D1D7F838B03C61FB69002B7FF408
:10BD8000F0AEC9F80030FB68BA68A9EB03018B106C
:10BD900001339A427FF6E2AE7B68002B3FF4DEAEC1
:10BDA0003C680431206805F0B7F800283FF4D6AEAF
:10BDB0002060D3E6DAF80430002B3FF761AFDAF801
:10BDC0003010002900F004870AF14003994202D0A4
:10BDD000F86BF3F722FC0023CAF83030DAF83C3075
:10BDE000CAF80430002B00F0F386DAF83830CAF8CD
:10BDF0000030BBF1000F7FF443AFBBE7DAF804304B
:10BE000046F408763C62002B3FF797AD3B4B032589
:10BE1000BB6110237B6383E0DAF804303C62002BC3
:10BE200040F35686DAF80000DFF8D880057818F875
:10BE30000550290740F19B8002258FE5DAF8043090
:10BE40003C62002B40F33D86DAF800C0DFF8B48096
:10BE50009CF8000018F8005060462D0740F142871A
:10BE600026490325B9610A21796377E532437FF4D6
:10BE7000C6AC99F801C01026A14655E433077FF4FB
:10BE8000BEAC99F801C0BCF1680F00F0758546F0B2
:10BE90000406A14648E4DAF804303C62002B40F383
:10BEA0001E86DAF800C0DFF85C809CF8000018F805
:10BEB0000050604615F0080500F019871049032569
:10BEC000B9610021796349E5DAF804303C62002B5E
:10BED00021DDDAF800C0DFF82C809CF8000018F8AB
:10BEE00000506046290740F1EB8605490325B961FA
:10BEF0000A21796332E500BF50950020698E041253
:10BF0000F98C04129D080612DAF8043046F0010696
:10BF10003C62002BDDDCA14B0325BB610A237B6364
:10BF2000DAF83010002900F01A810AF14003994232
:10BF300004D0F86BBA63F3F770FBBA6B0023CAF84E
:10BF40003030DAF83C30CAF80430002B00F00781BA
:10BF5000DAF838007406CAF8000040F11A87012D9B
:10BF60003FF451AE002D76D0022D40F05082002AD1
:10BF700006F0100308BF4FF0FF3216F00109BB6353
:10BF800000F01281BB6B002B40F006847B6A310607
:10BF900053F8044B7B6240F15685BA62002C3FF4A3
:10BFA0002EAC8020FCF7B4FDBA6A8146002800F070
:10BFB0006B86FB6A2060DD889E88B54280F06A84CB
:10BFC0001868FB6A494640F825404FF0200C0135BF
:10BFD000DD80DAF80030DFF8CC811B7818F80350E8
:10BFE00015F0080500F00983BB6B002B7FF4B9AD99
:10BFF000A9EB0101C9F800308B1001339C457FF695
:10C00000ADAD002C3FF4AAAD0431206804F084FFEC
:10C0100000287FF4CDAEA1E5DAF8043046F0010542
:10C020003C62002B40F35785DAF80000DFF874819A
:10C0300090F800C018F80CC01CF0080F00F06B86D8
:10C040002E4602258AE4DAF8043046F040063C62C7
:10C05000002B40F3C882012A38BF0122F30715469E
:10C060003FF5E7ACF30600F1B1837B6A340653F881
:10C07000048B7B6240F1AA82B8F1000F3FF4BFABA2
:10C080001046FCF745FD064600287AD0FB6AC8F842
:10C090000000B3F806909A88914580F07D84186876
:10C0A000FB6A314640F8298009F101090122A3F811
:10C0B00006902B46CDF800A0F86BFFF75BFA06461A
:10C0C00000283FF407AC854207D90146D8F80000A4
:10C0D00004F022FF08B1C8F800003B6BB344D7F866
:10C0E000209001333B63FFF7BEBADAF8043046F024
:10C0F00001063C62002B3FF761AD294B0325BB6174
:10C1000008237B630CE7A146FFF7C9BA821C3FF402
:10C110002BAD0328B34403D12268042A00F05181D7
:10C12000BA6A013D002A3FF4EAAC02E5851C3FF4FF
:10C1300041AED9F80050681C7FF4D5ADE9E533680D
:10C14000042B7FF4F2ADFB69002B3FF4F2ADDAF87B
:10C1500004304FF00008002B3FF792AD2FE6BAF8FD
:10C160000C300022DAF8101043F02003CAE9001264
:10C17000AAF80C303B6B23B1BAF80C305A067FF5A5
:10C180003EABFB6A002B7FF4ABAB4FF0FF333B635E
:10C19000FFF73FBBBD6B4A46E1E600BFF98C0412D6
:10C1A000698E04129D08061206F01003002B40F061
:10C1B000BB84796A16F0800551F8043B1C46BB63CA
:10C1C000796200F0C283BA62002B3FF418AB2020E2
:10C1D000FCF79EFC05460028D3D0FB6ABA6ADE88CD
:10C1E000B3F8049020604E4580F082821868BB6BE3
:10C1F0004FF0200940F826300136FB6ADE8001232B
:10C20000DAF800C0DFF838859CF8000018F8000064
:10C21000010700F1BF82144642462E469846614609
:10C220005B469346DAF80420013ACAF804204A1C17
:10C23000CAF800200A7805F8012BAA1B4A45BA6201
:10C2400011D3B8F1000F0ED04FEA49093046FB6117
:10C25000494604F061FE0646002892D0BB6BBA6ADC
:10C2600018608518FB69013C0BD0DAF80420002A1D
:10C2700040F33C84DAF800100A781BF80220120719
:10C28000D0D59B46A91B43468B44013100228945EA
:10C290002A7006D92BB1BC6B206804F03DFE00B1BA
:10C2A00020603B6BD7F8209001333B63FFF7DBB98D
:10C2B000FB69002B40F03282796A16F0800651F853
:10C2C000043B796200F0CE83BA62BB63002B3FF47B
:10C2D00096AA2020FCF71CFC054600283FF451AF2D
:10C2E000F96ABB6BCE88B1F80480BA6A464518601B
:10C2F00080F0E5820868F96A4FF0200940F826309E
:10C300000136CE8007F18801DAF800000C4601788A
:10C31000615C00293FF473AAB3F100080AF14001FF
:10C32000C7F81CB02E4618BF4FF001089346B962FB
:10C33000BB631BE0B8F1000F27D04FEA4909304634
:10C34000494604F0E9FD064600283FF41AAFBB6BEE
:10C3500005441860BBF1010B3FD0DAF80410002946
:10C3600015DDDAF800000178615CB1B32946DAF82E
:10C370000450013DCAF80450451CCAF8005000782A
:10C3800001F8010B8D1B4D45D4D20D46E2E7DAF8DA
:10C390003010002900F04184BB6A994202D0F86B4A
:10C3A000F3F73BF90023DAF83C10CAF83030CAF84A
:10C3B0000410002900F03184DAF83800CAF80000CF
:10C3C000D1E7BA6A002A3FF49AABDAF804200026D3
:10C3D000002A3FF75FABFFF7CBBBAE1BD7F81CB013
:10C3E000BB6B3FF40CAA711C002289452A707FF6B2
:10C3F00074AEB8F1000F3FF470AE1868BB6304F080
:10C400008BFD00283FF469AEBB6B186065E6D7F87A
:10C410002090DAF800C0531E262B40F2C580A2F10E
:10C42000270327223B6200230AF1400407F160083A
:10C4300046F45865BB63BB622346464614464A46EB
:10C4400099469CF80000A0F12B014D292FD8DFE878
:10C4500001F0802E802E2E856C6C6C6C6C6C6C27C1
:10C46000272E2E2E2E2E2E2E5656565656562E2E03
:10C470002E2E2E2E2E2E2E2E2E2E2E2E2E2E2E7496
:10C480002E2E2E2E2E2E2E2E5656565656562E2EDC
:10C490002E2E2E2E2E2E2E2E2E2E2E2E2E2E2E7476
:10C4A0007B6BA64931F91310082979632ADC914680
:10C4B000E80505D5464500F2988046453FF49FA91A
:10C4C00015F0100214D17B6B4146BC69F86B3270D9
:10C4D000A0477B6AA90603F1040469D42A0740F146
:10C4E0001B827B6A1B6818703B6B7C6201333B6369
:10C4F000A6EB0806BB6B1E44B344FFF7B4B87B6BD6
:10C500000A2BD4DD25F4386506F8010BDAF804109F
:10C5100001390029CAF804102DDD0CF10101013C9C
:10C52000CAF80010C3D08C468BE77B6B25F43865C6
:10C53000824931F913307B63E6E705F4C061B1F558
:10C54000007FB4D125F40075102345F4A0657B630A
:10C55000DAE72B06ABD525F08005D5E72B05D3D53B
:10C560007B6B1BB9082345F400757B63690522D5F5
:10C5700025F4B065C8E7DAF83010002900F03E83F2
:10C58000494504D0F86BFA61F3F747F8FA69BB6ADA
:10C59000DAF83C10CAF83030CAF80410002900F06C
:10C5A0002D83DAF83810BAE700233B623BE77B6A59
:10C5B0001B68186098E73B6A25F4607513B1013B6E
:10C5C00001343B62BB6B0133BB639FE7CDF800A036
:10C5D000134641460122F86BFEF7CCFF06460028C1
:10C5E0007FF47BADC6E500259AE416F8011C52469F
:10C5F000F86B013EFEF780FF5FE73E69C7F81080E9
:10C600009046FC60F961C7F828C002F05DFFA842BF
:10C610003FF4B0AD032E07F15804DAE9003202F11D
:10C62000FF3213F8011BCAF8042007F16002CAF8B0
:10C630000030515505F1010502D12368042B04D0C7
:10C640000822002120461BF0FBF9009407F160024C
:10C650002B464946F86B04F099FE421C06463FF40F
:10C6600089AD002840F07681C9F8000004F0EAFEA8
:10C67000002840F0B781AB4408F1FF38BD6B002DB6
:10C6800040F0D08109F10409F869BB6AA9EB000404
:10C69000B3EBA40F00F2C681FA68002A00F0C28151
:10C6A000D90004F039FC0146F861002800F0EC8262
:10C6B000BB6A00EB04095800FB68B8621960DAF83D
:10C6C0000430002B40F3C682DAF800301B783A6958
:10C6D000D35CC3F3C00383F00103D80702D5B8F1DC
:10C6E000000F92D1FC68F969D7F828C03E617BE45D
:10C6F0004FF6F673BA6299453FF6F2A809F10809B8
:10C70000FC6A4FEA8901206804F006FC00283FF427
:10C71000E7A8BA6AA4F80490206068E5DAF8001087
:10C7200007F188000B78C35C002B3FF468A80AF17E
:10C7300040064546144681460AE000BF440C0612F6
:10C740009D0806120B7819F80330002B00F0898041
:10C75000DAF8043008F101080131013B4445CAE927
:10C7600000137ED0002BEDDCDAF8301000296BD0FE
:10C77000B14202D0F86BF2F750FFDAF83C30CAF859
:10C780003050CAF80430002B5ED0DAF83810CAF8FE
:10C790000010D7E7012179E54FF0000C07F14403C1
:10C7A00061469946644614E4002307F144017B6026
:10C7B00089463B60C7E90233FFF75CBA002399461C
:10C7C000FB617B60C7E90233FFF760B9DAE9002358
:10C7D0009D4240F3F6811A44DAF830101E46A5EB6C
:10C7E0000308CAF80020002900F053820AF1400330
:10C7F000994202D0F86BF2F710FF0023CAF83030EC
:10C80000DAF83C30CAF80430002B00F04282DAF843
:10C8100038209845CAF8002040F3D4819D19BAF811
:10C820000C3043F02003AAF80C30DAF81030CAF8C4
:10C8300000300023CAF80430002D3FF49BACAB4419
:10C84000D7F82090FEF70FBFBAF80C3043F0200362
:10C85000AAF80C30DAF81030CAF800300023CAF811
:10C860000430C344D7F82090FEF7FDBE4FF6F673B0
:10C87000BA639E4200F208820836FC6AB100206862
:10C8800004F04AFB002800F0FF81BA6BA68020600C
:10C89000FFF7E4B94FF6F673BA629E4200F2F481F4
:10C8A0000836FB6AB100186804F036FB002800F077
:10C8B000EB81FB6ABA6A9E801860FFF782BB4FF675
:10C8C000F671BB62BA6388453FF60AA808F108080A
:10C8D000FC6A4FEA8801206804F01EFB00283EF441
:10C8E000FFAFBB6ABA6BA4F80480206003E54FF683
:10C8F000F673984500F2C88108F10808FC6A4FEA0F
:10C900008801206804F008FB002800F0BD81A4F82D
:10C9100004802060FFF7AEB86B075FD415F001020A
:10C920007FF445AEA9077FF542AEC74BB969F86BF6
:10C9300099427B6B414600F0F78104F05FFC0B46A7
:10C940007A6A1168C1E90003CEE52B46BD6B9946B2
:10C95000BB6355E4831C3FF4B2AED9F8000004F089
:10C9600071FD00283ED1032EAB447FF485AE2368D1
:10C97000042B7FF481AE81E699F802C046F00806E8
:10C9800009F10209FEF7D0BE99F802C046F002068E
:10C9900009F10209FEF7C8BE4FF6F6739A423EF659
:10C9A0009FAF02F10804FB6AA100186804F0B4FA12
:10C9B00000283EF495AFFB6A9C801860FFF770BBBF
:10C9C00083F800B0FFF7CDB87C68206804F0A4FAC3
:10C9D00000283FF4C1A82060FFF7BEB87B6A1B683F
:10C9E000188081E507F16003FC68F969D7F828C071
:10C9F0003E615E19C7F828908946FC613446D7F835
:10CA00003C806646013D524614F8011D4046FEF743
:10CA100073FD002DF6D14946FC69D7F82890B4463D
:10CA2000FFF7E2BA00254AE6BAF80C3043F02003DB
:10CA3000AAF80C30DAF81030CAF800300023CAF82F
:10CA40000430FEF710BEA146BC6BA4462146FFF79A
:10CA5000C0BABB6AD7F80490FB617B60C7E90233B8
:10CA6000FFF714B81D46B14633464BE4FB69D7F8CF
:10CA70000090FB603B60C7E90133FFF7FBB882B071
:10CA8000CDE9023302ABFB62FEF7AEBFD7F838B098
:10CA90003C61B8F1000F3FF470A907F1600345460F
:10CAA000FE6B03EB0804013D524614F8011D3046AD
:10CAB000FEF722FD002DF6D1FFF75FB90125FFF744
:10CAC0002FBA614B0325BB610A237B63FFF728BAAA
:10CAD0000225FFF725BA2E460225FFF721BA5B4B48
:10CAE0000325BB6100237B63FFF71ABADAF8301025
:10CAF000002900F023810AF14002914204D0F86B32
:10CB0000BB62F2F78AFDBB6A0022CAF83020DAF86D
:10CB10003C20CAF80420002A00F01081DAF838100E
:10CB2000CAF80010FFF7A8BBDAF80000DFF8208190
:10CB3000037818F8033019073FF513A80AF14006E7
:10CB40004D46144605E0037818F803301B0700F142
:10CB5000B080DAF8043009F101090130013B4C459D
:10CB6000CAE9000300F0A280002BECDCDAF83010F8
:10CB7000002900F0C080B14202D0F86BF2F74DFD01
:10CB8000DAF83C30CAF83050CAF80430002B00F014
:10CB9000B280DAF83800CAF80000D4E73B61BAF88E
:10CBA0000C3043F02003AAF80C30DAF81030CAF841
:10CBB00000300023CAF80430002E3EF4C2AFFFF765
:10CBC000D9BAA846A3EB08034244CAE9002336E6D3
:10CBD000BAF80C30D7F838B043F020033C61AAF81B
:10CBE0000C30DAF81030CAF800300023CAF80430EC
:10CBF000B8F1000F3FF4C1A8FFF7BCBABAF80C3087
:10CC0000914643F02003AAF80C30DAF81030CAF845
:10CC100000300023CAF804304AE4BAF80C20B542C8
:10CC2000D7F81CB042F02002BB6BAAF80C20DAF84F
:10CC30001020CAF800204FF00002CAF804203FF488
:10CC400099AAAE1BFFF7CFBB698E0412F98C0412B0
:10CC50009D080612DAF83010002900F083800AF1EE
:10CC60004003994202D0F86BF2F7D7FC0023CAF8D0
:10CC70003030DAF83C30CAF80430002B72D0DAF8E1
:10CC80003830CAF8003021E54FF0FF333B63FEF740
:10CC9000B6BD3546C3E5F2070ED4B5070CD54FEA4D
:10CCA000EB72C3F800B05A60FEF75BBFA344FEF717
:10CCB00058BFCB44FEF755BFC3F800B0FEF751BFD5
:10CCC0003A4BBB610A237B63D7F82090FFF7A3BBE5
:10CCD000374BBB6110237B63F6E7354BBB61082301
:10CCE0007B63F1E7324BBB610A237B63ECE72F4B9D
:10CCF0007D63BB61E8E7BAF80C30CB4443F0200316
:10CD0000AAF80C30DAF81030CAF800300023CAF85C
:10CD10000430FEF726BF5AB906F010034FF0FF3279
:10CD20002E46BB63FFF72EB904F02EFB0B4607E639
:10CD300006F010032E46BB63FFF724B9BAF80C20A7
:10CD40009B46A91B434642F020028B440131AAF8BE
:10CD50000C20DAF81020CAF800200022CAF80420BB
:10CD6000FFF794BABAF80C30FC6843F02003F96975
:10CD7000D7F828C0AAF80C30DAF810303E61CAF8AB
:10CD800000300023CAF80430002D7FF4F3A9FFF728
:10CD90002BB990F800C0DFF81C8018F80CC01CF00C
:10CDA000080F7EF4DBADFFF7DAB800BFF98C041290
:10CDB000698E04129D0806122DE9F04FDBB00C4677
:10CDC00082460A910DF1A80807920E9302F082FBA9
:10CDD000036818461693FEF77FFA08221590002183
:10CDE00040461AF02DFEA3891F0603D52369002BA8
:10CDF00001F05C810023CDF810A09E46CDE92F33D1
:10CE000031ABCDF85CE0CDF860E01C462E93CDF858
:10CE100020E0CDF844E09FED727BCDE919EE8DED79
:10CE2000127B079E049F704BD3F8E45002F04CFB3A
:10CE30003246034626A93846CDF80080A847002888
:10CE4000034600F09B80C0F29180269A252A01D0EB
:10CE50001E44E8E7079B0546F71A40F0938000233D
:10CE60004FF0FF32751C96F801908DF88F300993C2
:10CE7000069203930135A9F120035A2B00F2B680E4
:10CE8000DFE813F0E503B400B400DE03B400B4003F
:10CE9000B400BD03B400B400F8020A03B4000303F5
:10CEA000F703B400F0035B005B005B005B005B001A
:10CEB0005B005B005B005B00B400B400B400B40036
:10CEC000B400B400B4002501B40042023A042501C4
:10CED00025012501B400B400B400B4003204B4004C
:10CEE000B4008603B400B400B4007802B4001404A3
:10CEF000B400B4009C08B400B400B400B400B400A2
:10CF0000B400B400B4002501B40042026801250158
:10CF100025012501100368016D00B4002A03B40047
:10CF20001B03560335036D00B40078026A00AD029E
:10CF3000B400B400C908B4006A00A9F130030022AB
:10CF400002EB820215F8019B03EB4202A9F13003C8
:10CF5000092BF5D909928EE795F800908AE7039B93
:10CF600095F8009043F02003039383E70822002103
:10CF700040461AF065FD01231E4454E7079B054611
:10CF8000F71A11D0079B2F9AC4E900370132309B62
:10CF9000072A3B442F92309317DC0834089B3B440C
:10CFA0000893002D7FF45BAF309BDDF810A0002BC1
:10CFB00041F0E0830A9B9B8903F04003002B41F082
:10CFC000628708985BB0BDE8F08F2EAA0A99049892
:10CFD00001F0C2FF0028EDD131ACDFE7AFF30080F4
:10CFE0000000000000000000509500200795B9F1F6
:10CFF000000FD9D00023012241AF8DF804918DF8A4
:10D000008F300B930C92069314930592CDE90F3356
:10D01000039B309D13F08403AE4600F0D5809DF84D
:10D020008F20EAB12F98002601300122013562607D
:10D0300007280DF18F02CDE92F05226000F3C3848C
:10D0400008346EB12F98013024AA023522600728D7
:10D050004FF00202CDE92F05626000F3A684083488
:10D06000802B00F0E183069B0C9A9E1A002E00F3A1
:10D07000BC80039BDE0500F1F0800C9B27601D4403
:10D0800063602F9B30950133072B2F9300F33A8475
:10D090000834039B5A0705D5099B059A9E1A002E52
:10D0A00000F39F840599DDE908328A42ACBF9B18E2
:10D0B0005B180893002D40F0F38300232F930B9B04
:10D0C0001BB10B990498F2F7A8FA31ACA9E60E9BB4
:10D0D0004FF0FF320795073323F00701A04BB1EC67
:10D0E000027B57EC176B0E9127F000418DED1C7AF7
:10D0F0001D91DDE91CAB8DED127B5046594607F0C2
:10D100004DFC002840F060864FF0FF32944B5046B3
:10D11000594607F025FC0546002840F05586039B3C
:10D1200000223046394623F080030393002307F0A2
:10D130000DFC002841F0B682B9F1470F9DF88F3001
:10D14000CCBF884F884F002B41F05F8503220B93A3
:10D150000C9258E703990795880640F123860E9BA9
:10D160000391073323F007031A465B6852F8085B04
:10D170001E460E92002BC0F2D182069A002AC0F2FF
:10D180004381039B23F08003039355EA060340F099
:10D190003B81131E18BF0123002A40F035811A4637
:10D1A0000B939DF88F305AAF309D191E039BAE46EE
:10D1B000069218BF012113F084030C92059114927A
:10D1C000CDE90F227FF42BAF099A0599561A002E4C
:10D1D00000F30C859DF88F20002A7FF423AF069B77
:10D1E0000C9A9E1A002E7FF744AF102E2F9ADFF86C
:10D1F0007CA123DD29461023DDF810B00A9D02E052
:10D20000103E102E19DD013210315848072AC4E9AA
:10D210000003CDE92F2104F10804F1DD2EAA2946EF
:10D22000584631AC01F098FE002840F01484103EBE
:10D230001023102EDDE92F21E5DC0D4601323544A7
:10D24000C4F800A0072A6660CDE92F2500F31185F8
:10D25000039B0834DE057FF510AFB9F1650F40F38D
:10D260005C8300220023DDE9120107F065FB002842
:10D2700000F0FA832F9B01353D4A0133309522603F
:10D280000122072B2F93626001F382800834259BD3
:10D29000119A934280F21385159B169A1D44C4E996
:10D2A00000232F9B30950133072B2F9300F3F28639
:10D2B0000834119B5E1E002E7FF7EBAE102E2F9BC5
:10D2C000DFF8A8A040F314831027DDF81090DDF8F4
:10D2D00028B003E0103E102E40F30A8301331035CE
:10D2E000072BC4E900A7CDE92F3504F10804F1DDCF
:10D2F0002EAA5946484601F02FFE002841F02B8007
:10D3000031ACDDE92F35E5E70E9BB9F1430F079509
:10D3100003F1040503D0039BDE0640F1A186082239
:10D3200000212CA841AF1AF08BFB0E9A2CAB04986D
:10D330001268394604F054F803460C90013301F0AA
:10D340009D850C9B23EAE373059300230E958DF8CE
:10D350008F300B9306931493CDE90F3358E600BF3B
:10D36000FFFFEF7F6C0A0612680A0612680C0612AD
:10D37000A80A06120E9E0023079556F8047B8DF826
:10D380008F30002F00F0A186B9F1530F01F00C800F
:10D39000039B13F010030F9341F00680069B002BB4
:10D3A000C1F2F3811A460F99384602F097F89DF8BA
:10D3B0008F300B90002801F090840B9AD21B0C92B6
:10D3C00022EAE27205920BB1013205920F9B4FF0F7
:10D3D00073090E960693149310930B9318E6039912
:10D3E00007958F0640F19B840E9B002207338DF832
:10D3F0008F20069A23F00703002A5E6853F8085B23
:10D400000E9380F2628403910A2D76F1000380F07E
:10D410009881069B30359DF88FC00DF26717012B60
:10D420008DF86751B8BF0123059300230F930123A3
:10D430000C9300230B93BCF1000F02D0059B01332A
:10D4400005930F9B002B01F04685059B0233059346
:10D45000039BDDE92F0513F08403AE46024600F07E
:10D460003782BCF1000F40F0F882CDF850C0CDE912
:10D470000FCCE8E50E9B53F8042B002A099280F2AA
:10D480003B84099A0E9352420992039B95F80090AF
:10D4900043F004030393EDE42B2395F800908DF8FB
:10D4A0008F30E7E495F80090039BB9F1680F00F026
:10D4B000E18543F040030393DCE4039A0E9B92065C
:10D4C000079503F1040140F15B841B68089A1A6018
:10D4D000D2175A600E91A4E495F80090039BB9F11D
:10D4E0006C0F00F0CF8543F010030393C2E40022D9
:10D4F0000E99079547F63003069D51F8040B9542A7
:10D50000ADF890308DF88F200346C0F28785039DDB
:10D5100025F0800545F002050395002840F08A8734
:10D520000698002840F086874FF078090E91D6E3E0
:10D5300003980795810640F111840E9B073323F071
:10D5400007031A46596852F8083B0E9200228DF8DC
:10D550008F20069A002A2DDB20F490620392069A0F
:10D560005ABB53EA010214BF0122002225D110F058
:10D570000101059100F0C58330230DF26717069273
:10D580008DF867310C910B921492CDE90F223FE593
:10D59000039B07959D0643F01000CED40E9B1A1DE9
:10D5A0000E9B00210E9200221B688DF88F20069A98
:10D5B000002AD1DA20F4806203925AAF03F0070206
:10D5C000DB08384643EA41733032C90807F8012DB9
:10D5D00053EA0105F2D1302A03D0039BDB0700F1A7
:10D5E000DE845AAB069ADB1B9A420C93B8BF1A46EC
:10D5F000059200230B931493CDE90F3308E5049FA4
:10D60000384601F067FF436818461893FDF764FE3B
:10D610001A900646384601F05DFF836895F8009041
:10D620001993002E3FF426AC002B3FF423AC1B785B
:10D63000002B3FF41FAC039B43F48063039319E476
:10D64000039B95F8009043F00103039312E49DF8C7
:10D650008F3095F80090002B7FF40CAC20238DF8D0
:10D660008F3007E4039B95F8009043F08003039309
:10D6700000E4294611F8019BB9F12A0F01F0EC836F
:10D68000A9F13003092B01F20682002202EB82028B
:10D6900011F8019B03EB4202A9F13003092BF5D9E4
:10D6A00042EAE2730D460693FFF7E5BB039B07953D
:10D6B00043F010019B063FF597AE0E9B1A1D002606
:10D6C0000E9B06981B68B0428DF88F601D46C0F215
:10D6D000AC8721F080010E920391002B7FF494AE71
:10D6E000002800F0FC828FE6039B95F8009043F041
:10D6F00008030393FFF7BEBB039B07959D0643F00A
:10D7000010013FF52CAD0E9B1A1D0E9B03911D6859
:10D710000E92EE173346002BBFF62FAD2D236D4230
:10D720008DF88F3066EB4606069B002BFFF66CAE3D
:10D73000039B0A2D23F08003039376F10003FFF48B
:10D7400068AE039B002205945AA903F48063CDF8C8
:10D750002C90DFF8C8B996461C46DDF8649023E0AB
:10D76000AB19AA463046394643F10003ABFB032C04
:10D770002CF0030202EB9C029B1A4FF0CC32EB1A06
:10D7800066F1000602FB03F2BAF10A0FA3FB0B538A
:10D790000BFB06224FEA550570F10000134445EAE1
:10D7A000C3754FEA53062BD3AB190EF1010E01F1ED
:10D7B000FF3743F10003ABFB032020F0030202EB31
:10D7C00090029B1AEB1AA3FB0B3266F100005B0878
:10D7D0000BFB002243EAC27303EB8303A5EB430375
:10D7E000303301F8013C002CBAD099F80030FF2BFF
:10D7F000B6D07345B4D10A2D76F1000381F0B6801E
:10D8000000225AAB059CDB1B0F92069ACDF8649060
:10D810009A42DDF82C909DF88FC0B8BF1A46CDF81B
:10D8200044E00C93059204E6099B059A9E1A002E8B
:10D830007FF719AC102E2F9ADFF8E8A823DD2946D0
:10D8400010235546DDF828B0DDF810A002E0103EA8
:10D85000102E16DD01321031072AC4E90053CDE93C
:10D860002F2104F10804F2DD2EAA5946504601F09A
:10D8700073FBF8B9103E31AC1023102EDDE92F21D7
:10D88000E8DCAA460D4601323544C4F800A0072A58
:10D890006660CDE92F2500F3B2850834FFF7E3BBBE
:10D8A0002EAA0A99049801F057FB00283FF405AC12
:10D8B000DDF810A00B9B002B3FF47CAB0B9950467E
:10D8C000F1F7ABFE0A9B9B8903F04003FFF776BBA1
:10D8D000099E05991493761A002ECDE90F3300F3B3
:10D8E0003E81BCF1000F3FF4AEAB0226FFF79CBBBC
:10D8F00001333544C4F800A0072B6660CDE92F350D
:10D900007FF7C6AB2EAA0A99049801F025FB0028E0
:10D91000CED1309D31ACFFF7BCBB119B01352F9EA2
:10D9200004F10809012B06F1010640F3618101238E
:10D93000072E27606360CDE92F6500F3B381159B47
:10D940000136169A1D44072EC9E90023CDE92F653B
:10D9500000F39B8109F10809119B00225C1E002342
:10D96000DDE9120106F0E8FF002840F05A81013697
:10D9700001372544C9F80440072EC9F80070CDE9E5
:10D980002F6500F3418109F10809179B01361D44F9
:10D99000C9F80430072E28ABCDE92F65C9F800304F
:10D9A000B0DC09F10804FFF774BB2EAA0A990498A9
:10D9B0001B9301F0D1FA00287FF47AAF309D31AC8F
:10D9C0001B9BFFF74DBB2EAA0A9904981B9301F0ED
:10D9D000C3FA00287FF46CAF309D31AC1B9BFFF77E
:10D9E00030BB102E2F9BDFF840A720DD1027DDF87D
:10D9F0001090DDF828B002E0103E102E17DD013344
:10DA00001035072BC4E900A7CDE92F3504F1080430
:10DA1000F2DD2EAA5946484631AC01F09DFA0028A5
:10DA200040F09984103E102EDDE92F35E7DC0133FC
:10DA30003544072BC4E900A6CDE92F357FF732AB7B
:10DA40002EAA0A99049801F087FA00287FF430AFD3
:10DA5000309DFFF727BBDA462CE7002202261492FE
:10DA6000CDE90F22FFF7E0BA2599002940F3208481
:10DA70000F9B119A9342A8BF1346002B99460ADDCB
:10DA80001D44C4E900732F9B30950133072B2F935E
:10DA900000F34B8708340F9EB9F1000FA8BFA6EB27
:10DAA0000906002E00F32183039A0F9B52053B4485
:10DAB00000F15683259E119A964203DB0399C8070D
:10DAC00040F12886159A16991544C4E900122F9A38
:10DAD00030950132072A2F9200F396870834119A65
:10DAE0001744961BFF1AB742A8BF3746002F0ADD1E
:10DAF00023603D442F9B676001333095072B2F93A4
:10DB000000F3BA870834002FA8BFF61B002E7FF75A
:10DB1000C0AA102E2F9BDFF80CA67FF7E9AE1027C6
:10DB2000DDF81090DDF828B003E0103E102E7FF7EE
:10DB3000DFAE01331035072BC4E900A7CDE92F353F
:10DB400004F10804F1DD2EAA5946484601F004FA12
:10DB5000002840F0008431ACDDE92F35E5E70223F1
:10DB6000102E7146DFF8C0A52ADD1B935346A4464C
:10DB7000BA461025DDF810B00A9C1F4602E0103EA0
:10DB8000102E18DD01321031072ACCE90075CDE9DD
:10DB90002F210CF1080CF2DD2EAA2146584601F087
:10DBA000DBF90DF1C40C00287FF455AF103E102EA8
:10DBB000DDE92F21E6DC3846644657461B9B82464A
:10DBC000501C7518C4F800A007286660CDE92F0521
:10DBD00000F39E839DF88F200834002A40F09B803C
:10DBE000002B3FF440AA1346FFF72DBA2F9AB7E750
:10DBF000039BD9073FF59BAE0123072E2760636087
:10DC0000CDE92F657FF7C1AE2EAA0A99049801F0DD
:10DC1000A3F900287FF44CAE0DF1C409DDE92F65AE
:10DC2000B3E6119B012B7FF7B0AE112BDFF8F4A404
:10DC300040F30A841027DDF810B003E0103C102CEC
:10DC400040F3028401361035072EC9E900A7CDE95B
:10DC50002F6509F10809F1DD2EAA0A99584601F04D
:10DC60007BF900287FF4F7AE0DF1C409DDE92F65DB
:10DC7000E4E72EAA0A99049801F06EF900287FF4CF
:10DC800017AE309D31ACFFF7F4B92EAA0A9904986B
:10DC900001F062F900287FF40BAE0DF1C409DDE953
:10DCA0002F6559E62EAA0A99049801F055F9002823
:10DCB0007FF4FEAD0DF1C409DDE92F653FE6039B5E
:10DCC000D8077FF5E6A9FFF7E7BA21F080030393B1
:10DCD00055EA06037FF498AB002A7FF495AB039ACC
:10DCE00000239DF88FC05AAF02F0020205930C93F7
:10DCF0000F920693FFF79DBB95F800900E93FFF7E8
:10DD0000B9B8059A5AAF06920C9214920B92CDE9CB
:10DD10000F22FFF77DB91E460023FFF785B903994F
:10DD20000E9A11F0100652F8043B7FF4C8AC039829
:10DD300010F0400100F0B0839DB2069B8DF88F601B
:10DD4000002BC0F25A8220F080010E920391002D28
:10DD50007FF45AAB002BC2D0FFF756BB03990E9A43
:10DD600011F0100152F8043B41F0DE80039D15F0E4
:10DD7000400000F0AA839BB228460E92FFF7E6BB54
:10DD8000039BDB0600F15A83039B5F0600F1CA8404
:10DD9000039B9E0540F152830E9B089A1B681A70E4
:10DDA000FFF798BB039B0E9AD90652F8045B01F16A
:10DDB000CA80039B5F0640F15C8345F3C0360E9238
:10DDC0002DB23346FFF7D6B9DDE9120102460B4604
:10DDD00006F0E4FD0646002840F0DC8629F0200B22
:10DDE000BBF1410F40F082833023B9F1610F8DF810
:10DDF000903014BF582378238DF89130069B632B05
:10DE000000F3DB84DDE91212002AC0F2B48641AFD0
:10DE10001B900B909DED127B8DED207B25A89DED39
:10DE2000200B01F0BDFB00224FF07F5351EC100B93
:10DE300006F01AFB02460B46CDE90C230022002314
:10DE400006F07AFD08B101232593B9F1610FCDF8F1
:10DE50003C903E46BB460CBFAC4BAD4B0593069B7E
:10DE6000DDF814A0591E06948946DDE90C4509E049
:10DE70000022002309F1FF3706F05EFD002840F084
:10DE8000A186B9460022A34B2046294606F0ECFAAB
:10DE90000D46044606F098FD074606F07BFA02465A
:10DEA0000B462046294606F027F91AF80730B9F143
:10DEB000FF3F324604460D4606F8013BD8D1924654
:10DEC000954B0022DDF83C90CDE90C453D46069C83
:10DED0005F4606F059FD40B900228F4BDDE90C0189
:10DEE00006F02AFDD8B1EB0719D5059B3246CDF8CF
:10DEF000B0A0D97B16F8013C994209D1302002F834
:10DF0000010C2C9A531E2C9312F8013C8B42F6D034
:10DF1000392B00F0D5870133DBB202F8013C039BBB
:10DF2000259A43F00201F31B119309F10F038DF8B9
:10DF3000A030531E002B2593C0F21C872B22092BE7
:10DF40008DF8A12000F398840DF1A202303302F87D
:10DF5000013B28ABD31A1793119B179A012B1A4434
:10DF60000C9240F3F7850C9B159A13440C9321F403
:10DF7000806301F0020243F480730F9203930C9BC1
:10DF800023EAE37305931B9B002B00F0CE854FF033
:10DF90002D0C00238DF88FC00693FFF74FBA302366
:10DFA0000238069A07F8013C5AAB07461B1A9A42F8
:10DFB0000C93B8BF1A460592FFF71BBB5448079550
:10DFC000039B0E9913F0200200F01A81073121F013
:10DFD00007014A6851F8083B53EA0205039E14BF43
:10DFE00001250025F60702D5002D40F0B781002657
:10DFF0008DF88F60069E002EC0F21181039E26F4DC
:10E0000090660396069E002E40F0BA81002D40F0E7
:10E01000B7810E9163E63D480795D1E70398944692
:10E020000E914FF0780940F002000221039037482A
:10E030000F915AAF03F00F011B09415C43EA0273D1
:10E04000120907F8011D53EA0201F3D15AAB069AEF
:10E05000DB1B9A420C93B8BF1A460592FFF7E9B949
:10E060000E9B41AF1B688DF80431012305930C937F
:10E07000FFF76BB943F4007395F8019001350393F2
:10E08000FEF7F8BE43F0200395F8019001350393A5
:10E09000FEF7F0BE2EAA0A99049800F05DFF002852
:10E0A0007FF406AC309D31ACFFF703B940215046F8
:10E0B000F1F796FA0A9B18601861002800F00487AF
:10E0C00040230A9A5361FEF795BE069B3A4606978F
:10E0D000062B0E96149228BF0623CDE90F22CDE918
:10E0E0000B7305930E4FFEF793BF102E2F9BDFF897
:10E0F00034A040F38D8251462A46BA464FF01009AB
:10E10000DDF810B00F460A9D14E000BF780A061231
:10E110008C0A0612000030400000E03FCDCCCCCC91
:10E12000A00A0612680C0612780C0612103E102E79
:10E1300040F36A8201331032072BC4E90079CDE93C
:10E140002F3204F10804F1DD2EAA2946584600F0CA
:10E1500003FF00287FF47FAC31ACDDE92F32E5E727
:10E16000109A14990A43119A00F0B286B8188B4697
:10E17000224629461C46DFF870A3DDF8649003466A
:10E180001A9D1B97BBF1000F34DC109809F1FF3981
:10E190000138109018982944C2E900052F98309151
:10E1A000013007282F9000F3C98008321F1B99F80F
:10E1B000000006938742A8BF0746002F0CDD2F986A
:10E1C00039440130309107282F90C2E9004700F30D
:10E1D0002281083299F80000002FACBFC61B06460A
:10E1E000002E28DC044410980028CBDCBBF1000F83
:10E1F00040F3B4850BF1FF3BCCE70E92FFF704B977
:10E20000039D51F8043B15F010057FF4E5AE039A29
:10E2100012F0400600F038819BB22A46DCE6039DEE
:10E2200025F4806503950E914FF0000C039901F0E1
:10E2300002010F91FDE6102E2F9840F3F4850C9407
:10E24000102734460F950A9E049DCDF850A01993CF
:10E2500002E0103C102C17DD013010310728C2E914
:10E2600000A7CDE92F0102F10802F2DD2EAA314606
:10E27000284600F071FE002840F0C383103C31AA0C
:10E28000102CDDE92F01E7DC26460F9D0C9CDDF804
:10E2900050C0199B01303144C2F800C007285660B5
:10E2A000CDE92F0100F34D83083299F8000099E77A
:10E2B0002F9B01358A4A0133309522600122072BBA
:10E2C0002F93626000F317820834119B0B4300F018
:10E2D000AA83159B169A1D44C4E900232F9B3095F1
:10E2E0000133072B2F9300F3138304F10802002955
:10E2F000C0F2D6831199013317600D44072B51608A
:10E30000CDE92F353FF7FEAA02F10804FEF7C1BEA2
:10E310002EAA0A9904981B9300F01EFE00287FF491
:10E32000C7AA9DF88F20309D1B9B002A00F0998082
:10E330001E4631AC03462F98FEF776BE2EAA0A99E8
:10E340000498069300F008FE00287FF4B1AA3099E3
:10E3500031AA069B2AE7CA46FFF7ACBA30258DF8EA
:10E3600091908DF8905000258DF88F50069D002DCE
:10E37000C0F2AB81039D25F4906545F0020503953D
:10E380000E9103999DF88FC001F002010F9150E6A4
:10E390002EAA0A99049800F0DFFD00287FF488AACD
:10E3A000309D31ACFEF773BF0DF1B00A0822002199
:10E3B0002797504619F044FB069B002BC0F238818A
:10E3C000002505940B969B462C46049E0EE041A921
:10E3D000304603F005F8421C05F10405204400F026
:10E3E000BE83584507DC00F001840446279A534653
:10E3F0005259002AEBD10C940B9E059C26E12EAAC3
:10E400000A99049800F0A8FD00287FF451AA309DD5
:10E4100031ACFEF728BE2EAA0A9904980C9300F09E
:10E420009BFD00287FF444AA99F8000031AA309996
:10E430000C9BD1E62B484FF07809A1E70E9B089A78
:10E440001B681A60FFF746B801362544C9F800A0DA
:10E45000072EC9F80440CDE92F657FF794AAFFF78E
:10E46000D3BB002B00F0538113462F9831ACFEF73D
:10E47000EABD039B0E929E0540F1728145F3C016E2
:10E480006DB23346FEF776BE039A12F400723FF483
:10E49000A3ADDBB232469FE5039810F4007600F09E
:10E4A0004B81DDB2069B0E468DF88F10002BFFF6D8
:10E4B000A4AE20F080010E920391002B7EF4A4AF55
:10E4C000002D3FF40CACFEF79FBF039D15F40071C7
:10E4D00000F02E810146DBB228460E92FFF736B8D7
:10E4E000A80A0612780A0612680C0612069A039BFE
:10E4F000551C43F4807ADDE912010B4600F072816D
:10E500001AB9BBF1470F00F04E84002BC0F29F8375
:10E5100000239DED127B1B938DED1E7BB9F1650FE2
:10E5200000F0948200F37581B9F1450F00F08E82FE
:10E53000B9F1460F40F07181069B032111932CAB7A
:10E54000119D0498019327AB2A46009325AB9DEDBE
:10E550001E0B01F0F5F8BBF1460F0746054440F0ED
:10E56000DE833B78302B00F0CB83259B1D440022BB
:10E570000023DDE91E0106F0DFF9002840F0BB832F
:10E580002C9B9D4240F2AC8430215A1C2C92197075
:10E590002C9BAB42F9D3259ADB1BBBF1470F0F92A3
:10E5A000119300F05081BBF1460F40F05481039B62
:10E5B0000F9903F00103069A002943EA020340F38E
:10E5C0006B84002B40F039830F9B4FF066090C934E
:10E5D000039B5B0500F14C830C9B23EAE3730593DB
:10E5E0001B9B002B00F03782059BCDF80CA001335C
:10E5F000059300231A460B932D2306928DF88F3036
:10E6000014921092FEF704BD15463A4657469246BC
:10E6100001333544C4F800A0072B6660CDE92F35DF
:10E6200000F3EB800834FFF73FBA0E92FEF7EBBE23
:10E63000002327AA04981946CDF800A002F0F6FEA0
:10E6400003460C90013300F07B8427970C9B002B32
:10E6500042D0632B00F3A780002341AF0B93082225
:10E660000021504619F0ECF90C9D27AA39462B469B
:10E670000498CDF800A002F0D9FE854240F03A841B
:10E680000C9900237B5421EAE1719DF88F200591BC
:10E69000002A40F0278206920E961492CDE90F22AE
:10E6A000FEF7B6BC2D23B9F1470F8DF88F305BDD37
:10E6B00003222B46AA4F0B950C9204221493CDE90A
:10E6C0000523CDE90F33FEF7A3BC039D25F4806538
:10E6D00045F002050395A6E59DF88F300E96003BA8
:10E6E00018BF012305930C9B069314930B93CDE95C
:10E6F0000F33FEF78DBC2EAA0A99049800F02CFC6B
:10E7000000287FF4D5A8259931AC309DDDE531ACEA
:10E71000FEF7A9BC1744961BFF1AB742A8BF37469D
:10E72000FFF7F1B90E9B089A1B681A80FEF7D2BE5C
:10E7300003980E92FEF70ABF06991D468DF88F606A
:10E740000029FFF65AAD03980E9220F08000039046
:10E7500000297EF459AE002B3FF4C1AAFEF754BE47
:10E76000EE173346FEF706BD03222B467D4F0B9571
:10E770000C92A2E70A9C2EAA5046214600F0ECFB20
:10E78000A38903F04003FEF719BC3846FCF7A4FD4B
:10E790009DF88F3020EAE0720C900592002B3EF439
:10E7A00015AEFEF711BE591C0498F0F719FF074685
:10E7B000002800F0BC830B9051E7591C0498F0F737
:10E7C0000FFF0746002800F05983DDE91212002AE6
:10E7D000C0F214831B960B909DED127B8DED207B78
:10E7E000FFF71CBB0029C0F2128306231B969DED88
:10E7F000127B06938DED1E7B90E62EAA0A99049853
:10E8000000F0AAFB00287FF453A8309D31ACFFF73D
:10E810004BB9B9F1660F3FF48FAE2CAB069A0221CB
:10E820000498019327AB9DED1E0B009325AB00F0E0
:10E8300087FF039B0746DE0700F168812C9B1B1AAC
:10E840001193259B0F930F9BDD1C02DB069A9A42C6
:10E8500042DAA9F102090F9B8DF8A090013B002B31
:10E860002593C0F2D7812B22092B8DF8A12040F3EC
:10E87000DA81002203990B920DF1B70CDFF8E8E082
:10E880006546AEFB032A1E462846013D4FEADA0ADA
:10E89000632E0AEB8A02A3EB4202534602F13002D6
:10E8A00000F8012CEDDC303305F8013C831E634594
:10E8B00080F0EE820DF1A10213F8015B634502F8CE
:10E8C000015FF9D103F5B47328AA6B44C43B1B1A4A
:10E8D0009B1A1793FFF740BB0F9B119A9342C0F20C
:10E8E0000B81039B13F0010F0F9B00F0AE81159A73
:10E8F00013440C93039B590503D50F9B002B00F386
:10E90000B5810C9B4FF0670923EAE373059367E633
:10E910002EAA0A99049800F01FFB00287EF4C8AFC5
:10E92000259931AADDE92F35E1E42EAA0A99049848
:10E9300000F012FB00287EF4BBAF309D31ACFFF736
:10E94000AAB82EAA0A9904980C9300F005FB002897
:10E950007EF4AEAF99F8000031AA30990C9B41E4E7
:10E960006C0A0612680A0612CDCCCCCC1A9A1899F9
:10E97000A7EB020A5046FBF77BFA99F801300BB17E
:10E9800009F10109AB19B64A4FF0CC314FF0010E35
:10E9900043F100030AF1FF37A2FB030C2CF0030044
:10E9A00000EB9C001B1AEB1A66F1000603FB01F159
:10E9B000A3FB023002FB061123FA0EF3014443EAE3
:10E9C000C17521FA0EF6AB1943F10003A2FB031047
:10E9D00020F0030101EB90015B1AEB1AA3FB02315B
:10E9E00066F1000023FA0EF302FB001243EAC27341
:10E9F00003EB8303A5EB430330330AF8013CFEF736
:10EA0000F4BEAA46FEF756BF2EAA0A9904980693AA
:10EA100000F0A2FA00287EF44BAF259E31AC309D69
:10EA2000069BFFF75CB8039BD9077EF532AB159BBD
:10EA3000169A1D44C4E900232F9B30950133072B00
:10EA40002F933FF765AF04F1080253E4069B0221C0
:10EA50000133119373E59DF88F30002B00F0E781AF
:10EA6000059A1B9B0132CDF80CA00B9305920693DF
:10EA700014931093FEF7CCBA2EAA0A99049800F0CA
:10EA80006BFA00287EF414AF259E31AC119B309DAB
:10EA90009E1BFFF738B800230D460693FEF7EBB92F
:10EAA0004E421031DFF8C0A147DAB946102457466C
:10EAB00002E0103E102E3EDD01331035072BC2E977
:10EAC0000074CDE92F3502F10802F2DD2EAA0A9971
:10EAD000049800F041FA00287EF4EAAE31AADDE99C
:10EAE0002F35E6E7059A069301320E9614930592A8
:10EAF000CDE90F33FEF78CBA119B159A9A180F9B2C
:10EB0000002B0C9277DD4FF0670961E5069B002230
:10EB1000C5180023DDE91E0105F00EFF002834D1E1
:10EB20002C9B9D423FF630AD35E51B9B9DF88FC079
:10EB30000693FEF780BCBA464F4601333544C2F80F
:10EB400000A0072B5660CDE92F3500F3378108323E
:10EB5000FFF7D0BBC8077FF50AAAFFF704BAB24691
:10EB60000A9B0022B3F90C300B9243F040030A9A3F
:10EB70009381FEF79FBE02F1004341AF20912193A4
:10EB80002D230B901B93FFF749B9259B0F93069BF1
:10EB9000119358E6039B23F080030393139B13F018
:10EBA00000430F9300F017812D230322B9F1470F83
:10EBB0008DF88F304FF00003CDE90B3240F34081E8
:10EBC000284F7AE54946069CDDF83C905F460029CF
:10EBD000FFF6A5A94A1C33463020324403F8010B46
:10EBE0009342FBD131444E1CFFF799B9069B059C1B
:10EBF0000B9E0C932AE5C3F101034FF067091A44F9
:10EC000022EAE2730C920593EAE400230322CDE9A1
:10EC10000B3252E50F9B2D22C3F101038DF8A12089
:10EC2000092B3FF726AE302203998DF8A22000224F
:10EC30000B920DF1A302FFF789B91346159A4FF015
:10EC4000660913440B440C93C2E40C9352E6DDE9CD
:10EC5000121202F100431E911F932D231B935DE4BA
:10EC6000CDCCCCCC740A0612680C06124FF06709A2
:10EC700019990B78FF2B00F0398100250F9A28464F
:10EC800003E001300131FF2B08D0934206DAD21A9B
:10EC90004B78002BF5D10B780135F4E719911090E2
:10ECA00014950F92149A109B1A9913440C9A01FB15
:10ECB00003230C9323EAE37305931B9B002B63D080
:10ECC000059BCDF80CA0013305932D238DF88F30D3
:10ECD00000230B930693FEF79BB90E96002B32D0C0
:10ECE000069B4FF0730906905A1C0C9314900592E2
:10ECF0001090FEF78DB9EB1B1193259B0F9356E4F3
:10ED000000220023DDE91E0105F016FE002800F0B8
:10ED1000AF80259B0F93EB18DB1B119347E4002278
:10ED20000023DDE91E0105F007FE28B92C9B9D425A
:10ED30003FF62AACDB1B1193259BBBF1470F0F93CA
:10ED40007FF489AD7FE5069B4FF073090C93059323
:10ED50000B9B149310930693FEF75AB923461B9FFF
:10ED600014460D46CDF86490069A934228BF134688
:10ED7000FEF7A0BEC2F101032D22092B8DF8A120C0
:10ED80003FF77AADFFF7E0B89DF88F30002B00F029
:10ED9000B980059A1B9B0132CDF80CA00B9305920C
:10EDA0000693FEF735B900294CDB01231B969DED38
:10EDB000127B06938DED1E7BFFF7B0BB2EAA0A993E
:10EDC000049800F0C9F800287EF472AD31AADDE99C
:10EDD0002F35FFF78FBAB9F1470F9DF88F30CCBFB1
:10EDE0005A4F5B4F002B40F09480032206931493FC
:10EDF0000C9210930B930592FEF70AB902F10043AF
:10EE000020910B9021932D231B93FFF707B8DDE989
:10EE1000121202F100431E911F932D231B93062310
:10EE20000693FFF77BBBDFF82CC1FFF733BA1B9BC0
:10EE3000CDF80CA00B93069314931093FEF7E8B84B
:10EE4000434F3AE401F100431E901F932D231B937F
:10EE500001230693FFF762BB0E9B95F801900D46C8
:10EE600053F8042B42EAE2720E930692FEF702B8C0
:10EE7000119BC3F101032593FFF778BB0A9A93898D
:10EE800043F0400393814FF0FF330893FEF799B8A6
:10EE900002231793FFF760B833B901234FF06609D7
:10EEA00005930C93FFF79CBB159B4FF06609069AE0
:10EEB00001331A4422EAE2730C920593FFF790BBE8
:10EEC000059B9B7AFFF729B80C23CAF80030DAE7D4
:10EED000BA18069248E70F9B14931093FEF798B860
:10EEE000DB1B1193259B0F93FFF761BB002314934A
:10EEF0001093D7E60A9BDDF810A0B3F90C3043F06D
:10EF0000400334E61B9BCDF80CA00B930693FEF751
:10EF10007FB8032200230C920422069305921493D7
:10EF200010930B93FEF774B80398FEF739BB0A9B56
:10EF3000DDF810A0B3F90C300B9043F0400316E657
:10EF4000DDF810A00CE61946FEF7DFBB740A0612C6
:10EF5000700A0612680C06122DE9F84315469268ED
:10EF60002C68FAB180468946083401E00834CFB1F4
:10EF70006B681746591E002B696013DD54F8046C4A
:10EF8000002EF3D0334654F8082C4946404603F08F
:10EF9000BBFB431C07D0AA680834921B1746AA6023
:10EFA000002FE5D100200023C5E90133BDE8F88337
:10EFB00010B50B78722B36D0772B06D0612B2BD067
:10EFC000044616230020236010BD4FF4C0644FF0A8
:10EFD000010C08204B7801316BB916E02B2B20F087
:10EFE0001C0E2CF0030303D14EF0100043F0020C72
:10EFF00011F8013F4BB1622B0BD0782BEED111F8F9
:10F00000013F4CF4006C002BF5D144EA0C04146071
:10F0100010BD4CF4803CEBE74FF402744FF0010C50
:10F020004FF48470D6E700240420A446D2E700BF42
:10F0300038B505460C4608B1436B2BB3636ED80751
:10F0400002D4A38999051BD56368013B002B63603B
:10F050000BDB23685A1C22601D78636EDA0702D42A
:10F06000A3899B0507D5284638BD2846214600F0D0
:10F0700031F90546F1E7A06DFBF77AFF284638BD68
:10F08000A06DFBF771FFDFE7FAF746FAD6E700BF9E
:10F09000B1F90C3070B50C46990796B007D504F15C
:10F0A000430301222360C4E9043216B070BDB4F9F1
:10F0B0000E10054600292BDB6A46F0F770FA00288F
:10F0C00024DB4FF480612846019EF0F789FAB4F9F9
:10F0D0000C30A0B306F4704643F080034FF4806216
:10F0E0002060B6F5005F2061A381626135D1B4F97B
:10F0F0000E102846F0F758FAB4F90C3068B323F034
:10F1000003034FF4006243F0010314E0B4F90C3040
:10F1100013F0800F28460CBF4FF480654025294628
:10F12000F0F75EFAB4F90C3048B143F080030022E6
:10F130002060C4E904051343A38116B070BD9A058D
:10F14000B3D423F0030304F14302012143F002038B
:10F150002260C4E90421A381A7E74FF40062EAE733
:10F1600070B50C46B1F90E1096B0154600291E4632
:10F1700014DB6A46F0F713FA00280FDB01994FF40D
:10F1800080634FF4006001F47041A1F50051B1FAC1
:10F1900081F1490931602B6016B070BDA18911F071
:10F1A000800106D000214023084631602B6016B054
:10F1B00070BD4FF48063084631602B6016B070BD9F
:10F1C0008B8903F00903092B01D000207047024B03
:10F1D0001868FAF737B800BFA893002070B5054645
:10F1E0000C4610B1436B002B56D0B4F90C30002202
:10F1F0009E06626058D4580719D4D9064FD51A070D
:10F2000039D443F00403A3812369002B3FD0B4F920
:10F210000C60B3071ED122692846266A6369E1693A
:10F220002260B0470028606041DD002070BD216B86
:10F230000029E9D004F14003994202D02846F0F7B2
:10F24000ECF90022E36B22636360002BDCD0A36B3C
:10F250002360EAE701231C4A1C49A3811C48FAF7F2
:10F26000EFF906F00903A681092BD4D121462846DF
:10F27000F9F74EFFCFE721462846F9F7E3FF98B9A3
:10F28000B4F90C30A06023F00803A061B9E721466F
:10F290002846FFF7FDFEBAE7FAF73EF9A5E709228F
:10F2A00043F040032A60A3814FF0FF3070BDB4F9F2
:10F2B0000C3003D143F02003A381F5E7002243F093
:10F2C00040036260A381EFE794930020C1F1041230
:10F2D000B093002038B505460C4608B1436BE3B146
:10F2E000B4F90C30626E990412D443F4005322F442
:10F2F0000052A381626621462846FFF76FFF48B996
:10F30000D4E90023511C013BC4E90013107838BD37
:10F310009304F0D54FF0FF3038BDFAF7FDF8DFE782
:10F3200070B50C7884465E2C24D00023481C9E4681
:10F3300000220CF5807163F3070263F30F2263F37D
:10F34000174263F31F62634643F8042B8B42FBD1E1
:10F3500074B18EF00101451C0CF8041015F8013C45
:10F360002D2B0ED05D2B0AD01BB11C462846F2E790
:10F37000013870BD0123881C4C789E46D8E728468A
:10F3800070BD90F801E0BEF15D0F15D0744513DC3F
:10F39000661C02300CEB060202F8011BA2EB0C0308
:10F3A000013B9E45F8DCAEEB04030235013B74459E
:10F3B000A8BF00239C19D1E72D242846CBE700BF26
:10F3C0002DE9F0410C46096B04F14003994214D039
:10F3D000666B77003A46F0F70CF9054630B300EB60
:10F3E0000608014632464046FBF700FFC4F800809D
:10F3F000C4E90C570020BDE8F0814FF48061F0F7BC
:10F40000EFF898B194F842204FF48061206300F245
:10F41000FD33616380F8FF2394F8412080F8FE23D8
:10F4200094F8402080F8FD232360E3E74FF0FF309D
:10F43000E1E700BF99B1034601EB000C10B401E015
:10F440009C4508D01A4601331478002CF8D1101AC4
:10F450005DF8044B704708465DF8044B704708465A
:10F46000704700BF024B1968543100F003B800BF69
:10F47000A893002030B5856987B00E4A0C4605EB8D
:10F48000450501690C4B2A44456901EB410105F230
:10F490006C750B4409490495056803954568029508
:10F4A00085680195C0680090204602F0BBF82046B0
:10F4B00007B030BDAC0C0612880C0612AC0A06125E
:10F4C00000487047F8940020014B93F828017047DA
:10F4D00050950020004870474096002030B5864681
:10F4E0008007CCB215D00EEB0205F44606E013F807
:10F4F000011BA14207D0990706D09C46654563468B
:10F500006046F4D1002030BD013A72449E46A2EB21
:10F510000C02032A0CD8002AF4D07346724401E08E
:10F520009A42EFD0184613F8011BA142F8D130BD22
:10F5300004EB0425714605EB05458E4651F8043B66
:10F540006B40A3F1013020EA030313F0803FE4D1C4
:10F55000043A032AF1D88E46DDE700BF51EC100BC8
:10F5600021F000430A4650EA03010ED0A3F5801CA7
:10F5700009498C450DD909490A4208D0002808BF1D
:10F580008B420CBF012000207047022070470320EF
:10F5900070470420704700BFFFFFDF7F0000F07F4F
:10F5A000002170B555EC104B064625F00043016074
:10F5B000114883421DD8204618431AD00F482A46C6
:10F5C000284058B900220E4B2046294604F04CFF33
:10F5D0000A4621F0004304466FF035016FF31E52D6
:10F5E0001B1542F07F55A3F2FE3345F400150B4482
:10F5F000336045EC104B70BDFFFFEF7F0000F07FE4
:10F60000000050432DE9F04F036985B00C69A34217
:10F61000C0F29080013C01F1140500F1140881460C
:10F6200055F824304FEA840C58F8242005EB840761
:10F63000013308EB840B9A42B2FBF3F642D300206D
:10F64000AA46C646CDF80C8003468846CDE901C5DA
:10F6500005465AF8042BDEF8001090B257454FEAE1
:10F66000124C06FB00508AB24FEA104580B206FBEE
:10F670000C55A2EB00021A44ABB24FEA1545C3EB9E
:10F68000224392B203EB114342EA03424FEA23437F
:10F690004EF8042BDDD24146DDF80C80DDE901C5D2
:10F6A00058F80C3073B9ABF1040BD84504D307E01C
:10F6B000D84504F1FF3403D25BF80439002BF7D0AE
:10F6C000C9F81040484601F0EFFA00282EDB00226E
:10F6D0004146944655F8040B0B681FFA80FEAF4272
:10F6E0009AB24FEA1040A2EB0E026244C0EB2240F5
:10F6F00092B200EB134042EA00424FEA204C41F83C
:10F70000042BE7D258F8242008EB84036AB9043BA1
:10F71000434504D807E0984504F1FF3403D253F879
:10F720000429002AF7D0C9F810400136304605B048
:10F73000BDE8F08F002005B0BDE8F08F00000000AC
:10F740002DE9F04F9FB004460091816B289D57EC46
:10F75000106BCDE909328DED040B41B1C26B012371
:10F7600093404A608B6001F025F80023A363B7F152
:10F770000009C0F2A88000232B60734B33EA090311
:10F7800000F0AC80002200239DED047B51EC170BB0
:10F790008DED027B05F0D0F8824668B10123099A0D
:10F7A0001360299B13B1694B299A1360684B069328
:10F7B00006981FB0BDE8F08F9DED020B1CAA1DA995
:10F7C000204601F04BFBDDF870805FEA19550B9085
:10F7D00040F09A801D9D454405F23243202B40F3B2
:10F7E000CC81C3F1400309FA03F905F2124326FA6A
:10F7F00003F349EA030004F0BDFD013D0122A1F13C
:10F80000F873149219460022524B04F075FC48A379
:10F81000D3E9002304F028FE47A3D3E9002304F032
:10F820006DFC06460F46284604F0B4FD44A3D3E918
:10F83000002304F019FE02460B463046394604F018
:10F840005DFC06460F4605F0BFF800228146079092
:10F8500000233046394605F079F8002840F07481DD
:10F86000A8EB0508079D08F1FF36162D089600F253
:10F870005881394B03EBC503DDE90201D3E90023CD
:10F8800005F064F8002840F07F81B8F1000F40F3E4
:10F890000E862E441290119508960C90002310931A
:10F8A000009B092B60D8052B40F36C81043B00259D
:10F8B0000093009B023B032B58D8DFE813F087022C
:10F8C00084027A026F01012329F000492B601E4B4C
:10F8D000CDF8149033EA09037FF454AFC9F3130948
:10F8E00042F20F73099A59EA0609136017D1299B4E
:10F8F000002B00F01287194B06930833299A0698BB
:10F9000013601FB0BDE8F08FDDE90201144BA5F2D2
:10F91000FF35C1F31302CDF850A0134372E7299BC2
:10F92000002B40F037810F4B069341E7AFF3008087
:10F9300061436F63A787D23FB3C8608B288AC63FF5
:10F94000FB799F501344D33F0000F07FA90A0612B1
:10F95000A80A06120000F83F580D0612140B0612F2
:10F960000000F03F200B06120023009300212046E8
:10F97000E16300F0F9FE0690002800F06686069B21
:10F98000A3631D9B002B03DB079A0E2A40F3E4853B
:10F990004FF0FF3200210D920A911392149A002A1F
:10F9A00040F017821C9BC3F13603089A109D1A443D
:10F9B00008920C9A90461A440C920121204600F0BD
:10F9C000BFFF0646B8F1000F00F07A85089B002BB8
:10F9D00040F37685089A0C9942451346A8BF4346E2
:10F9E000C91AA8EB0308D31A0C910893109BC3B152
:10F9F000002D00F0D68531462A46204601F082F8D7
:10FA00000B9F064620463A46314600F0C7FF39466E
:10FA10000746204600F0CEFE109B0B975D1B40F082
:10FA20008485012310930121204600F089FF119B5A
:10FA30000746002B40F00683009B012B40F35D83BB
:10FA4000012308990B4413F01F0300F05482C3F103
:10FA50002002042A40F3F384C3F11C030C9A1944D6
:10FA60001A4498440C9208910C9B002B05DD1A4611
:10FA70000B99204601F0A6F80B90089B002B05DDA2
:10FA800039461A46204601F09DF80746009B022B96
:10FA9000129BD4BF4FF0000A4FF0010A002B40F038
:10FAA000E6820D9B002B00F32F82BAF1000F00F0CD
:10FAB0002B820D9B002B40F0AE823946052220465A
:10FAC00000F082FE07460B98394601F0EDF8002859
:10FAD00040F3A182079BDDF818B003F1010A31233E
:10FAE0000BF8013B394620460AF1010A00F062FE9C
:10FAF0001EB13146204600F05DFE0B99204600F015
:10FB000059FE00238BF80030099BC3F800A0299B05
:10FB1000002B3FF44DAE0698C3F800B01FB0BDE80F
:10FB2000F08F01231293089B002B20DB00230C9302
:10FB3000079B002B16DA0C9A079BD21A5B42109394
:10FB400000230C921193ABE6484604F023FC3246A6
:10FB50003B4604F0F1FE00287FF482AE09F1FF334A
:10FB600007937DE6089A11931A44089296E6C8F125
:10FB700001030C9300230893DAE7C3F1200306FA8C
:10FB800003F038E6012594E6079B013B0793002329
:10FB90001293C8E7B74B06930333AFE64FF0010A61
:10FBA0000A9B079A134413930133012B1E460D93AE
:10FBB000B8BF0126172E40F3A585012204235B0060
:10FBC0001146013203F11400B042F8D9E163204636
:10FBD00000F0CAFD0690002800F03785069BA3635D
:10FBE0000D9B0E2B00F22381002D00F02081079A3F
:10FBF000002A40F3E581A04902F00F03151101EB43
:10FC0000C303D3E90067D30540F154829B4B05F051
:10FC10000F054FF00309D3E90823DDE9020104F0E1
:10FC20004DFDCDE90E0185B1DFF85082E80740F1C6
:10FC3000D3803046394609F10109F8E8022304F07F
:10FC400013FC06466D100F46F0D132463B46DDE907
:10FC50000E0104F033FDCDE90E01129B53B10022D9
:10FC6000874BDDE90E673046394604F06FFE002809
:10FC700040F0EE83484604F08DFBDDE90E2304F0EE
:10FC8000F3FB804B002204F039FA0D9B0646A1F1EC
:10FC90005077002B00F0B280079B1A930D9B1593B1
:10FCA000754B15991B9303EBC103DDE90E8913ED29
:10FCB000027B49464046CDE916678DED187B04F07E
:10FCC00083FE0746069E04F065FB303702460B466E
:10FCD00040464946751C04F00FFA80468946FFB23B
:10FCE000DDE91823BAF1000F00F0288200206649F0
:10FCF00004F0E4FCDDE9162304F0FEF93770424617
:10FD00004B4606460F4604F03FFE002840F04C8468
:10FD10004FF0000ADDF854B00E942BE00AF1010A0E
:10FD2000DA4580F2CE81304639460022574B04F046
:10FD30009BFB0022554B06460F464046494604F0C1
:10FD400093FB8946804604F03FFE044604F022FB04
:10FD500002460B4630344046494604F0CDF932465F
:10FD60003B4605F8014B8046894604F0EFFD00282C
:10FD700040F0198442464B460020414904F0BCF94A
:10FD800032463B4604F0E2FD0028C7D0069A0E9C9E
:10FD900002E0954200F0FF83AB4615F8013D392B98
:10FDA000F7D001330692DBB22B701A9B03F1010AE4
:10FDB000A3E64FF0010A0A9B002B40F33C810A9E08
:10FDC00013960D96F6E64FF0000AE9E64FF0000AAA
:10FDD000F1E703F23343E8E56D1008F1080825E781
:10FDE000484604F0D7FADDE90E2304F03DFB00227B
:10FDF000244B04F083F90646A1F150770022244BEE
:10FE0000DDE90E0104F078F932463B46804689462A
:10FE100004F0BAFD002840F0598340464946324676
:10FE200007F1004304F092FD002840F0FA801D9B8A
:10FE3000002B02DB079A0E2A2CDDBAF1000F40F0EE
:10FE400048810C9B002B00F0F382089B002B00F0F4
:10FE5000EF820C9A08991346109E8A42A8BF0B465F
:10FE6000D21ACB1A0C920893002E40F03D83904694
:10FE7000D9E500BF200B0612580D0612300D0612F0
:10FE80000000F03F00001C400000E03F0000244064
:10FE900000001440A64B1B931B9B079A03EBC20365
:10FEA00093ED007B0A9B002B8DED007B80F25F833E
:10FEB0000D9B002B00F35B83002B40F0B2800022EF
:10FEC0009C4BDDE9000104F0CFFA02460B46DDE968
:10FED000020104F045FD0D99002840F0A380312374
:10FEE000DDF818B020460BF8013B00F063FC079BDF
:10FEF00003F1020A01E61C230C9A98441A440C925E
:10FF0000089A1A440892AFE5109B002B40F0DF815D
:10FF1000079B03F1010ADDF818800125DDF834B0F4
:10FF2000DDF82C9007E0494600230A22204600F025
:10FF30004BFC0135814639464846FFF763FB5D457A
:10FF400000F1300308F8013BEDDB0D9A0025CDF8F8
:10FF50002C9002F1FF38002A069AD8BF4FF0000813
:10FF6000013290440B9901222046009300F02AFEB2
:10FF700039460B9000F098FE002840F3FB82069A69
:10FF800002E0904500F0018318F8013CC34608F1F7
:10FF9000FF38392BF5D0013388F800303946204638
:10FFA00000F008FC002E3FF4A8AD002D3FF4A1ADF9
:10FFB000B5423FF49EAD2946204600F0FBFB98E594
:10FFC00000F06D82079B5A4A5D4205F00F0302EB79
:10FFD000C303DDE90201D3E9002304F045FA2D1142
:10FFE000CDE90E0100F08A83534E4FF00209E90774
:10FFF0000ED509F10109DDE90E01F6E8022304F04E
:020000041205E3
:1000000033FA6D10CDE90E013FF427AEE907F0D4C5
:100010006D100836EBE70A9BDDF818B06FEA030AAB
:1000200060E50021204600F0C5FB0A9BDDF818B012
:10003000C3F1000A61E5012300211393E1630D93ED
:100040000A93C4E51A460146204600F05BFD009B7A
:100050000746012B40F37382002311933B6907EBA2
:100060008303186900F002FCC0F12003E9E439467B
:100070000B9800F019FE0028BFF613AD00230B9972
:100080000A222046079D00F09FFB139B05F1FF39D4
:100090000B90002BCCBF00250AF00105109B002B14
:1000A00040F00781002D40F01183139BDDF81CA068
:1000B0000D9330E79DED027B4FF002098DED0E7B35
:1000C000B1E51D9B0E9C002B03DB079A0E2A7FF7E0
:1000D000E3AE009A012A7FF761AC0D9B109A5D1E7A
:1000E000AA42C0F20E82002BA2EB050580F2F68236
:1000F000DDE90C32A3EB02085FE4049B002B7FF4E4
:100100009FAC059BC3F31303002B7FF499AC059BB5
:1001100023F000431B0D1B05002B3FF491AC0C9BFF
:1001200001330C93089B013308930123119388E456
:10013000580D061200001440300D0612DDE91601BC
:1001400004F092F9069B1F70159B012BCDE90E015F
:1001500000F0C282069BAA46159A03EB020B00220E
:10016000B94B4046494604F07FF98946804604F081
:100170002BFC064604F00EF902460B46303640468C
:10018000494603F0B9FF0AF8016BD345804689461A
:10019000E5D16E1E159B1E440022AC4BDDE90EAB73
:1001A0005046594603F0AAFF42464B4604F0CEFBA8
:1001B000002840F0FF8152465B460020A34903F02F
:1001C0009BFF42464B4604F0DFFB00286AD11D9B93
:1001D000002BFFF636AE079B0E2B3FF732AE1B9B74
:1001E000079A03EBC20393ED007B8DED007BDDE905
:1001F000009ADDE902674A4653463046394604F024
:100200005DFA04F0E1FB804604F0C4F84A46534628
:1002100004F02AF902460B463046394603F06CFFDB
:1002200008F13003069A13700D9B012B00F0DE815C
:10023000C5F1010902944FF0000A4FF0000B4C4643
:10024000DDF834901CE0DDE900233046394604F047
:1002500035FA04F0B9FB804604F09CF8DDE9002390
:1002600004F002F90B4602463946304603F044FFDB
:1002700008F1300305F8013B2B194B4500F0B5811F
:100280000022714B04F0F0F852465B4606460F46DA
:1002900004F052FB0028D6D0079BAB46029C03F12A
:1002A000010A2AE416F8013CB346013E302BF9D08E
:1002B0007BE5314600230A22204600F085FA139B95
:1002C0000646CDF81C900D93002D7FF4F2ABB8F1EB
:1002D000000F05DD31464246204600F073FC06461D
:1002E000119B002B40F06A81B146069D0D9A6B1E52
:1002F00002970B9F1A44049B03F001030A920C938C
:1003000002993846FFF77EF931468246384600F0BA
:10031000CBFC029980464A4620460AF1300B00F099
:10032000E5FCC3680146B3BB0890384600F0BCFC4E
:1003300008990890204600F03DFA009B089A134364
:100340005FD10C9B002B00F0B781B8F1000FC0F219
:10035000AF810A9BA846AB4208F801BB00F07C8144
:10036000394600230A22204600F02EFA4E45074661
:1003700031464FF000034FF00A0220463BD000F018
:1003800023FA4946064600230A22204600F01CFABA
:1003900045468146B4E720460B97CDF820B0029F32
:1003A00000F008FAB8F1000F089B08DB049A0099E6
:1003B00002F0010248EA010852EA080232D10B9920
:1003C00001222046009300F0FDFB39460B9000F01F
:1003D0006BFC0028009B40F38B81392B00F045819A
:1003E0000AF13103AB460BF8013B3546079B4E46FD
:1003F00003F1010AD2E500F0E7F9454606468146D9
:100400007EE7B8F1000FC0F23B81009B48EA030889
:100410000C9B53EA080800F03381002A99DD0B9702
:100420005B46029F392B00F02081AB460133DAE7AF
:10043000109E002E58D1DDF83080FFF7F4BA3FF45B
:1004400013ABC3F13C0357E5000024400000E03F3C
:100450000D9B002B3FF4C4AC139D002D7FF7E7AC40
:10046000079B304639460022013B1A93AD4B03F0FF
:10047000FBFF02460F4609F101001646CDE90E6763
:1004800003F088FF32463B4603F0EEFF0022A64B06
:1004900003F034FE15950646A1F1507700E49DED7A
:1004A000027B4FF002098DED0E7BFFF7D6BBC8F142
:1004B000010312900C93079B08931193FFF7EEB979
:1004C000109B002B3FF4ADAAFFF792BA3123DDF861
:1004D00018B0002120460BF8013B00F06BF9079B98
:1004E00003F1020AFFF709BB109A20460B9900F0AE
:1004F00009FB0023DDF830801E460B901093FFF7B8
:1005000092BA109B0121119A2046EB1A0D9F1A44B2
:10051000089B3B441192089300F012FA0C9B06468C
:10052000002B40F0838098460C972A460B99204672
:1005300000F0E8FA01230B901093FFF774BA049BC4
:10054000002B7FF489ADDDE90412C2F31303002B05
:1005500000F09D80119181E5079A744B03EBC20373
:100560004FF0FF3293ED007B0D928DED007B069BEB
:100570005D1C3CE603D1009BDB073FF500ADC346A5
:1005800018F8013D302BFAD008E53123069A0AF11C
:10059000010A137002E51A9B069201331A93312364
:1005A00002E4109DC1E70E9C1A9BAB4603F1010AC1
:1005B000FFF7A3BA3546069AFFF7EEBB71682046EF
:1005C00000F0D2F80546002800F0A080336906F15B
:1005D0000C010C3002339A00FAF708FE294601227A
:1005E000204600F0EFFA81467FE6029C02460B4669
:1005F00003F084FD079B06460F4603F1010ADDE97F
:10060000002304F0C1F948B930463946DDE900233A
:1006100004F092F938B118F0010F04D0079B069A44
:100620001A93FFF7B9BBAB46FFF767BA0C99089A64
:100630008A421346A8BF0B46D21AA1EB03080892C0
:100640000D9A8A18D31A0C936FE7394B002240F2A7
:10065000AF11384802F036F9079A35460B975B46DA
:10066000029F02F1010A4E467CE4079BA846069AC7
:10067000354603F1010A39234E4608F8013B83E46D
:10068000002A0B975B46029F3FF799AEAAE6059BAF
:1006900023F000431B0D1B05002B3FF4DEAC0C9B2D
:1006A00001330C93089B0133089301231193D5E484
:1006B0000B975B46029F95E65B460B97029F392B93
:1006C000D3D0B8F1000F3FF78BAE8BE6139BCDF87C
:1006D0001C900D93FFF7EDB92E465DE5089B0D9A32
:1006E000134408930C9B984613440C93FFF765B989
:1006F0007FF478AEDA077FF575AE6EE64FF002094B
:10070000FFF7ABBA0021E163FFF761BA0246084B7D
:1007100040F2EF21074802F0D5F8074B0693FFF7A8
:1007200047B800BF0000244000001C40580D0612CE
:10073000240B0612380B0612140B061282B049B1B4
:100740005AB16BB113780B601278101E18BF0120DC
:1007500002B0704701A9002AF3D1104602B07047D9
:100760006FF00100F4E700BF38B5436C05460C4656
:100770004BB153F8240080B1026843F824200023D1
:10078000C0E9033338BD21220421EEF73CFF0346C4
:1007900068640028EDD1002038BD0121284601FA07
:1007A00004F56A1D9200EEF72EFF0028F3D0C0E991
:1007B0000145E4E731B1436C4A6853F82200086010
:1007C00043F82210704700BF2DE9F04107460E465E
:1007D0001C460D6901F1140E0020DEF800100130F6
:1007E0008BB285424FEA114102FB03434FEA134C9F
:1007F0009BB202FB01CC03EB0C434FEA1C444EF8C6
:10080000043BEADC3CB1B368AB4207DD06EB850391
:1008100001355C6135613046BDE8F081716838466C
:100820000131FFF7A1FF8046A8B1326906F10C0142
:100830000C3002329200FAF7D9FC7B6C726853F8E4
:100840002210316043F82260464606EB85030135ED
:100850005C613561DFE70246024BBA21024802F0D3
:1008600031F800BF240B0612940B0612B0F5803F3E
:10087000034610D203041020B3F1807F01D2083068
:100880001B02B3F1805F08D3B3F1804F10D29A00FE
:1008900013D4033070470020EEE71A010430B2F1A0
:1008A000804F06D29B0108D45B00F2D42020704711
:1008B0001A46002AFBDB013070470230704700BF48
:1008C00003680246590707D0D8071DD499072AD5CF
:1008D0005B0801201360704799B279B91B0CD9B23B
:1008E000A1B11020190701D104301B09990712D0BA
:1008F000D90701D401305B0813607047D9B241B108
:10090000180718D10420F0E70020704718201B0AB0
:10091000E8E70820FBE713F0040F4FEA930106D045
:1009200002300B46E8E79B08022013607047DB08A3
:1009300004D120207047DB080320DDE70330DBE72C
:1009400038B5436C04460D464BB15868B0B10268E7
:100950005A60002201234561C0E9032338BD2122EA
:100960000421EEF750FE034660640028EDD1094BE8
:10097000002240F24511084801F0A4FF1C22012189
:100980002046EEF740FE0028F1D001220223C0E904
:100990000123DEE7240B0612940B06122DE9F04F1B
:1009A000D1F8108085B015690E469246A84505DB42
:1009B0002A46534645468A4690461E4605EB08049D
:1009C000DAE90113A342B8BF0131FFF7CDFE0028D9
:1009D00000F08C8000F1140707EB840E774505D2F8
:1009E0003B46002243F8042B9E45FBD814360AF1FF
:1009F000140906EB880809EB8505464569D2A5EB85
:100A00000A030AF1150ACDF808E0AE46153B039437
:100A100023F00303AA4594BF9B464FF0000B824688
:100A200005E0090C2DD1B04507F104074ED956F861
:100A3000041B8DB2002DF4D0CC463C460023019619
:100A40005CF8040B216886B2E6458AB24FEA104092
:100A500005FB06224FEA11411A4405FB001101EB88
:100A6000124192B24FEA114342EA014244F8042B88
:100A7000E6D8019E07EB0B02536056F8041C090CE4
:100A8000D1D03B68002248463D461C469446028829
:100A90009BB201FB02C202EB144243EA024345F857
:100AA000043B50F8043B2C684FEA134C8645A3B234
:100AB00001FB0C3303EB12434FEA134CE7D807EB6F
:100AC0000B02B04507F104075360B0D85046DDE98A
:100AD00002E4002C02DC05E0013C03D05EF8043D9A
:100AE000002BF9D0046105B0BDE8F08F0246034B3E
:100AF0004FF4B171024801F0E5FE00BF240B06126D
:100B0000940B061212F003032DE9F0411446074638
:100B100032D10E46A4102CD03D6C002D35D004F0FF
:100B200001034FF0000864103BB92868B8B10546CE
:100B300004F001036410002BF7D02A4631463846F2
:100B4000FFF72CFF36B17B6C716853F821203260BF
:100B500043F8216074B1064628680028E7D12A4688
:100B600029463846FFF71AFF28600546C0F800807E
:100B7000DEE73046BDE8F081013B0F4A52F8232002
:100B80000023FFF721FE0646C4E701213846FFF7A0
:100B9000EBFD054640B1012340F27122C0E9043269
:100BA000002338640360BAE70246044B40F2451163
:100BB000034801F087FE00BF240D0612240B061225
:100BC000940B06122DE9F0470C46904606464FEA74
:100BD00062192769A36807EB621749687D1C9D426B
:100BE00003DD5B0001319D42FBDC3046FFF7BCFDBD
:100BF00000284DD0B9F1000F00F1140C0BDD09F104
:100C000005026346002100EB820243F8041B934275
:100C1000FBD10CEB890C04F11403216918F01F08B7
:100C200003EB81012BD0C8F12009E6464FF0000A02
:100C30001A6802FA08F242EA0A024EF8042B53F844
:100C4000042B994222FA09FAF2D80B1B04F115027F
:100C5000153B23F00303914238BF002304334CF8C3
:100C600003A0BAF1000F00D13D46736C62680561C4
:100C700053F82210216043F82240BDE8F087ACF120
:100C8000040C53F8042B99424CF8042FF9D8EBE7E5
:100C90000246034B4FF4EF71024801F013FE00BF10
:100CA000240B0612940B061284460B690069C01AC5
:100CB00016D10CF1140C14310CEB830201EB8303FD
:100CC00010B401E0944508D252F8044D53F8041DC5
:100CD0008C42F7D005D24FF0FF305DF8044B7047DF
:100CE000704701205DF8044B704700BF2DE9F04FBD
:100CF000136983B00E6989461546F61A002E14D181
:100D000001F1140702F1140101EB830107EB8303E6
:100D100001E09F427ED253F8044D51F8042D9442D5
:100D2000F7D080F08280012603E0FCDB00260D4630
:100D300091466968FFF718FD002800F083802F694D
:100D400005F1140B05F11002D9F8103009F1140562
:100D500000F114010BEB870E944605EB830A8846DD
:100D60000023C660CDF804B055F8046B5CF8042F7E
:100D70001FFA86FBAA4594B2A4EB0B041C444FEA6D
:100D80001643C3EB124303EB2443A4B244EA0344E7
:100D90004FEA234348F8044BE6D8AAEB090209F1CD
:100DA0001509DDF804B02646153A22F00302CA45BB
:100DB00038BF00220BEB02080A4408F10408141D96
:100DC000C645454635D9A1EB0B0105EB010C55F89D
:100DD000042B1FFA82F9D618120CAE454B44B6B25A
:100DE00002EB234246EA02464FEA2243CCF8006077
:100DF000EBD80EF1FF33A3EB080323F003032344E6
:100E000026B953F8042D013F002AFAD0076103B038
:100E1000BDE8F08F0021FFF7A7FC60B1012200239D
:100E2000C0E9042303B0BDE8F08F2B464D46994638
:100E30007FE71346E4E70246064B40F237210648B7
:100E400001F040FD0246034B40F24521024801F00B
:100E500039FD00BF240B0612940B06122DE9F04356
:100E60000E4683B00121154659EC108BFFF77CFC30
:100E70000446002844D0C9F30A57C9F313030FB13D
:100E800043F480130193B8F1000313D101A8FFF7D5
:100E900017FD019B01212030636121610FB3A7F28F
:100EA00033470744C0F1350037602860204603B05F
:100EB000BDE8F08368460093FFF702FDDDE90023FB
:100EC00030B1C0F1200103FA01F1C3400A4301939C
:100ED000002B6261A3610CBF012102212161002F5F
:100EE000DDD104EB8103A0F2324030601869FFF7D6
:100EF000BDFCC0EB41102860204603B0BDE8F08384
:100F00000246034B40F20F31024801F0DBFC00BF08
:100F1000240B0612940B0612024B0A46014618686F
:100F2000EEF767BBA8930020034649B1FF2A02D819
:100F300001200A7070478A224FF0FF301A60704714
:100F4000084670472DE9F04F1F4685B08B460D4689
:100F5000A84B039000922A4615F8014B1E5D16F02F
:100F60000806F8D12D2C27F0100900F090802B2CCA
:100F70001AD0B9F1000F1DD1302C00F0E980002FFC
:100F800000F0DB804FF01008B2466FF0784C4FF065
:100F9000FF364FF00F09474600224FF0FF336FF046
:100FA000004ECDE9012321E02C78951CB9F1000F0A
:100FB00000F0A1804FEAE77A3A464FF0FF306FF039
:100FC00000415346B84603F077FD534691464FF033
:100FD000FF303A466FF0004103F06EFD4FF0FF33F3
:100FE00001968C4606466FF0004E02930022104692
:100FF000114613E0A4F13703BB421FDA013209D0D6
:1010000086427CEB010205D3614508BFB04227D17F
:101010004B4525DD4FF0FF3215F8014BA4F13003AD
:10102000092BE9D9A4F14103192BE3D9A4F16103F8
:10103000192B03D8A4F15703BB42DFDB531C1BD091
:10104000019B13B1404261EB4101009B2BB1002A8F
:1010500040F09080009BC3F800B005B0BDE8F08F71
:1010600000FB0AF208FB0122A0FB08010A44181841
:1010700042EBE3710122CFE72223039A1360009B26
:10108000002B7AD005F1FF3B02987146E2E72C78FD
:10109000951CB9F1000F14D1302C73D0002F40F003
:1010A0008B804FF00A080123BA460296DFF848C148
:1010B0004FF0CC364FF0080947464FF0004E0193F1
:1010C00094E74FEAE77A3A4600204FF00041534652
:1010D000B84603F0F1FC5346914600203A464FF0E3
:1010E000004103F0E9FC012302968C4606464FF0CE
:1010F000004E01937AE7302C7FF441AF937803F0F0
:10110000DF03582B30D14FF01008CA46D478151D94
:101110004746424653464FF0FF306FF0004103F020
:10112000CBFC534691464FF0FF3042466FF00041F2
:1011300003F0C2FC06468C462EE74FF00A08BA467A
:101140004FF0CC36DFF8B0C04FF00709474623E731
:101150002B7803F0DF03582B06D14FF010086C7882
:10116000CA46D51C4746D4E7D7BB4FF00808BA4655
:101170004746CEE78E46029084E70298714605B056
:10118000BDE8F08F937803F0DF03582B21D067B3CD
:101190004FF01008CA4647465346424600204FF0DB
:1011A000004103F089FC00238C46012106464FF0E4
:1011B000004ECDE9011319E74FF0100801234E4608
:1011C0004FF0006CCA4647464FF0004ECDE901395A
:1011D0000CE74FF01008D478151DCA464746DBE7E8
:1011E0004FF01008CA46474693E74FF00808BA4642
:1011F0004746D1E79D080612CCCCCC0CFFF7A2BE27
:101200002DE9F04F85B08B461E460D4601925C4A93
:101210000390294615F8014B135D13F00803F8D12C
:101220002D2C00F08C802B2C52D0029336F0100A1B
:1012300055D04FEAE67A32464FF0FF304FF0FF319B
:101240005346B14603F038FC3246074688465346BB
:101250004FF0FF304FF0FF3103F02EFC9446002298
:101260001046114613E0A4F137039E421FDD013200
:1012700009D0874278EB010205D3414508BFB84247
:101280003BD1634539DD4FF0FF3215F8014BA4F136
:101290003003092BE9D9A4F14103192BE3D9A4F1B7
:1012A0006103192B03D8A4F157039E42DFDC531CC2
:1012B0003AD0029B13B1404261EB4101019B23B143
:1012C000002A39D1019BC3F800B005B0BDE8F08F0A
:1012D00036F0100A2C78029301F10205A9D1302CC6
:1012E00032D0BEB94FF00A09B2464FF0050C4FF0AC
:1012F0009937DFF890804E46B1E700FB0AF209FB10
:101300000122A0FB09010A44181842EBE3710122F3
:10131000BBE756B34FF010094FF00F0C4FF0FF37FB
:101320006FF070484E469AE72223039910460B60EF
:101330001146019B002BC8D005F1FF3BC2E70123FA
:101340002C788D1C029371E72B7803F0DF03582B68
:10135000DFD14FF010096C784FF00F0C02354FF0D1
:10136000FF376FF070484E4679E74FF00809B246F4
:101370004FF0070C4FF0FF376FF060484E466EE7B6
:101380009D08061299999919FFF73ABF70B582B076
:101390000446069D55B11048D0F8E4606AB1204675
:1013A0000095B047431C10D002B070BD00F1F405A9
:1013B0000948D0F8E460002AF1D101231146204603
:1013C000064A0095B047431CEED100228A232A60CA
:1013D000236002B070BD00BF50950020100C0612B3
:1013E00070B5054684B05BB11C460F4BD3F8E06086
:1013F000234669B12846B047431C0FD004B070BDE6
:10140000094B00F58274D3F8E06023460029F1D13E
:101410000A46284601A9B047431CEFD100228A237F
:1014200022602B6004B070BD5095002010B582B0D2
:10143000049C00934FF0FF33019401F0DBFA02B0FB
:1014400010BD00BF002100F001B800BF10B500F0D2
:10145000B7F8044601F0E0FAA0F11A03DBB2022B60
:1014600001D8012010BDA4F1090004288CBF002080
:10147000012010BD0229C0F307235FFA80FC25D0AC
:10148000032903D083F080038CF0800C03F1500219
:10149000D2B21F2A0BD903F13002D2B2242A3BD890
:1014A0004FF2A64290422CD94FF0FF3070474CF6D5
:1014B000D3729042F8D8B03BACF1A10C384AC3EBE0
:1014C000C3130CEB430332F813007047BCF19E0FBB
:1014D00011D90CF1230C80225FFA8CFC9F2B94BF56
:1014E000703B503302EB4302D3B203F15002D2B24D
:1014F0001F2AD0D8DBE7ACF17E0C7F225FFA8CFC90
:10150000ECE7D03BACF1A10C264AC3EBC3130CEBC8
:10151000430332F813007047A13B072BC4D8DFE820
:1015200003F0382E241D17120D04BCF1C00FBBD8D8
:101530001D4AACF1A10332F813007047BCF1F10F62
:10154000B2D81A4A1CE0BCF1D80FADD8184A17E03F
:10155000BCF1F60FA8D80CF540507047BCF1F30F62
:10156000A2D842F6A07060447047124B634413F84F
:10157000A13C002B98D04FF66060604470470E4A43
:10158000ACF1A10332F81300002808BF4FF0FF3080
:1015900070470A4AACF1A10332F81300704700BF4C
:1015A0009C280612200E0612C83F0612084006129A
:1015B000AC4006121C410612784106123442061253
:1015C00038B50546B9B101F5957412492046F9F7C9
:1015D000D1FC28B928460121BDE83840FFF74ABFB1
:1015E0000D492046F9F7C6FC38B928460221BDE866
:1015F0003840FFF73FBF094CE7E709492046F9F7B4
:10160000B9FC28B928460321BDE83840FFF732BFAE
:10161000284638BDF00B0612F40B06127A9600200D
:10162000FC0B06120EB430B56FF000449CB00146BE
:101630000B4D1FAB049407940A4C53F8042B0291F2
:1016400028680193CDE90541002402A91B9400F00C
:101650000BF8029B1C701CB0BDE8304003B0704713
:10166000A89300200802FFFF2DE9F04FC5B00C46FB
:10167000834614AF0B93CDE905213846082200219B
:1016800016F0DEF9A389180603D52369002B00F0B4
:101690006B861BAA0023DFF8509A92460D9318928E
:1016A0000793CDE91933CDE90E33059DD9F8E44010
:1016B000FDF70AFF2A46034612A958460097A0479D
:1016C0000028034600F0A480C0F29A80129A252ACE
:1016D00001D01D44EAE7059B0446EE1A40F09C80C9
:1016E00000234FF0FF326C1C19468DF843300893ED
:1016F0006B78049202910134A3F120025A2A00F27D
:10170000B780DFE812F0C302B500B500BD02B50036
:10171000B500B5009E02B500B5009402E802B50020
:101720007700CD02B5008E025B005B005B005B00C2
:101730005B005B005B005B005B00B500B500B500C3
:10174000B500B500B500B500B500B500C1012D026A
:10175000B500B500B500B500B500B500B500B500E1
:10176000B500B500FA01B500B500B5006201B500DD
:101770006502B500B500B405B500B500B500B5000B
:10178000B500B500B500B500B500B500C101310127
:10179000B500B500B500F10131016D00B500E801FB
:1017A000B500670351031D036D00B50062016B00B6
:1017B000ED02B500B500F405B5006B00A3F13002F1
:1017C0000023194601EB810114F8013B02EB4101B2
:1017D000A3F13002092AF5D908918DE723788AE729
:1017E000029B43F020030293237884E7089A0B932B
:1017F00052420892029B43F00403029323787AE753
:1018000008220021384616F01BF901231D444DE73C
:10181000059B0446EE1A12D0059BCAE900361A9BB6
:1018200033441A93199B0133072B199316DC0AF1E1
:10183000080A079B33440793002C7FF451AF1A9B8F
:10184000002B40F08E86069B9B8903F04003002B03
:1018500040F01787079845B0BDE8F08F18AA0699A1
:101860005846FDF779FB0028EDD10DF16C0AE0E751
:101870000594002BE3D001228DF8AC302BAD002372
:101880000A928DF843300993CDE90323029CDDE9E8
:10189000193014F0840801461A462ED1089C039E84
:1018A000A41B002C00F3ED839DF843304BB34FF0A5
:1018B0000008CDF83080013201230131CAF804302C
:1018C000072A0DF14303CDE91921CAF8003000F3CE
:1018D00070830AF1080A0C9B7BB1013211AB023113
:1018E000CAF80030072A4FF00203CDE91921CAF8DF
:1018F000043000F352830AF1080AB8F1800F00F0B7
:101900007882049B0A981C1A002C00F3AF820A9B71
:101910000132CAF800501944072ACAF80430CDE948
:10192000192100F3D2820AF1080A029B5B0705D550
:10193000089B039A9C1A002C00F347830398DDE967
:1019400007328242ACBF9B181B180793002940F056
:10195000C68200231993099B1BB109995846EDF7DC
:101960005CFE0DF16C0AA0E6029B05949E0640F118
:101970006C840B9B073323F007031A465B6852F80D
:10198000084B9E460B92002BC0F2FD80049B002B5F
:10199000C0F20681029A22F080020292002B40F0EF
:1019A000FF8054EA0E0314BF0122002240F0F880A9
:1019B0009DF84330002B00F02E81012144AD0992A7
:1019C00003910A92049200F00BBC0022DDF82C80F7
:1019D00005948DF8432058F8042B0992002A00F052
:1019E0005485532B04D0029B13F0100400F09F8405
:1019F000099B0822002116A8139316F021F8049ED3
:101A0000002EC0F26D85002425460DE02BA9584616
:101A1000FFF7E6FC421C04F10404284400F02C8685
:101A2000B04206DC06D00546139A16AB1259002ABE
:101A3000ECD10495049B002B00F06385632B00F32D
:101A40009B8500232BAD09930822002116A815F0D1
:101A5000F7FF049C16AB13AA294658460093234669
:101A6000FFF7E4FC844240F038860499002321EA21
:101A7000E1706B549DF843200390002A40F0F385F9
:101A80000492CDE90A1801E70B9A432B059402F161
:101A9000040403D0029BD90640F13F8408220021B0
:101AA00016A82BAD15F0CCFF0B9A16AB5846126852
:101AB0002946FFF795FC03460A90013300F0DC85C8
:101AC0000A9B23EAE373039300230B948DF84330BE
:101AD00009930493DAE623786C2B00F0BB84029A16
:101AE00042F01002029206E62378682B00F0AA84E6
:101AF000029A42F040020292FDE5029B05949C0688
:101B000043F0100040F197830B9B073323F007034A
:101B100019465A6851F8083B0B9100218DF8431083
:101B200004990029C0F28B8220F49061029153EA5B
:101B3000020140F08782049C211E18BF0121002C65
:101B400040F0808210F00102039200F03A833023CB
:101B50000DF20F1504918DF80F310A92099195E657
:101B6000029A059442F01003920600F16B830B9ADF
:101B7000111D0B9A029314680B914FEAE47E734691
:101B8000002BBFF603AF2D2364428DF843306EEB7C
:101B90004E0E049B002B03DB029B23F08003029379
:101BA0000A2C7EF1000380F08F82049A30349DF875
:101BB0004330012A8DF80F41B8BF01220392002B58
:101BC00040F00683099301230DF20F150A935DE699
:101BD000029B059443F010029B0640F162820B9B2E
:101BE000002107338DF8431023F00703D3F804E0F6
:101BF00053F8084B0B93049B8B42C0F25F8222F098
:101C000080030293049B002BCAD154EA0E0314BF35
:101C100001230023C4D144AD099304930A93039391
:101C200034E6029B43F080030293237863E50B9B29
:101C300053F8042B002A0892FFF6D8AD0B932378B3
:101C400059E55846FDF746FC436818460E93F9F7E8
:101C500043FB0F9005465846FDF73CFC826823780D
:101C60000D92002D3FF447AD002A3FF444AD1278A9
:101C7000002A3FF440AD029A42F4806202923AE5B3
:101C8000029B43F001030293237834E59DF843203F
:101C90002378002A7FF42FAD20228DF843202AE5F7
:101CA000204610F8013B2A2B00F00785A3F13002F3
:101CB000092A00F2D384002101EB810110F8013BD5
:101CC00002EB4101A3F13002092AF5D941EAE172A0
:101CD0000446049210E52B238DF8433023780AE55F
:101CE000029A059496063FF57AAF029B0B9913F082
:101CF000100351F8044B039340F0ED84029B13F062
:101D0000400300F04083049BA4B2DDF80CE0002BFC
:101D10008DF843E0C0F24383029B23F080030293DB
:101D2000049B002B40F03B83231E18BF0123002C93
:101D300040F0358344AD04930B91CDE90933A5E51B
:101D400000210B9B059447F63002049C53F8040BCA
:101D50008C42ADF844208DF843100246C0F26A83ED
:101D6000029C24F0800444F002040294002840F015
:101D7000AF84049C201E18BF0120002C40F0A884D2
:101D800044AD04900B9303900A90039B029C023392
:101D900014F084080393DDE919210846134600F086
:101DA000B3800023099398E50298059481063FF5D6
:101DB000ABAE029A0B9912F0100251F8043B40F0BE
:101DC0009A84029C14F0400000F080839BB220466D
:101DD0000B91A2E6029B05949A0640F112820B9B9E
:101DE000079A1B681A60D2175A600B9B04330B9337
:101DF0005BE4089B03981C1A002C7FF782AD102C23
:101E0000B84E20DD0C954FF01008069D02E0103C06
:101E1000102C17DD01321031072ACAE90068CDE91C
:101E200019210AF1080AF2DD18AA294658460DF1CF
:101E30006C0AFDF791F8002859D1103C102CDDE90F
:101E40001921E7DC0C9D01322144CAF80060072A01
:101E5000CAF80440CDE9192100F30483049B0AF178
:101E6000080A0A981C1A002C7FF751AD102C9D4EC1
:101E70001DDD4FF0100802E0103C102C17DD013280
:101E80001031984B072ACAE90038CDE919210AF127
:101E9000080AF1DD18AA069958460DF16C0AFDF7FB
:101EA0005BF820BB103C102CDDE91921E7DC013286
:101EB0002144CAF80060072ACAF80440CDE9192174
:101EC00000F3E2800AF1080A21E518AA06995846AB
:101ED000FDF742F858B91A990DF16C0A25E518AAD0
:101EE00006995846FDF738F800283FF432AD099BB3
:101EF000002B3FF4A8AC09995846EDF78EFB069BE2
:101F00009B8903F04003A2E4089C039ECDF8248043
:101F1000A41B002C7FF7E1AC02220C92102C1A4675
:101F2000DFF8C88121DD46461023DDF8188002E085
:101F3000103C102C18DD01321030072ACAE900636A
:101F4000CDE919200AF1080AF2DD18AA41465846DF
:101F50000DF16C0AFDF700F80028C8D1103C1023E1
:101F6000102CDDE91920E6DCB04601322118CAF850
:101F70000080072ACAF80440CDE9192100F3318214
:101F80009DF843300AF1080A002B40F036810C9886
:101F900000283FF4B6AC98469FE418AA0699584624
:101FA000FCF7DAFF0028A2D10DF16C0ADDE9192156
:101FB000A3E418AA06995846FCF7CEFF002896D14C
:101FC0000DF16C0ADDE9192185E4102C199BDFF86D
:101FD0001C8121DD46461025DDF8188002E0103C0A
:101FE000102C18DD01331031072BCAE90065CDE94B
:101FF00019310AF1080AF2DD18AA414658460DF1D6
:102000006C0AFCF7A9FF00287FF471AF103C102C7C
:10201000DDE91931E6DCB04601332144072BCAE97A
:102020000084CDE919317FF789AC18AA0699584682
:10203000FCF792FF00287FF45AAF1A997EE420F44F
:102040008061029144AD03F00701DB08284643EAB2
:1020500042733031D20805F8011D53EA0204F2D16F
:10206000302903D0029BD90700F1DC8044AB5B1B15
:102070000A9300220992049A9A42B8BF1A46039220
:1020800004E400220C9249E718AA06995846FCF786
:1020900063FF00287FF42BAF0DF16C0ADDE91921F5
:1020A00035E40B9B191D0B9B4FF0000E0B911C6828
:1020B000049B8DF843E07345BFF6A1AD0A2C029254
:1020C0007EF10003FFF471AD029B764644A9DFF870
:1020D000208003F480650023CDF80CA09E46CDF847
:1020E00024B02BE0F0420612509500200043061267
:1020F000CDCCCCCCA319A3463046514643F10003C6
:10210000A8FB032C2CF0030202EB9C029B1A4FF05D
:10211000CC32E31A66F1000602FB03F2BBF10A0FB0
:10212000A3FB084308FB06224FEA540470F10000A9
:10213000134444EAC3744FEA53062BD3A3190EF198
:10214000010E01F1FF3A43F10003A8FB032020F048
:10215000030202EB90029B1AE31AA3FB083266F11A
:1021600000005B0808FB002243EAC27303EB830311
:10217000A4EB4303303301F8013C002DBAD00D9B92
:102180001B787345B6D1FF2BB4D00A2C76F100032F
:1021900080F00882554644AB04995B1BDDF80CA027
:1021A000DDF824B01A460A939DF843309142B8BF37
:1021B00011460391002B00F08780039B01330393AA
:1021C00082E0039A44AD04920A920992FFF75EBB43
:1021D000013201230DF20F1503920022CDE90923EC
:1021E000029CDDE9192114F08408084613463FF4E7
:1021F00055AB00230C93FFF75EBB4FF00008FFF7D1
:102200005ABB029BDB0600F13B81029B5E0600F19C
:10221000A381029B9D0540F133810B9B079A1B68AC
:102220001A70E2E53023023805F8013C44AB05465C
:102230001B1A0A931DE70B9B191D0B9B00220B9188
:102240001B686AE40293FFF794BB029B0B99DD06BF
:1022500051F8044B3FF58DAC029B580640F12181AB
:1022600044F3C03E0B9124B27346FFF78CBB029A35
:10227000AD4812F0200105943FD00B9A073222F0AE
:1022800007021446516854F8082B0B9452EA0104D3
:10229000029D14BF01240024ED0702D5002C40F05C
:1022A000B78000238DF84330049B002B029B79DB21
:1022B00023F490630293049B002B76D1002C74D1FD
:1022C00044AD04940A940394029CDDE9192114F0AE
:1022D00084080846134600F00A829DF84330002B1C
:1022E00000F00B82002309930C93FFF7E4BA029AE3
:1022F0008E4812F020010594BFD10B9C54F8042B9A
:102300000B94029C14F01004C0D1029911F040010A
:1023100000F0D18092B22146B8E70B9B2BAD1B6831
:102320008DF8AC30012303930A93FFF7CDBB049AD9
:10233000002AC0F2818121460998FDF7CFF89DF867
:102340004320099D002800F02181431B0A9323EAC2
:10235000E3730393002A00F0998101330494CDF8CC
:102360002C80039309943BE740215846EDF738F958
:10237000069B18601861002800F0B5814023069A7A
:102380005361FFF786B9029A12F4007240F0D280CE
:10239000049B96468DF84320002BBFF6BDAC0B91F5
:1023A000FFF7FEBB23F480630293029B03F0020459
:1023B00044AD02F00F031209C35C42EA017209093D
:1023C00005F8013D52EA0103F3D144AB049A5B1BCB
:1023D0009A420A93B8BF1A460392002C7FF4D5ACF8
:1023E00072E718AA06995846FCF7B6FD8046002801
:1023F0007FF47DAD9DF84330DDE91921002B61D1DB
:102400000C9B0DF16C0A002B7FF467AAFFF779BAD9
:102410008DF8453030238DF8443000238DF843305B
:10242000049B002B79DA029B23F4806343F00203C0
:102430000293BAE7029802240B9340F00200029044
:102440003A48B5E7029B013443F4007302932378C2
:10245000FFF751B9029B013443F020030293237824
:10246000FFF749B918AA06995846FCF775FD0028E8
:102470007FF43DAD0DF16C0ADDE91921FFF741BA9A
:102480000B9B079A1B681A60AFE4049B284D062B30
:10249000CDF82C80049228BF062303930A93FFF7FC
:1024A000F5B9029B0B91990551D544F3C01E64B256
:1024B0007346FFF768BA029C14F4007414BFD2B2DA
:1024C0002146E3E60DF16C0AFFF7F5B9029C14F41E
:1024D000007238D00246DBB220460B91FFF71DBBDD
:1024E00016AB13AA5846009300231946FEF79EFF29
:1024F00003460490013300F0BF80099B1393FFF75C
:1025000099BA9DF84330099D003BCDF82C8018BF47
:1025100001230393049B0A93D6E6029B23F4906362
:1025200043F00203029340E78C0A0612780A06126F
:10253000A00A06129E468DF84330049BE4B2002B9D
:10254000BFF6EAAB2BE702980B91FFF7E6BA4FEA2A
:10255000E47E7346FFF717BA0B9B079A1B681A8035
:1025600043E4069C18AA58462146FCF7F5FCA389CB
:1025700003F04003FFF76BB9591C5846EDF730F8EC
:102580000546002878D00990FFF75EBA002A00F0CF
:102590008B80049ACDF82C80511C0A9204900391F0
:1025A00009901DE60F9A0E99AAEB020B5846F7F711
:1025B0005FFC0D9A53780BB101320D92A319504A6A
:1025C0004FF0CC314FF0010E43F100030BF1FF3A15
:1025D000A2FB030C2CF0030000EB9C001B1AE31A77
:1025E00066F1000603FB01F1A3FB023002FB0611BA
:1025F00023FA0EF3014443EAC17421FA0EF6A3193B
:1026000043F10003A2FB031020F0030101EB900152
:102610005B1AE31AA3FB023166F1000023FA0EF302
:1026200002FB001243EAC27303EB8303A4EB4303F0
:1026300030330BF8013CA2E5099D2846F8F74CFE23
:102640009DF8433020EAE0720A9003922BB30132E6
:102650000494CDF82C8003920994C1E5002204462D
:102660000492FFF749B8049ACDF82C800A92039A95
:10267000049301320392B3E5069A938943F0400331
:1026800093814FF0FF330793FFF7E4B8099D04925D
:10269000CDF82C800992FFF7F9B8099D0493CDF885
:1026A0002C800993FFF7F2B8049B0992CDF82C8097
:1026B0000A9303930492FFF7E9B80B9A63780446F0
:1026C00052F8041B41EAE1710B920491FFF713B831
:1026D0000C480B9369E6029AE5E4069A938943F065
:1026E0004003938103E40C23CBF80030C9E7CDF815
:1026F0002480FFF7D3B802989FE50993FFF7FDB850
:10270000CDCCCCCC780A06122DE9F0478E688146F4
:102710000C461D469E429046086836D8B1F90C30EA
:1027200013F4906F0DD135462A46414600F04CF81F
:10273000A26823680020921B2B44A2602360BDE89E
:10274000F0876769096917EB4707A0EB010A05F1F4
:10275000010048BF013750447F10B8423A4601D9C2
:10276000074602465B0512D511464846ECF738FF8E
:102770000646F8B152462169F8F738FDA38923F4DB
:10278000906343F08003A38106E01E46CCE74846F1
:10279000ECF72FFF064648B106EB0A00A7EB0A0349
:1027A00026612E466761A3602060BDE72169484627
:1027B000ECF733FFA3890C224FF0FF3043F04003C6
:1027C000C9F80020A381BAE788420DD98B1883424B
:1027D0000AD900EB020C5AB3624613F801CD9942B4
:1027E00002F801CDF9D170470F2A0DD802F1FF3C54
:1027F000F2B10CF1010C431E8C4411F8012B614520
:1028000003F8012FF9D1704740EA01039B07F0B5A7
:102810000C460ED002F1FF3C03460CF1010C013BCB
:102820008C4411F8012B614503F8012FF9D1F0BD5B
:102830007047A2F1100501F1200E01F1100300F123
:10284000100C25F00F05AE4453F8106C10330CF14A
:10285000100C4CF8206C53F81C6C4CF81C6C53F8A2
:10286000186C73454CF8186C53F8146C4CF8146CD5
:10287000EAD101EB050C12F00C0F05440CF110012C
:1028800005F1100302F00F050E4618D0043DA0EB31
:10289000040E25F00304A4440CF1140C0F6801EBA2
:1028A0000E0504312F606145F8D1043402F00302B3
:1028B000A119234402F1FF3C002AAED1F0BD2A4603
:1028C000F8E700BF0A4D14461A4603462E680D4627
:1028D00000B5F06885B044B106490095CDE9011412
:1028E000054900F0C9F8ECF79BFE04490C46F4E7F3
:1028F000A8930020040C0612140C0612100C0612E9
:102900002DE9F04F8BB01C46DDE91478DDF85890C6
:102910000290B8F1000F50D000291668C3464FF05E
:10292000000508BF4FF0FF37924688460196039195
:1029300007E0019B013C53F8040B019300284AD0A7
:102940006546AF4235D9002C33D0DBF8003006A9FC
:10295000019A0493DBF80430126805935B460298F1
:10296000D9F8E060B047431C1CD000EB050CBC4517
:1029700026D8039B002BDCD000280DDD08F1FF32A8
:1029800006A9019E02EB000E11F8013B02F8013F7F
:102990007245F9D180440196DAF800200432CAF871
:1029A0000020C6E78A210022029B05461960CBF869
:1029B000002028460BB0BDE8F08F00F58678ABE725
:1029C000D846DDF810A0DDF814B02846C8E900AB01
:1029D0000BB0BDE8F08F0399D84609B1CAF80000E2
:1029E0000CF1FF3500222846C8F800200BB0BDE8E6
:1029F000F08F00BF10B584B0054C06980090079882
:102A00000190044800680294FFF77AFF04B010BDFB
:102A100050950020A8930020154B984226D840F6E8
:102A2000F90C70B54FF0000E124D03E004F1010EE9
:102A3000F44519DB1EEB0C0248BF013222F0010302
:102A4000541003EB620305EB43015B004A784E88A8
:102A5000898842EA062211448842E7D8904204F16C
:102A6000FF3CE5D3E85C70BDFF2070BDFF207047E0
:102A7000EF010E00104306120EB410B583B0074CE0
:102A8000014605AB206853F8042B019300F008F8C9
:102A900003B0BDE8104003B0704700BFA89300200A
:102AA0002DE9F04FC5B083469246082214AF049139
:102AB00000211C4638460B9314F0C2FFBBF1000FF7
:102AC00004D0DBF83430002B00F06187049A536E99
:102AD000B2F90C20D90740F13A81960400F15385F0
:102AE00042F40052049923F400538A8112B24B66D7
:102AF000130740F1B980049B1B69002B00F0B480E0
:102B000002F01A030A2B00F0BE801BAA0023914694
:102B10000D9318920793CDE91933CDE90E3355463D
:102B2000954BD3F8E440FCF7CFFC2A46034612A9A4
:102B300058460097A0470028034600F0C380C0F223
:102B4000B980129A252A01D01D44E9E7B5EB0A069F
:102B5000044640F0BB8000234FF0FF3205F1010A2C
:102B600019468DF8433008936B78069203910AF169
:102B7000010AA3F120025A2A00F20081DFE812F0D4
:102B80008E03FE00FE008703FE00FE00FE006703CA
:102B9000FE00FE0024023602FE002F02A003FE000B
:102BA00099035B005B005B005B005B005B005B000C
:102BB0005B005B00FE00FE00FE00FE00FE00FE006B
:102BC000FE00FE00FE00ED012603FE00FE00FE00FA
:102BD000FE00FE00FE00FE00FE00FE00FE003C02C5
:102BE000FE00FE00FE00BD01FE009C02FE00FE0095
:102BF000D805FE00FE00FE00FE00FE00FE00FE0006
:102C0000FE00FE00FE00ED018301FE00FE00FE005E
:102C10005D0383016D00FE001C03FE000E03F9023C
:102C2000C6026D00FE00BD016A006E02FE00FE00DD
:102C30001B06FE006A00A3F13002002101EB8101B6
:102C40001AF8013B02EB4101A3F13002092AF5D940
:102C500008918EE79AF8003089E7039B43F0200340
:102C600003939AF8003082E7049D5846294601F004
:102C7000BFF9002840F0D087B5F90C2002F01A0304
:102C80000A2B7FF442AF0499B1F90E30002BFFF606
:102C90003CAF4B6EDD0702D4900540F11887234608
:102CA00052460499584600F0DFFF0790079845B058
:102CB000BDE8F08F08220021384614F0C1FE012340
:102CC0001D442DE7B5EB0A06044611D01A9B334488
:102CD0001A93199B0133072B1993C9E900A611DC3C
:102CE00009F10809079B33440793002C7FF433AFA5
:102CF0001A9B002B40F03F870022049B1992B3F9E6
:102D00000C3019E018AA0499584600F0EFFF80B97A
:102D10000DF16C09E6E718AA0499584600F0E6FFA1
:102D2000002800F09B80099B1BB109995846ECF7DD
:102D300074FC049BB3F90C30049A526ED00740F136
:102D400098805B0614D4079845B0BDE8F08F9005D5
:102D500040F1298191047FF5C3AE9E047FF5C8AE92
:102D6000049B9B899A0503D4049B986DF8F700F99E
:102D70004FF0FF330793E6E750950020002BB7D0C4
:102D800001228DF8AC302BAD00230A928DF8433030
:102D90000993CDE90523039CDDE9193014F084087B
:102DA00001461A462ED1089C059EA41B002C00F358
:102DB00092839DF843304BB34FF00008CDF830803C
:102DC000013201230131C9F80430072A0DF1430310
:102DD000CDE91921C9F8003000F3158309F108097C
:102DE0000C9B7BB1013211AB0231C9F80030072ACC
:102DF0004FF00203CDE91921C9F8043000F3F6823F
:102E000009F10809B8F1800F00F07582069B0A9855
:102E10001C1A002C00F3AD820A9B0132C9F8005045
:102E20001944072AC9F80430CDE9192100F3D282E8
:102E300009F10809039B5C0705D5089B059A9C1AB4
:102E4000002C00F3ED820598DDE907328242ACBF29
:102E50009B181B18079300297FF45DAF002319937B
:102E6000099B1BB109995846ECF7D7FB0DF16C098A
:102E700055E69A053FF565AF049CA06DF8F778F824
:102E8000B4F90C305DE7039B9B0640F12E840B9B4D
:102E9000073323F007031A465B6852F8084B9E4637
:102EA0000B92002BC0F2A481069B002BC0F2AD81D7
:102EB000039A22F080020392002B40F0A68154EA8C
:102EC0000E0314BF0122002240F09F819DF8433081
:102ED000002B00F01581012144AD099205910A9261
:102EE0000692039CDDE9192114F084080846134674
:102EF0003FF459AF00230C9362E70022DDF82C80E9
:102F00008DF8432058F8042B0992002A00F05885C8
:102F1000532B00F09084039B13F0100440F08B843B
:102F2000069A002AC0F2BA8521460998FCF7D6FA1B
:102F30009DF84320099D002800F04E86431B0A930C
:102F400023EAE3730593002A00F0388601330694E0
:102F5000CDF82C8005930994C3E70B9A432B02F11B
:102F6000040403D0039BD90640F1478408220021C2
:102F700016A82BAD14F064FD0B9A16AB58461268D8
:102F80002946FEF72DFA03460A90013300F0078622
:102F90000A9B23EAE373059300230B948DF84330D7
:102FA00009930693F7E6049DA86DF7F7DDFFB5F9E1
:102FB0000C206B6E95047FF593AD98047FF598AD6A
:102FC000D9077FF5CDAED3E60B9B53F8042B002A2F
:102FD000089280F2D382089A0B9352420892039B84
:102FE00043F0040303939AF80030C0E52B238DF8D7
:102FF00043309AF80030BAE5039B9D0643F0100079
:1030000040F1D4820B9B073323F0070319465A681B
:1030100051F8083B0B9100218DF8431006990029C7
:10302000C0F2388220F4906103910699002940F0A3
:10303000348253EA020114BF0121002140F02D82A5
:1030400010F00102059200F0938230230DF20F156B
:1030500006918DF80F310A9209919CE6039A960623
:1030600030D4039B0B9913F0100351F8044B0593D4
:1030700040F0F385039B13F0400300F02F84069B80
:10308000A4B2DDF814E0002B8DF843E0C0F23284E6
:10309000039B23F080030393002C40F02B84069ABB
:1030A000131E18BF0123002A40F0248444AD069368
:1030B0000B91CDE909336EE6039B43F010029B06AA
:1030C00040F188820B9B002107338DF8431023F0D9
:1030D0000703D3F804E053F8084B0B93069B8B428D
:1030E000C0F2858222F080030393069B002B40F000
:1030F0008C8054EA0E0314BF0123002340F0858026
:1031000044AD099306930A93059344E600210B9B73
:10311000069C47F6300253F8040B8C42ADF844206D
:103120008DF843100246C0F24883039C24F08004CB
:1031300044F002040394002840F08A85069C201E77
:1031400018BF0120002C40F0838544AD06900B93FE
:1031500005900A90059B039C023314F084080593A4
:10316000DDE919210846134600F0C68300230993C0
:1031700038E6039884063FF545AF039A0B9912F0A1
:10318000100251F8043B40F06685039C14F04000A7
:1031900000F034849BB220460B913CE7039B9906D8
:1031A00040F1B5820B9B079A1B681A60D2175A60D0
:1031B0000B9B04330B93B2E49AF800306C2B00F0B5
:1031C0002683039A42F010020392D0E4039A42F05D
:1031D0001003920600F1E8810B9A111D0B9A0393DC
:1031E00014680B914FEAE47E7346002BBFF65CAE89
:1031F0002D2364428DF843306EEB4E0E069B002B60
:1032000003DB039B23F0800303930A2C7EF100036E
:1032100080F0F381069A30349DF84330012A8DF80E
:103220000F41B8BF01220592002B40F0B1810993F4
:1032300001230DF20F150A93ADE59AF80030682BC3
:1032400000F0EF82039A42F0400203928FE4584666
:10325000FCF740F9436818460F93F8F73DF80E90D5
:1032600004465846FCF736F982689AF800300D9209
:10327000002C3FF47CAC002A3FF479AC1278002A91
:103280003FF475AC039A42F4806203926FE4039BAF
:1032900043F0010303939AF8003068E49DF843205B
:1032A0009AF80030002A7FF462AC20228DF8432087
:1032B0005DE4039B43F0800303939AF8003056E4E7
:1032C000504610F8013B2A2B00F09A84A3F13002FB
:1032D000092A00F24B84002101EB810110F8013B27
:1032E00002EB4101A3F13002092AF5D941EAE1726A
:1032F000824606923DE4089B05981C1A002C7FF735
:1033000085AD102CB14E21DD0C954FF01008049DB9
:1033100002E0103C102C18DD01321031072AC9E9F7
:103320000068CDE9192109F10809F2DD18AA29463A
:10333000584600F0DBFC00287FF4F5AC103C0DF1A2
:103340006C09102CDDE91921E6DC0C9D01322144C9
:10335000C9F80060072AC9F80440CDE9192100F333
:103360001B83069B09F108090A981C1A002C7FF799
:1033700053AD102C954E1FDD4FF0100802E0103CAD
:10338000102C19DD01321031904B072AC9E90038A1
:10339000CDE9192109F10809F1DD18AA0499584667
:1033A0000DF16C0900F0A2FC00287FF4BCAC103CCD
:1033B000102CDDE91921E5DC01322144C9F8006057
:1033C000072AC9F80440CDE9192100F3C48009F1A6
:1033D000080921E518AA0499584600F087FC00283E
:1033E0007FF4A1AC1A990DF16C0923E518AA049990
:1033F000584600F07BFC00287FF495AC0DF16C0979
:10340000DDE91921FEE418AA0499584600F06EFC83
:1034100000287FF488AC0DF16C09DDE91921DFE4A7
:10342000102C199BDFF8A88121DD46461025DDF818
:10343000108002E0103C102C18DD01331031072BF6
:10344000C9E90065CDE9193109F10809F2DD18AAC9
:10345000414658460DF16C0900F048FC00287FF405
:1034600062AC103C102CDDE91931E6DCB0460133CA
:103470002144072BC9E90084CDE919317FF7E3AC7A
:1034800018AA0499584600F031FC00287FF44BAC90
:103490001A99D8E420F48061039144AD03F0070148
:1034A000DB08284643EA42733031D20805F8011D93
:1034B00053EA0204F2D1302902D0039BDE077CD408
:1034C00044AB5B1B0A9300220992069A9A42B8BF4A
:1034D0001A4605925FE400220C92102C1A46DFF87F
:1034E000F08022DD46461023DDF8108002E0103C1B
:1034F000102C19DD01321030072AC9E90063CDE92B
:10350000192009F10809F2DD18AA414658460DF1C3
:103510006C0900F0EBFB00287FF405AC103C102395
:10352000102CDDE91920E5DCB04601322118C9F87C
:103530000080072AC9F80440CDE9192100F3FE8173
:103540009DF8433009F108095BBB0C9800283FF453
:103550005DAC984646E418AA0499584600F0C6FBAC
:1035600000287FF4E0AB0DF16C09DDE9192153E48B
:10357000059A44AD06920A9209920CE40B939AF8CC
:103580000030FFF7F4BA9D047FF5B2AAFFF7F0BB55
:103590000025013201230592CDE909530DF20F15E3
:1035A0009FE44FF000080BE4039370E40B9B191D9C
:1035B0000B9B00220B911B682DE53023023805F888
:1035C000013C44AB05461B1A0A937CE7EC780612D3
:1035D000FC7806120B9B191D0B9B4FF0000E0B91F4
:1035E0001C68069B8DF843E07345BFF67BAD0A2C43
:1035F00003927EF10003FFF40DAE039B764644A9CF
:10360000DFF8F48303F480650023CDF814909E4620
:10361000CDE909BADDF834A023E0A319A34630466A
:10362000494643F10003A8FB032C2CF0030202EBF4
:103630009C029B1A4FF0CC32E31A66F1000602FBA3
:1036400003F2BBF10A0FA3FB084308FB06224FEA73
:10365000540470F10000134444EAC3744FEA530663
:103660002BD3A3190EF1010E01F1FF3943F1000331
:10367000A8FB032020F0030202EB90029B1AE31A3E
:10368000A3FB083266F100005B0808FB002243EA56
:10369000C27303EB8303A4EB4303303301F8013C13
:1036A000002DBAD09AF800307345B6D1FF2BB4D0B4
:1036B0000A2C76F1000380F00F824D4644AB069948
:1036C0005B1BCDF834A0DDF814901A469142DDE979
:1036D00009BAB8BF11460A939DF843300591002BF3
:1036E00056D0059B0133059352E0039B0B99DE06F0
:1036F00051F8044B3FF572AD039B5D0640F16C81C0
:1037000044F3C03E0B9124B27346FFF7CABB039B40
:10371000DA0600F14F81039B5B0600F1B981039B40
:103720009E0540F147810B9B079A1B681A703FE585
:10373000AE48039A12F0200100F0F0800B9A073295
:1037400022F007021446516854F8082B0B9452EAF1
:103750000104039D14BF01240024ED0702D5002CB1
:1037600040F0038100238DF84330069B002B039B20
:10377000C0F2CD8023F490630393069B002B40F0AE
:10378000C980002C40F0C68044AD06940A9405948C
:10379000039CDDE9192114F084080846134600F063
:1037A00053829DF84330002B00F04482002309939C
:1037B0000C93FFF705BB8E48BBE7039802240B93DD
:1037C00040F0020003908A4844AD02F00F03120952
:1037D000C35C42EA0172090905F8013D52EA01039E
:1037E000F3D144AB069A5B1B9A420A93B8BF1A46C0
:1037F0000592002C7FF4AEACCAE70B9B2BAD1B6887
:103800008DF8AC30012305930A93FFF7C5BB039BEA
:103810000AF1010A43F0200303939AF80030FFF7FE
:10382000A6B9039B0AF1010A43F4007303939AF8C3
:103830000030FFF79CB9099B0822002116A81393BA
:1038400014F0FEF8069E002EC0F2ED8000242546FE
:103850000DE02BA95846FDF7C3FD411C04F10404FB
:10386000284400F09C81B04206DC06D00546139A3D
:1038700016AB1259002AECD10695069B002B00F0DE
:10388000E280632B40F31F81591C5846EBF7A8FEDA
:103890000546002800F0838109900822002116A81F
:1038A00014F0CEF8069C16AB13AA2946584600938E
:1038B0002346FDF7BBFD844240F0BF8106990023FB
:1038C00021EAE1706B549DF843200590002A40F0F6
:1038D0005C810692CDE90A18FFF75DBA039A12F4EB
:1038E000007240F0C780069B96468DF84320002B5F
:1038F000BFF6CEAB0B9188E4089C059ECDF82480E2
:10390000A41B002C7FF76EAA02220C92E5E523F49B
:1039100080630393039B03F0020455E70B9C54F868
:10392000042B0B94039C14F010047FF410AF039944
:1039300011F040016CD092B2214608E718AA049910
:10394000584600F0D3F9804600287FF4ECA99DF892
:103950004330DDE91921002B61D10C9B0DF16C097D
:10396000002B7FF43FAAFFF751BA8DF84530302382
:103970008DF8443000238DF84330069B002B6EDA1F
:10398000039B23F4806343F002030393C2E758468A
:10399000F5F7C2FDFFF79AB818AA0499584600F047
:1039A000A5F900287FF4BFA90DF16C09DDE9192103
:1039B000FFF72CBA0B9B079A1B681A60FFF7F8BB3E
:1039C000069B0C4D062BCDF82C80069228BF0623B3
:1039D00005930A93FFF7DFB9039B0B91980552D526
:1039E00044F3C01E64B27346FFF75BBA8C0A06123A
:1039F000780A0612A00A0612CDCCCCCC039C14F493
:103A0000007233D00246DBB220460B91FFF703BBB6
:103A1000039C14F4007414BFD2B2214697E60DF152
:103A20006C09FFF7CDB916AB13AA584600930023D3
:103A30001946FDF7FBFC03460690013300F0AF800A
:103A4000099B139319E79DF84330099D003BCDF87E
:103A50002C8018BF01230593069B0A9398E6039BCD
:103A600023F4906343F00203039353E703980B910D
:103A7000FFF7D1BA9E468DF84330069BE4B2002B87
:103A8000BFF606AB36E74FEAE47E7346FFF709BAA6
:103A90000B9B079A1B681A80FFF78ABB099D284673
:103AA000F7F71AFC9DF8433020EAE0720A9005927D
:103AB000002B00F08A8001320694CDF82C8005920C
:103AC0000994FFF70EBA00232BAD0993E5E6886D44
:103AD000F7F74EFAFFF7E3B80E9A0F99A9EB020B2E
:103AE0005846F6F7C5F99AF801300BB10AF1010A08
:103AF000A3195B4A4FF0CC314FF0010E43F10003A4
:103B00000BF1FF39A2FB030C2CF0030000EB9C002F
:103B10001B1AE31A66F1000603FB01F1A3FB023056
:103B200002FB061123FA0EF3014443EAC17421FAA1
:103B30000EF6A31943F10003A2FB031020F00301CA
:103B400001EB90015B1AE31AA3FB023166F100005E
:103B500023FA0EF302FB001243EAC27303EB830362
:103B6000A4EB430330330BF8013C9BE50022824673
:103B70000692FEF7FEBF18AA0499584600F0B6F860
:103B800000283FF4B9A8FFF7D4B8069ACDF82C80E6
:103B90000A92059A069301320592FFF7A2B904989A
:103BA000B0F90C30426E43F04001D20781813FF5FD
:103BB000DFA899053FF5DCA8FFF75EB9099D0692DD
:103BC000CDF82C800992FFF7E6B8099D0693CDF851
:103BD0002C800993FFF7DFB84AB1069ACDF82C8004
:103BE000511C0A92069005910990FFF77AB9069B3D
:103BF0000992CDF82C800A9305930692FFF7CBB873
:103C00000B9A9AF80130824652F8041B41EAE1719E
:103C10000B920691FEF7ABBF049A536EDF073FF598
:103C2000A7A893899E053FF5A3A8906DF7F7A0F983
:103C3000FFF79EB80993FFF7E5B8049A938943F01C
:103C400040039381FFF76FB8CDF82480FFF7ABB83E
:103C500004480B935EE60398AAE4039ABCE400BF11
:103C6000CDCCCCCC780A06122DE9F04198468B8950
:103C7000ADF58D6D164623F00203074616A80D46D6
:103C8000ADF80C301AAB6C46009304934FF480638C
:103C9000029305934B6E1993CB89ADF80E30CB6927
:103CA00007934B6A099300230693F7F757F93246B7
:103CB000434669463846FEF7F3FE061E07DB6946B3
:103CC0003846F5F7BFFA002818BF4FF0FF36A38932
:103CD0005B0603D5AB8943F04003AB81A06DF7F7DA
:103CE0003FF930460DF58D6DBDE8F081936810B554
:103CF00014461BB918460023636010BD00F006F897
:103D00000023A3600023636010BD00BF9368002BF5
:103D100000F0B780B1F90CC01CF0080F2DE9F04F8E
:103D2000174683B080460C4627D00B692BB31CF096
:103D300002033D682DD04FF0000ADFF8B0B2B9465B
:103D400056465E4533465246404628BF5B46002EE7
:103D500000F08680E169676AB847002840F38980EF
:103D6000D9F808308244361A1B1AC9F80830002BDB
:103D7000E7D1002003B0BDE8F08F2146404600F0B7
:103D800037F900287AD1B4F90CC03D681CF0020361
:103D9000D1D11CF0010976D14E460097002E5BD0A0
:103DA0001CF4007F2068D4F808B000F0B280B3455E
:103DB0005A4600F2E0801CF4906F33D063692169A9
:103DC00013EB4303A0EB010B48BF01334FEA630A37
:103DD0000BF1010333445246534501D99A461A4622
:103DE0001CF4806F00F0E58011464046EBF7F8FBCD
:103DF000002800F0F4805A4621690190F7F7F6F99F
:103E0000A289019B22F4906242F08002A28103EB1E
:103E10000B0023613246AAEB0B03B346C4F814A08F
:103E2000A360206049460192FEF7CEFCA368019A88
:103E3000B246A3EB0B01236800261344A160236064
:103E4000009AD1449368A3EB0A039360002B90D0AF
:103E5000B4F90CC0002EA3D1D5E9009608359DE732
:103E6000D5E900A608356CE721464046F5F7EAF9A2
:103E700070B3B4F90C3043F04003A3814FF0FF302E
:103E800078E7002070471E46BA46994618461F46F6
:103E900000955EB3002831D04A46A168B2426369FA
:103EA000206828BF324603EB010B2169884201D903
:103EB0005A4570DC934261DC3A46E1694046656AE6
:103EC000A847B0F1000BD4DDB9EB0B09CCD0012031
:103ED000DAF808305F44A6EB0B06A3EB0B03CAF835
:103EE0000830002B3FF445AF002ED3D1009A56681E
:103EF000134608320092002EF8D01F6832460A217D
:103F00003846FBF7EBFA002866D00130A0EB070932
:103F1000C2E72369834216D36269B24213D86FF0B5
:103F20000043E1694046676AB34228BF334693FBCA
:103F3000F2F302FB03F34A46B847B0F1000A98DDFA
:103F4000A6EB0A067CE7B345DA46494628BFB246E7
:103F50005246FEF739FCA3682268A3EB0A035244D9
:103F6000A3602260002BEBD121464046F5F76AF9A9
:103F70000028E5D07DE7B346324653E73946019243
:103F8000FEF722FC019AA36893469B1AA36023685C
:103F90001344236098E739465A46FEF715FC236818
:103FA000214640465B442360F5F74CF900288BD04E
:103FB0005FE74046EBF71DFB034600287FF427AF81
:103FC00021694046EBF729FBB4F90C300C2223F0B1
:103FD0008003C8F800204EE7721C91465DE70C2272
:103FE000B4F90C30C8F8002045E700BF00FCFF7FA3
:103FF00038B53E4B05460C461B6813B15A6B002A78
:104000005BD0B4F90C3019070BD522699AB113F0C3
:10401000010221D0636900225B42A260A3610020FB
:1040200038BDDA0659D558071BD4226943F0080376
:10403000A381002AEBD1990529D5180603F0800148
:1040400025D4D80742D49D073DD5A2600029E6D0EB
:1040500043F04003A38145E09B0716D46369A36046
:10406000DDE7216B51B104F14002914204D02846B2
:10407000EBF7D3FAB4F90C30002222630021226955
:1040800023F02403C4E90021D0E7A260C7E721465A
:104090002846FAF7FDFFB4F90C30226913F001014C
:1040A0000FD0616900204942A060A161002AB6D109
:1040B00003F080010029B2D0CAE71846F5F72CFAC0
:1040C0009FE7980700D46169A160EFE76069A2608B
:1040D0004042A0610029A2D0BAE7092243F0400380
:1040E0002A60A3814FF0FF3038BD00BFA8930020A5
:1040F00081F0004102E000BF83F0004330B54FEA99
:1041000041044FEA430594EA050F08BF90EA020F05
:104110001FBF54EA000C55EA020C7FEA645C7FEA98
:10412000655C00F0E2804FEA5454D4EB5555B8BFBB
:104130006D420CDD2C4480EA020281EA030382EA2C
:10414000000083EA010180EA020281EA0303362DBE
:1041500088BF30BD11F0004F4FEA01314FF4801C91
:104160004CEA113102D0404261EB410113F0004FA3
:104170004FEA03334CEA133302D0524263EB43035A
:1041800094EA050F00F0A780A4F10104D5F1200EF8
:104190000DDB02FA0EFC22FA05F2801841F1000153
:1041A00003FA0EF2801843FA05F359410EE0A5F127
:1041B00020050EF1200E012A03FA0EFC28BF4CF058
:1041C000020C43FA05F3C01851EBE37101F000450E
:1041D00007D54FF0000EDCF1000C7EEB00006EEB1B
:1041E0000101B1F5801F1BD3B1F5001F0CD34908A5
:1041F0005FEA30004FEA3C0C04F101044FEA4452FC
:1042000012F5800F80F09A80BCF1004F08BF5FEA82
:10421000500C50F1000041EB045141EA050130BD62
:104220005FEA4C0C404141EB0101013C28BFB1F574
:10423000801FE9D291F0000F04BF01460020B1FABF
:1042400081F308BF2033A3F10B03B3F120020CDA92
:104250000C3208DD02F1140CC2F10C0201FA0CF070
:1042600021FA02F10CE002F11402D8BFC2F1200CD5
:1042700001FA02F120FA0CFCDCBF41EA0C0190408B
:10428000E41AA2BF01EB0451294330BD6FEA0404D4
:104290001F3C1CDA0C340EDC04F11404C4F12002BF
:1042A00020FA04F001FA02F340EA030021FA04F3D1
:1042B00045EA030130BDC4F10C04C4F1200220FA28
:1042C00002F001FA04F340EA0300294630BD21FA66
:1042D00004F0294630BD94F0000F83F4801306BF2C
:1042E00081F480110134013D4EE77FEA645C18BF20
:1042F0007FEA655C29D094EA050F08BF90EA020FB7
:1043000005D054EA000C04BF1946104630BD91EAAE
:10431000030F1EBF0021002030BD5FEA545C05D1B1
:104320004000494128BF41F0004130BD14F58004F0
:104330003CBF01F5801130BD01F0004545F0FE4164
:1043400041F470014FF0000030BD7FEA645C1ABF99
:10435000194610467FEA655C1CBF0B46024650EAD0
:10436000013406BF52EA033591EA030F41F40021FC
:1043700030BD00BF90F0000F04BF0021704730B582
:104380004FF4806404F132044FF000054FF0000157
:1043900050E700BF90F0000F04BF0021704730B518
:1043A0004FF4806404F1320410F0004548BF4042ED
:1043B0004FF000013EE700BF42004FEAE2014FEA42
:1043C00031014FEA02701FBF12F07F4393F07F4F1D
:1043D00081F06051704732F07F4208BF704793F020
:1043E0007F4F04BF41F40021704730B54FF4607433
:1043F00001F0004521F000411CE700BF50EA010236
:1044000008BF704730B54FF000050AE050EA0102DE
:1044100008BF704730B511F0004502D5404261EB4E
:1044200041014FF4806404F132045FEA915C3FF48F
:10443000D8AE4FF003025FEADC0C18BF03325FEA2C
:10444000DC0C18BF033202EBDC02C2F1200300FADD
:1044500003FC20FA02F001FA03FE40EA0E0021FA02
:1044600002F11444BDE600BF70B54FF0FF0C4CF4F0
:10447000E06C1CEA11541DBF1CEA135594EA0C0FA2
:1044800095EA0C0F00F0DEF82C4481EA030621EADD
:104490004C5123EA4C5350EA013518BF52EA033518
:1044A00041F4801143F4801338D0A0FB02CE4FF0CA
:1044B0000005E1FB02E506F00042E0FB03E54FF0FA
:1044C0000006E1FB03569CF0000F18BF4EF0010EF2
:1044D000A4F1FF04B6F5007F64F5407404D25FEAEE
:1044E0004E0E6D4146EB060642EAC62141EA5551A1
:1044F0004FEAC52040EA5E504FEACE2EB4F1FD0CE3
:1045000088BFBCF5E06F1ED8BEF1004F08BF5FEA60
:10451000500E50F1000041EB045170BD06F0004612
:1045200046EA010140EA020081EA0301B4EB5C04BF
:10453000C2BFD4EB0C0541EA045170BD41F48011B7
:104540004FF0000E013C00F3AB8014F1360FDEBFDC
:10455000002001F0004170BDC4F10004203C35DAB8
:104560000C341BDC04F11404C4F1200500FA05F33B
:1045700020FA04F001FA05F240EA020001F00042DC
:1045800021F0004110EBD37021FA04F642EB060152
:104590005EEA430E08BF20EAD37070BDC4F10C047C
:1045A000C4F1200500FA04F320FA05F001FA04F240
:1045B00040EA020001F0004110EBD37041F100012C
:1045C0005EEA430E08BF20EAD37070BDC4F1200537
:1045D00000FA05F24EEA020E20FA04F301FA05F29F
:1045E00043EA020321FA04F001F0004121FA04F247
:1045F00020EA020000EBD3705EEA430E08BF20EA17
:10460000D37070BD94F0000F0FD101F00046400050
:1046100041EB010111F4801F08BF013CF7D041EAD2
:10462000060195F0000F18BF704703F000465200D6
:1046300043EB030313F4801F08BF013DF7D043EAA7
:104640000603704794EA0C0F0CEA135518BF95EA5D
:104650000C0F0CD050EA410618BF52EA4306D1D1E4
:1046600081EA030101F000414FF0000070BD50EA03
:10467000410606BF1046194652EA430619D094EA8D
:104680000C0F02D150EA013613D195EA0C0F05D177
:1046900052EA03361CBF104619460AD181EA0301CB
:1046A00001F0004141F0FE4141F470014FF0000083
:1046B00070BD41F0FE4141F4780170BD70B54FF01E
:1046C000FF0C4CF4E06C1CEA11541DBF1CEA13559E
:1046D00094EA0C0F95EA0C0F00F0A7F8A4EB050480
:1046E00081EA030E52EA03354FEA013100F0888077
:1046F0004FEA03334FF0805545EA131343EA126340
:104700004FEA022245EA111545EA10654FEA0026F4
:104710000EF000419D4208BF964244F1FD0404F5AD
:10472000407402D25B084FEA3202B61A65EB030509
:104730005B084FEA32024FF480104FF4002CB6EBC6
:10474000020E75EB030E22BFB61A754640EA0C0046
:104750005B084FEA3202B6EB020E75EB030E22BF86
:10476000B61A754640EA5C005B084FEA3202B6EBC7
:10477000020E75EB030E22BFB61A754640EA9C0086
:104780005B084FEA3202B6EB020E75EB030E22BF56
:10479000B61A754640EADC0055EA060E18D04FEA14
:1047A000051545EA16754FEA06164FEAC30343EAB4
:1047B00052734FEAC2025FEA1C1CC0D111F4801F81
:1047C0000BD141EA00014FF000004FF0004CB6E77A
:1047D00011F4801F04BF01430020B4F1FD0C88BF19
:1047E000BCF5E06F3FF6AFAEB5EB030C04BFB6EB24
:1047F000020C5FEA500C50F1000041EB045170BD17
:104800000EF0004E4EEA113114EB5C04C2BFD4EB43
:104810000C0541EA045170BD41F480114FF0000EC7
:10482000013C90E645EA060E8DE60CEA135594EA43
:104830000C0F08BF95EA0C0F3FF43BAF94EA0C0F46
:104840000AD150EA01347FF434AF95EA0C0F7FF4BB
:1048500025AF104619462CE795EA0C0F06D152EA0F
:1048600003353FF4FDAE1046194622E750EA4106F3
:1048700018BF52EA43067FF4C5AE50EA41047FF404
:104880000DAF52EA43057FF4EBAE12E74FF0FF3C69
:1048900006E000BF4FF0010C02E000BF4FF0010C3A
:1048A0004DF804CD4FEA410C7FEA6C5C4FEA430CB3
:1048B00018BF7FEA6C5C1BD001B050EA410C0CBF02
:1048C00052EA430C91EA030F02BF90EA020F002064
:1048D000704710F1000F91EA030F58BF994208BFCB
:1048E00090422CBFD8176FEAE37040F00100704788
:1048F0004FEA410C7FEA6C5C02D150EA013C07D1DF
:104900004FEA430C7FEA6C5CD6D152EA033CD3D029
:104910005DF8040B704700BF8446104662468C4623
:104920001946634600E000BF01B5FFF7B7FF002856
:1049300048BF10F1000F01BD4DF808EDFFF7F4FF7F
:104940000CBF012000205DF808FB00BF4DF808ED0A
:10495000FFF7EAFF34BF012000205DF808FB00BF2D
:104960004DF808EDFFF7E0FF94BF012000205DF84F
:1049700008FB00BF4DF808EDFFF7CEFF94BF012004
:1049800000205DF808FB00BF4DF808EDFFF7C4FFFD
:1049900034BF012000205DF808FB00BF4FEA410C46
:1049A0007FEA6C5C02D150EA013C0AD14FEA430C29
:1049B0007FEA6C5C02D152EA033C02D14FF0000066
:1049C00070474FF0010070474FEA410212F50012A4
:1049D00015D211D56FF47873B3EB625212D94FEA46
:1049E000C12343F0004343EA505311F0004F23FA30
:1049F00002F018BF404270474FF00000704750EA85
:104A0000013005D111F0004008BF6FF00040704741
:104A10004FF00000704700BF7BB972B90029BEBFDC
:104A200000204FF0004106E008BF00281CBF6FF0D7
:104A300000414FF0FF3000F0FDB9ADF1080C6DE919
:104A400004CE002909DB002B1ADB00F04DF8DDF85D
:104A500004E0DDE9022304B07047404261EB41010C
:104A6000002B1BDB00F040F8DDF804E0DDE9022359
:104A700004B0404261EB4101524263EB4303704793
:104A8000524263EB430300F02FF8DDF804E0DDE968
:104A9000022304B0404261EB41017047524263EB94
:104AA000430300F021F8DDF804E0DDE9022304B05F
:104AB000524263EB4303704753B94AB9002908BF18
:104AC00000281CBF4FF0FF314FF0FF3000F0B2B9AB
:104AD000ADF1080C6DE904CE00F006F8DDF804E055
:104AE000DDE9022304B070472DE9F04F8C46099EA2
:104AF00004460F46002B48D18A4215465ED9B2FAC9
:104B000082F33BB1C3F120029F409D409C4020FABC
:104B100002F217434FEA154E1FFA85FC220CB7FB31
:104B2000FEF10EFB117701FB0CF042EA07429042C6
:104B300007D9AA1801F1FF3702D2904200F258813A
:104B40003946121AA4B2B2FBFEF00EFB102200FB93
:104B50000CFC44EA0244A4450BD92C1900F1FF32A5
:104B60002CBF01270027A44502D9002F00F0438164
:104B7000104640EA0140A4EB0C0400211EB1DC40C9
:104B80000023C6E90043BDE8F08F8B4206D90EB181
:104B9000C6E9000100210846BDE8F08FB3FA83F1B1
:104BA000002951D16345C0F01681824240F2138141
:104BB0000846002EE7D0C6E90047E4E7002A00F0E7
:104BC000AF80B2FA82F3002B40F0C2808A1A4FEA1B
:104BD000154EAFB20121200CB2FBFEFC0EFB1C22D5
:104BE00040EA024207FB0CF090420ED9AA180CF1E1
:104BF000FF382CBF4FF001094FF00009904203D954
:104C0000B9F1000F00F0F080C446121AA4B2B2FB52
:104C1000FEF00EFB102200FB07F744EA0244A74215
:104C20000ED92C1900F1FF322CBF4FF0010E4FF0BE
:104C3000000EA74203D9BEF1000F00F0D28010464B
:104C4000E41B40EA0C4099E7C1F120058B400CFAC7
:104C500001F400FA01F922FA05F72CFA05FC8A4062
:104C60001F4320FA05F3380C23431FFA87FE1C0C60
:104C7000BCFBF0F800FB18CC44EA0C4408FB0EFC2B
:104C8000A4450ED93C1908F1FF3A2CBF4FF0010B97
:104C90004FF0000BA44503D9BBF1000F00F0B88022
:104CA000D046A4EB0C041FFA83FCB4FBF0F300FB2A
:104CB000134403FB0EFE4CEA0444A6450ED93C19EE
:104CC00003F1FF302CBF4FF0010C4FF0000CA64554
:104CD00003D9BCF1000F00F09F80034643EA08406F
:104CE000A4EB0E04A0FB02EC64457346E04602D33D
:104CF00007D1F14505D2BEEB02036CEB070C01387E
:104D0000E0465EB1B9EB030264EB080404FA05F572
:104D100022FA01F3CC401D43C6E90054002132E7DA
:104D200042082F464B08AC4642EAC172AE46C40761
:104D3000110C92B241EA034142EA0142B1FBF5F1A2
:104D4000B3FBF5F01F23A2EB0C0241EA004142E75E
:104D50009D40C3F1200299409C402CFA02FC4FEA8E
:104D6000154E20FA02F2AFB2BCFBFEF80A430EFB6E
:104D700018CC110C41EA0C4108FB07FC8C4550D9BA
:104D8000691808F1FF302CBF4FF001094FF00009FE
:104D90008C4502D9B9F1000F30D0A1EB0C01B1FB69
:104DA000FEF808FB07FC0EFB181192B242EA014222
:104DB000624534D2AA1808F1FF312CBF4FF0010927
:104DC0004FF000096245BED2B9F1000FBBD1A8F186
:104DD00002012A44B7E7841A6CEB0302012017464C
:104DE000E7E62C4402382BE7ACF1020C2A440CE72E
:104DF00002392A44A5E62C440238BAE6A5EB0C0C8D
:104E0000A8F102006144B1FBFEF808FB07FCCAE709
:104E1000A8F102083C4444E7023B3C445EE74146BB
:104E200091E7A1EB0C014046B1FBFEF808FB07FC43
:104E3000B9E700BF704700BF61726720706172619F
:104E4000206E756D206572726F720A00616E616C02
:104E50006F67205041203831353520776F726B20D5
:104E60006D6F64653D25640A00616E616C6F67203B
:104E70005041206D6F6465206572726F72200A0068
:104E8000443A5C5369466C695C5369466C692D53BE
:104E9000444B5C76322E342E365C647269766572D1
:104EA000735C636D7369735C736633326C62353245
:104EB000785C62745F72665F66756C63616C2E63AA
:104EC00000020303050506080F0005050E0A1B1F57
:104ED0001F1F00443A5C5369466C695C5369466C19
:104EE000692D53444B5C76322E342E365C647269E5
:104EF000766572735C636D7369735C736633326C71
:104F0000623532785C62745F706F7765725F636F71
:104F10006E6669672E6300443A5C5369466C695C4F
:104F20005369466C692D53444B5C76322E342E36D1
:104F30005C647269766572735C636D7369735C73CC
:104F40006633326C623532785C6266305F6C6370F7
:104F5000755F696E69742E6300443A5C5369466CF0
:104F6000695C5369466C692D53444B5C76322E3430
:104F70002E365C647269766572735C68616C5C6223
:104F800066305F68616C2E6300636F6E66696720D0
:104F900041616E6C6F6720444143506174680A0040
:104FA0007475726E206F666620706C6C0A00636C9C
:104FB0006F73652041616E6C6F672044414350619F
:104FC00074680A007475726E206F6E207265666771
:104FD000656E0A007475726E206F6E20706C6C0ABC
:104FE00000636F6E6669672041616E6C6F67204178
:104FF0004443506174680A00636C6F7365204161BB
:105000006E6C6F6720414443506174680A00736599
:105010007420766F6C756D6520726F7567683A25C0
:10502000642C2066696E653A25642C2063666730BF
:105030003A3078257800443A5C5369466C695C5391
:1050400069466C692D53444B5C76322E342E365CA7
:10505000647269766572735C68616C5C6266305F0D
:1050600068616C5F636F727465782E6300443A5CAC
:105070005369466C695C5369466C692D53444B5CBB
:1050800076322E342E365C647269766572735C6893
:10509000616C5C6266305F68616C5F646D612E6339
:1050A00000443A5C5369466C695C5369466C692DEF
:1050B00053444B5C76322E342E365C6472697665CE
:1050C00072735C68616C5C6266305F68616C5F69BA
:1050D00032632E6300443A5C5369466C695C5369E1
:1050E000466C692D53444B5C76322E342E365C640C
:1050F0007269766572735C68616C5C6266305F6869
:10510000616C5F6C6370755F636F6E6669672E6359
:1051100000443A5C5369466C695C5369466C692D7E
:1051200053444B5C76322E342E365C64726976655D
:1051300072735C68616C5C6266305F68616C5F6C46
:105140007074696D2E6300443A5C5369466C695C07
:105150005369466C692D53444B5C76322E342E369F
:105160005C647269766572735C68616C5C626630FF
:105170005F68616C5F6C72635F63616C2E63004C8F
:10518000504379636C65733A206375723D256420E2
:1051900064656C74613D25642C746D703D25640AF2
:1051A000004C50206379636C65732025642C207457
:1051B0006864302025642C20746864312025642CB8
:1051C000207363616C652025640041637475616CB4
:1051D00020506172613A206375723D25642C206114
:1051E00076653D25642C206375725F6261636B7523
:1051F000702025642C20616C7068612025642C204F
:10520000746D70282A3130293D25640D0A007365BC
:105210007420617665004C504379636C65733A2065
:1052200025642C206176653D25642C20636F756EA6
:10523000743D256420746D703D25640D0A00443A68
:105240005C5369466C695C5369466C692D53444BE9
:105250005C76322E342E365C647269766572735CCD
:1052600068616C5C6266305F68616C5F6D61696C1F
:10527000626F782E6300443A5C5369466C695C53F4
:1052800069466C692D53444B5C76322E342E365C65
:10529000647269766572735C68616C5C6266305FCB
:1052A00068616C5F706D752E63005350495F456E89
:1052B0006452785472616E73616374696F6E2025F5
:1052C00078200D0A005350495F456E645278547837
:1052D0005472616E73616374696F6E202578200D5E
:1052E0000A00443A5C5369466C695C5369466C69D0
:1052F0002D53444B5C76322E342E365C64726976C4
:105300006572735C68616C5C6266305F68616C5F7B
:105310007370692E630048414C5F5350495F54726B
:10532000616E736D69742025782C646174613D250C
:10533000782C73697A653D2564200D0A0048414C3C
:105340005F5350495F5472616E736D697452656347
:10535000656976652025782C5478646174613D25F3
:10536000782C205278646174613D25782C20536933
:105370007A653D2564200D0A0048414C5F53504931
:105380005F526563656976652025782C6461746178
:105390003D25782C73697A653D2564200D0A004807
:1053A000414C5F5350495F5472616E736D69745F15
:1053B00049542025782C646174613D25782C7369EB
:1053C0007A653D2564200D0A0048414C5F535049E1
:1053D0005F5472616E736D69745265636569766559
:1053E0005F49542025782C5478646174613D257898
:1053F0002C205278646174613D25782C2053697AA1
:10540000653D2564200D0A0048414C5F5350495FBB
:10541000526563656976655F49542025782C64611F
:1054200074613D25782C73697A653D2564200D0AE9
:105430000048414C5F5350495F5472616E736D690F
:10544000745F444D412025782C646174613D25785A
:105450002C73697A653D2564200D0A0048414C5F34
:105460005350495F5472616E736D69745265636520
:105470006976655F444D412025782C5478646174C9
:10548000613D25782C205278646174613D25782C2B
:105490002053697A653D2564200D0A0048414C5F20
:1054A0005350495F526563656976655F444D41209D
:1054B00025782C646174613D25782C73697A653D8B
:1054C0002564200D0A005350495F436C6F73655487
:1054D000785F495352202578200D0A005350495FC8
:1054E000436C6F736552785F495352202578200DC5
:1054F0000A005350495F436C6F7365527854785F6C
:10550000495352202578200D0A0053504925642024
:105510004552522C206D61736B3D25782C206974A7
:105520003D257820200D0A005350492564205278EB
:10553000206F76657272756E200D0A0053504925F2
:105540006420547820756E64657272756E200D0A41
:1055500000457874206572726F72200D0A005350F6
:105560004925642C204649464F5F4354524C3D2503
:1055700078200D0A00443A5C5369466C695C5369B3
:10558000466C692D53444B5C76322E342E365C6467
:105590007269766572735C68616C5C6266305F68C4
:1055A000616C5F74696D2E6300443A5C5369466CAC
:1055B000695C5369466C692D53444B5C76322E34DA
:1055C0002E365C647269766572735C68616C5C62CD
:1055D00066305F68616C5F756172742E6300443A77
:1055E0005C5369466C695C5369466C692D53444B46
:1055F0005C76322E342E365C647269766572735C2A
:1056000068616C5C6266305F7379735F6366672E96
:1056100063006F66660077616B65757000443A5C85
:105620005369466C695C5369466C692D53444B5C05
:1056300076322E342E365C6D6964646C65776172E7
:10564000655C73797374656D5C6266305F636F6D02
:105650006D6F6E2E63005B452F4442475D20004313
:105660007261736820747269676765726564006C43
:1056700063640052545F454F4B203D3D206572727C
:105680000048505359530A535953434C4B3A202521
:105690002E32662563487A0A0048434C4B3A20254F
:1056A0002E32662563487A0A0050434C4B313A202B
:1056B000252E32662563487A0A0050434C4B323A15
:1056C00020252E32662563487A0A000A4C50535929
:1056D000530A535953434C4B3A20252E32662563C7
:1056E000487A0A000A424C455359530A53595343C6
:1056F0004C4B3A20252E32662563487A0A000A4D23
:10570000656D6F72790A004D5049313A20252E326D
:10571000662563487A0A004D5049323A20252E32D8
:10572000662563487A0A000A4C43440A42616E6463
:1057300077696474683A20252E3266256362707337
:105740000A0025647825642C20616C69676E3A250F
:10575000640A00726F756E6420747970652C007233
:1057600065637420747970652C0052474235363574
:105770000A005247423838380A004F746865722070
:10578000666F726D61740A002D2D2D2D2D2D2D2D1E
:1057900053797374656D20696E666F726D6174699B
:1057A0006F6E2D2D2D2D2D2D2D2D2D0A0070696E36
:1057B0005F6972715F6864725F6E756D203C204D29
:1057C00041585F50494E5F494E5055545F434E54C7
:1057D000006974656D2D3E70696E203D3D202D3150
:1057E000007062725F70696E5F6972715F68647287
:1057F0005F6E756D203E2030005B492F5445535439
:105800002E4750494F5D20006770696F5F696E7465
:105810005F746573742025640A004750494F5F4DDB
:105820004F44455F494E505554004750494F5F4DD6
:105830004F44455F4F5554505554004750494F5FB2
:105840004D4F44455F4F55545055545F4F440047AA
:1058500050494F5F4D4F44455F49545F524953494A
:105860004E47004750494F5F4D4F44455F49545F95
:1058700046414C4C494E47004750494F5F4D4F44BD
:10588000455F49545F524953494E475F46414C4C2E
:10589000494E47004750494F5F4D4F44455F49547B
:1058A0005F484947485F4C4556454C004750494F73
:1058B0005F4D4F44455F49545F4C4F575F4C4556D1
:1058C000454C004750494F5F4D4F44455F554E4B47
:1058D0004E4F57004661696C20746F2067657420D5
:1058E0005042525B25645D206D6F64650050494EE7
:1058F0002025642C2046554E433D25642C205641DE
:105900004C3D25642C2025732C2025732C20697296
:10591000716864723D25782C206172673D2578009E
:1059200050494E2025642C2046554E433D25642C7D
:105930002056414C3D25642C2025732C2025732CAA
:10594000206972716864723D2F2C206172673D2F4F
:105950000075736167653A2070696E203C6D6F64F5
:10596000657C726561647C77726974657C6D75783D
:105970007C7374617475733E2070696E23203C766D
:10598000616C75653E002020202020202020657855
:10599000616D706C653A202020202020202020207E
:1059A00020202020202020202020202020202020F7
:1059B0002020202020002020202020202020202007
:1059C00020202070696E206D6F646520202370692F
:1059D0006E203C50494E204D4F44452056414C5579
:1059E00045533E2020002020202020202020202061
:1059F00020202070696E2077726974652023706999
:105A00006E20312020202020202020200020202057
:105A10002020202020202020202070696E20726508
:105A2000616420202370696E202020202020202007
:105A30002020200020202020202020202020202086
:105A40002070696E206D75782020202370696E208B
:105A50003020202020202020202000202020202056
:105A6000202020202020202070696E207374617413
:105A70007573202370696E20202020202020202094
:105A800020002020202020202020202020202070E6
:105A9000696E206D75782020202370696E203F206C
:105AA0002020202020202020002020202020202016
:105AB00020202020202070696E207374617475731B
:105AC00020616C6C2020202020202020202020001D
:105AD0000A2020202050494E204D4F444520564159
:105AE0004C5545533A2020202020202020202020E3
:105AF000202020202000202020202020202050496D
:105B00004E5F4D4F44455F4F555450555420202013
:105B1000202020202020307830302020002020201D
:105B2000202020202050494E5F4D4F44455F494E74
:105B30005055542020202020202020202030783054
:105B400031202000202020202020202050494E5F9E
:105B50004D4F44455F494E5055545F50554C4C5540
:105B6000502020203078303220200020202020209B
:105B700020202050494E5F4D4F44455F494E5055BF
:105B8000545F50554C4C444F574E203078303320A2
:105B90002000202020202020202050494E5F4D4F03
:105BA00044455F4F55545055545F4F4420202020AA
:105BB00020203078303420200070696E0046696EF5
:105BC00064206465766963652070696E206661692A
:105BD0006C0A007772697465006D7578003F005536
:105BE0006E6B6E6F7720636D64210076616C7565F6
:105BF0003D25640A00616C6C00496E76616C6964D5
:105C000020706172616D657465720A007062725F06
:105C100070696E203C3D2048414C5F5042525F4DC0
:105C200041580070696E5F7374617465203E3D2059
:105C3000300076616C7565203E3D2030006D6F64EC
:105C40006520213D2050494E5F4D4F44455F4F55E3
:105C5000545055545F4F440048414C5F4F4B203DDA
:105C60003D207374617475730076616C203E3D2035
:105C700030007062725F70696E203C2033320074B5
:105C80007269676765725F70696E5F6E756D203CE3
:105C9000204D41585F50494E5F494E5055545F4327
:105CA0004E54006770696F00414E415F494E004499
:105CB00049475F494F004449475F494F5F5055008E
:105CC0004449475F494F5F5044004449475F4F553F
:105CD00054004449475F4F55545F505500736572F7
:105CE00069616C20213D2052545F4E554C4C00752B
:105CF00061727420213D2052545F4E554C4C00631C
:105D0000666720213D2052545F4E554C4C005B4548
:105D10002F6472762E75736172745D2000706C65ED
:105D200061736520696E7075743A207561727420B4
:105D30006272205B62617564726174655D200A0045
:105D4000652E673A2075617274206272203330309C
:105D5000303030300A00687561727420213D204E69
:105D6000554C4C00726573756C74203D3D20525447
:105D70005F454F4B0075617274310074696D6572D7
:105D800020213D2052545F4E554C4C0061726720DB
:105D9000213D2052545F4E554C4C005B452F6472A0
:105DA000762E687774696D65725D200054494D32B6
:105DB000207374617274206661696C656400257378
:105DC00020696E6974206661696C6564004C50548A
:105DD000494D207374617274206661696C6564005A
:105DE0002573207265676973746572206661696CDA
:105DF0006564006C7074696D31006274696D3100A6
:105E00005B452F6472762E70776D5D2000257320C0
:105E100074696D65206261736520696E69742066BE
:105E200061696C656400257320636C6F636B206926
:105E30006E6974206661696C6564002573207077F3
:105E40006D20696E6974206661696C656400636FBA
:105E50006E66696775726174696F6E2D3E63686105
:105E60006E6E656C203E2030002578206368616E80
:105E70006E656C20256420636F6E666967206661BD
:105E8000696C6564002573206572722064656164C5
:105E90005F74696D65206265796F6E6420746865F2
:105EA0002072616E676520286D61783A25646E7393
:105EB0002920746861742063616E206265207365B7
:105EC000740070776D320070776D330064657669A9
:105ED000636520213D2052545F4E554C4C00646553
:105EE000766963652D3E62757320213D2052545FB3
:105EF0004E554C4C006465766963652D3E62757342
:105F00002D3E706172656E742E757365725F64618B
:105F1000746120213D2052545F4E554C4C006D65FC
:105F2000737361676520213D2052545F4E554C4C80
:105F30000052545F454F4B203D3D2072745F6572A7
:105F4000725F76005B452F6472762E7370695D20F8
:105F500000737069207472616E7366657220657279
:105F6000726F7241203A2025642C20657272636F33
:105F700064653D2578007370692073656D207469D0
:105F80006D656F757421004572726F72206F636367
:105F900075727265642E00737069207472616E731D
:105FA000666572206572726F7242203A2025642CF9
:105FB00020657272636F64653D257800636F6E665D
:105FC000696775726174696F6E20213D2052545F5C
:105FD0004E554C4C006F626A735B695D2E7370693D
:105FE0005F73656D610073706931005B452F64728A
:105FF000762E6932635D20006932632073656D20FF
:1060000074696D656F7574210062757320657272B5
:106010003A25642C20786665723A25642F25642C15
:10602000206932635F737461743A25782C20693279
:10603000635F657272636F64653D25780072657396
:10604000657420616E642073656E64203920636C12
:106050006B730048414C5F4F4B203D3D207265748F
:10606000006932635F73656D615B695D006932630E
:1060700031006932633200693263340067706164F1
:1060800063005B492F6472762E6164635D20004774
:1060900065742041444320636F6E6669677572655D
:1060A000206661696C0A0064657620213D205254A7
:1060B0005F4E554C4C005B492F6472762E727463B0
:1060C0005D2000524331304B20467265713D25649E
:1060D0006B487A2C206379636C653D25642C2072B3
:1060E00074632070706D3D25640A00444956413D3B
:1060F00025642C20444956415F4652413D25642C7D
:1061000020444956423D25640A007274630052548B
:106110005F454F4B203D3D20726573756C74005098
:1061200053434C523D307825782044697641493DAF
:1061300025642044697641463D256420423D25641E
:106140000052544320757365204C58542C206275BE
:1061500074204C5854206973206E6F7420726561EE
:1061600064790A0052544320757365204C585420BA
:106170005254435F43523D253038580A00496E69F6
:1061800074205254432C2077616B65203D20256498
:106190000A005B452F6472762E7274635D20007274
:1061A000746320726567697374657220657272200A
:1061B000636F64653A20256400457874446D615FBF
:1061C00073656D6120213D204E554C4C0064727604
:1061D0005F65446D610074785F696E73203C204890
:1061E000414C5F4155445052435F52585F434830E1
:1061F0000073697A65203C3D206861756470726344
:106200002D3E627566547853697A650066616C73D9
:1062100065002F64796E2F65715F64656275672E06
:1062200062696E002F65712E62696E006275696C1D
:1062300064696E20657120636F6E6669673A0D0A46
:10624000006C6F616420657120636F6E6669673AE8
:106250000D0A00675F6164635F766F6C756D653D05
:1062600025640D0A00675F6D757369635F73746100
:1062700074653D25640D0A00675F766F6963655F2D
:1062800073746174653D25640D0A00675F6D7573F5
:1062900069635F6D61785F766F6C3D25640D0A0000
:1062A000675F6D757369635F6D61785F766F6C5F53
:1062B0006C6576656C3D25640D0A006D75736963C8
:1062C000206C6576656C2025643D25640D0A0067A9
:1062D0005F74656C5F6D61785F766F6C3D25640DF2
:1062E0000A00675F74656C5F6D61785F766F6C5FE5
:1062F0006C6576656C3D25640D0A00766F69636593
:10630000206C6576656C2025643D25640D0A00616E
:106310007564707263005B492F6472762E617564D8
:106320007072635D20007461626C65202564206D6D
:1063300065657420726571756573740A005B452F1D
:106340006472762E6175647072635D2000415544FD
:1063500050524320444143206465737420696E7633
:10636000616C69642025640A004155445052432001
:1063700041444320736F7572636520696E76616C6A
:1063800069642025640A006266305F617564696F24
:106390005F73746F7020307825780A0061756470BF
:1063A000726320636C6F7365206164632F64616343
:1063B0000061756470726320636C6F736520646143
:1063C00063006266305F617564696F5F73746F70DC
:1063D000203078257820646F6E650A0061756470DE
:1063E000726320636C6F7365206164630061756420
:1063F000707263206368616E6E656C5F7265663D86
:106400002564006664203E3D203000726574203DA6
:106410003D2073697A656F6628657162696E5F6990
:106420006E666F5F742900696E707574207061729A
:1064300061206E756D202564203C203300675F6D00
:10644000757369635F73746174653D256400675F8C
:10645000766F6963655F73746174653D256400617F
:106460007267765B325D206C656E206572726F724A
:1064700000617267765B325D202564206E6F742048
:10648000696E20302D390076616C75653A3078255B
:106490003038782C3078253038782C3078253038E2
:1064A000782C3078253038782C30782530387800C2
:1064B000617072635F64656275675F766F6C5F774A
:1064C000207375636365737300617072635F6465E5
:1064D0006275675F766F6C2025640A006D7573695D
:1064E0006320766F6C756D655B25645D3D2564008A
:1064F000617072635F64656275675F766572736908
:106500006F6E2025730A00617072635F7277206678
:1065100061696C00617072635F7277207375636389
:1065200065737300696E6974203030204144435FA5
:10653000504154485F4346473020307825780A0060
:1065400048414C5F4155445052435F496E69742045
:106550007265732025640A006765745F6D69635F07
:10656000766F6C756D65203D20666163746F72791E
:10657000202D340D0A006765745F6D69635F766F67
:106580006C756D65203D20256464620D0A006861AC
:1065900075647072632D3E6275665B48414C5F4165
:1065A00055445052435F52585F4348305D00686124
:1065B00075647072632D3E6275665B48414C5F4145
:1065C00055445052435F54585F4348305D006D69F5
:1065D00063206761696E3D256464620D0A006D6920
:1065E00063206761696E207265673D3078253038B9
:1065F000780D0A00736574206D6963206761696EA8
:1066000020746F20256464620D0A004144435F508A
:106610004154485F434647303D307825780D0A00A5
:1066200070757473697A65203D3D20310073616D2A
:10663000706C6572617465203D2025642C20736543
:106640006C656374206D757369632065710A0073EE
:10665000616D706C6572617465203D2025642C202D
:1066600073656C65637420766F6963652065710A74
:106670000073616D706C65726174653A2564207594
:106680006E737570706F72742065710A002D2D2DF8
:106690002D2D747820646D612073697A65203D200A
:1066A000256400706C6C206C6F636B206661696C94
:1066B000210A00706C6C206C6F636B210A006361AF
:1066C0006C6C207061722043464731282578290D73
:1066D0000A0066632025642C207874616C20256490
:1066E0002C20706C6C2025640D0A00617564636F4A
:1066F000646563005B492F6472762E617564636F15
:106700006465635D20006461632073657420766F47
:106710006C756D653A207072633D256420636F640B
:1067200065633D25640A00636F646563206461638B
:10673000206D757465207365743A25640A0061756F
:1067400064636F64656320636C6F73652064616369
:1067500000617564636F646563206368616E6E6574
:106760006C5F7265663D256400617564636F646586
:106770006320636C6F7365206164630048414C5F04
:10678000415544434F4445435F496E6974207265E7
:10679000732025640A0073657420766F6C756D65CF
:1067A0003D25640A0074785F696E73203C2048417F
:1067B0004C5F415544434F4445435F4144435F432D
:1067C000483000287364696E203E3D203029202621
:1067D0002620287364696E203C3D2030784646466A
:1067E00046462900667265712064656C74613D25BA
:1067F000640A00706C6C206C6F636B206661696C5E
:106800002120667265715F747970653A25640A00AB
:10681000706C6C206C6F636B2120667265715F74A5
:106820007970653A25640A00656E61626C65207056
:106830006C6C200A006E657720504C4C5F454E41D1
:10684000424C452076636F3A25642C206672657150
:106850005F747970653A25640A006164635F6366FA
:10686000672D3E73616D706C6572617465203D3D8E
:10687000206461635F6366672D3E73616D706C6554
:106880007261746500706C6C20636F6E666967205E
:1068900073746174653A25642C2073616D706C6546
:1068A000726174653A2564200A00616E676C653D0B
:1068B00025642C7363616C655F78793D25642C25B4
:1068C000642C207069766F745F78793D25642C257F
:1068D000642C206D6972726F725F68763D25642C3E
:1068E00025640065706963005B492F4442475D2061
:1068F000006472765F657069635F636667205B4FF3
:106900005054494F4E5D205B56414C55455D00202B
:10691000205B4F5054494F4E5D3A006165735F7381
:10692000656D6120213D204E554C4C006165735FC3
:1069300064727600636C6B5F73657474696E670074
:1069400048414C20617373657274696F6E20666193
:10695000696C656420696E2066696C653A25732CE4
:10696000206C696E65206E756D6265723A256420D3
:106970000A00443A5C5369466C695C5369466C6929
:106980002D53444B5C76322E342E365C72746F730A
:106990005C72747468726561645C6273705C736964
:1069A000666C695C647269766572735C6472765F4A
:1069B000636F6D6D6F6E2E630053657269616C3A23
:1069C00025782C436869703A25782C5061636B6197
:1069D00067653A25782C5265763A257820205265ED
:1069E00061736F6E3A253038780D0A005B452F646D
:1069F00072765D200055736167653A207265676F36
:106A0000702072656164203C616464726573733EDA
:106A1000203C6C656E20696E20776F72642833327B
:106A20002D626974293E0A0055736167653A2072C8
:106A300065676F70207772697465203C6164647269
:106A40006573733E203C6461746120696E206269E5
:106A5000672D656E6469616E3E0A005573616765F6
:106A60003A207265676F70207772697465346C20A4
:106A70003C616464726573733E203C6461746120A0
:106A8000696E206C6974746C652D656E6469616EE5
:106A90002C206D617820342062797465733E0A0081
:106AA0006170705F73657474696E675F646C767033
:106AB0005F7365745F6A6C696E6B5F756172745F3A
:106AC00073776974636828504131383D25782C50BC
:106AD0004131393D257829200D0A005377697463C7
:106AE0006820746F204A6C696E6B200D0A00736514
:106AF000676765720053776974636820746F204418
:106B000042472055415254200D0A003030303000A9
:106B10004C6F636B6564210D0A00253038582000E6
:106B20007772697465346C006465627567005369D7
:106B3000666C6900756E6C6F636B00556E6C6F638D
:106B40006B210D0A007365745F70777200626C656B
:106B50006272006564720073657420747870777275
:106B60002025642C20737461742025640D0A00486C
:106B7000656C6C6F20776F726C64210A006F6C65B6
:106B800064310045534755495F4B6579006D616934
:106B90006E0074696420213D2052545F4E554C4C68
:106BA0000072745F6F626A6563745F6765745F74B7
:106BB00079706528266465762D3E706172656E7405
:106BC00029203D3D2052545F4F626A6563745F43E4
:106BD0006C6173735F4465766963650072745F6F9F
:106BE000626A6563745F69735F73797374656D6FEF
:106BF000626A65637428266465762D3E70617265ED
:106C00006E742900696E666F726D6174696F6E20B3
:106C1000213D2052545F4E554C4C00546F20696EFC
:106C2000697469616C697A65206465766963653A3F
:106C30002573206661696C65642E20546865206543
:106C400072726F7220636F64652069732025640A15
:106C5000006465762D3E7265665F636F756E7420A5
:106C6000213D20300046756E6374696F6E5B25733D
:106C70005D207368616C6C206E6F74206265207596
:106C800073656420696E204953520A007469646C0C
:106C9000650073656D20213D2052545F4E554C4C6C
:106CA0000076616C7565203C2030783130303030B2
:106CB000550072745F6F626A6563745F6765745FC5
:106CC00074797065282673656D2D3E706172656EEE
:106CD000742E706172656E7429203D3D2052545FA0
:106CE0004F626A6563745F436C6173735F53656D74
:106CF0006170686F72650072745F6F626A65637459
:106D00005F69735F73797374656D6F626A656374CD
:106D1000282673656D2D3E706172656E742E7061EC
:106D200072656E74290046756E6374696F6E5B25BB
:106D3000735D207368616C6C206E6F7420626520D7
:106D400075736564206265666F726520736368653C
:106D500064756C65722073746172740A0046756E96
:106D60006374696F6E5B25735D207368616C6C2062
:106D70006E6F74206265207573656420696E2043B0
:106D80007269746963616C0A0046756E6374696F39
:106D90006E5B25735D207368616C6C206E6F742070
:106DA00062652075736564207768696C6520696E1B
:106DB000746572727570742069732064697361629E
:106DC0006C65640A006D7574657820213D2052540D
:106DD0005F4E554C4C0072745F6F626A6563745FFE
:106DE0006765745F7479706528266D757465782D94
:106DF0003E706172656E742E706172656E742920CA
:106E00003D3D2052545F4F626A6563745F436C611D
:106E100073735F4D757465780072745F6F626A6535
:106E200063745F69735F73797374656D6F626A65AC
:106E3000637428266D757465782D3E706172656E79
:106E4000742E706172656E74290072745F696E745D
:106E50006572727570745F6E657374203E203000C9
:106E6000284E554C4C29000A205C207C202F0A001B
:106E70002D205369466C6920436F72706F72617484
:106E8000696F6E0A00417567203138203230323622
:106E900000202F207C205C20202020206275696C3F
:106EA00064206F6E2025732C2025642E25642E25EA
:106EB00064206275696C642025730A006236623250
:106EC00066373062002032303230202D20323032AE
:106ED0003220436F70797269676874206279205339
:106EE00069466C69207465616D0A00546872656159
:106EF0006420496E666F20202020202020200A0078
:106F00004D61696C626F7820496E666F2020202089
:106F10002020200A004D65737361676551756575A2
:106F20006520496E666F20200A004D7574657820D3
:106F3000496E666F2020202020202020200A005348
:106F4000656D6170686F726520496E666F202020E4
:106F500020200A004D656D6F727920496E666F20A2
:106F6000202020200A00417373657274696F6E20BF
:106F70006661696C65642061742066756E6374690E
:106F80006F6E3A25732C206C696E65206E756D628C
:106F900065723A2564202C282573290A00507265F1
:106FA00076696F75732049535220656E61626C6516
:106FB0002025780A00746F74616C206D656D6F72A6
:106FC000793A202564200075736564206D656D6FC6
:106FD0007279203A20256420006D6178696D756DA5
:106FE00020616C6C6F6361746564206D656D6F7298
:106FF000793A2025640A002872745F75696E7438C6
:107000005F74202A296D656D203E3D2068656170A2
:107010005F707472002872745F75696E74385F7483
:10702000202A296D656D203C202872745F75696E79
:1070300074385F74202A29686561705F656E64002A
:107040006D656D2D3E75736564203D3D2030006893
:10705000656170006D656D20696E69742C206572C4
:10706000726F7220626567696E2061646472657315
:107070007320307825782C20616E6420656E642042
:107080006164647265737320307825780A00287211
:10709000745F75696E7433325F74296D656D202B72
:1070A0002053495A454F465F5354525543545F4D00
:1070B000454D202B2073697A65203C3D2028727451
:1070C0005F75696E7433325F7429686561705F65DE
:1070D0006E64002872745F75696E7433325F742950
:1070E000282872745F75696E74385F74202A296D60
:1070F000656D202B2053495A454F465F53545255D6
:1071000043545F4D454D2920252052545F414C4941
:10711000474E5F53495A45203D3D203000282828DE
:1071200072745F75696E7433325F74296D656D2991
:107130002026202852545F414C49474E5F53495AFC
:1071400045202D20312929203D3D203000282828A8
:1071500072745F75696E7433325F7429726D656D18
:10716000292026202852545F414C49474E5F5349FD
:107170005A45202D20312929203D3D2030002872FC
:10718000745F75696E74385F74202A29726D656D3D
:10719000203E3D202872745F75696E74385F7420DC
:1071A0002A29686561705F70747220262620287213
:1071B000745F75696E74385F74202A29726D656D0D
:1071C000203C202872745F75696E74385F74202AC1
:1071D00029686561705F656E6400746F2066726512
:1071E00065206120626164206461746120626C6F5B
:1071F000636B3A0A006D656D3A2030782530387837
:107200002C207573656420666C61673A2025642CB8
:10721000206D6167696320636F64653A203078256B
:107220003034780A006D656D2D3E75736564006DB0
:10723000656D2D3E6D61676963203D3D2048454188
:10724000505F4D4147494300484541505F4D4147DC
:107250004943203D3D20282873747275637420686B
:107260006561705F6D656D202A2926686561705FB4
:107270007074725B6D656D2D3E6E6578745D292D41
:107280003E6D61676963006F626A20213D206F6215
:107290006A656374006F626A65637420213D2052E1
:1072A000545F4E554C4C0021286F626A6563742D03
:1072B0003E7479706520262052545F4F626A656380
:1072C000745F436C6173735F537461746963290005
:1072D00074687265616420213D2052545F4E554CA4
:1072E0004C007468726561643A257320737461633D
:1072F0006B206F766572666C6F770A007761726ECD
:10730000696E673A20257320737461636B2069731B
:1073100020636C6F736520746F2074686520626FE2
:1073200074746F6D206F6620737461636B20616489
:1073300064726573732E0A00287468726561642D27
:107340003E7374617420262052545F544852454164
:10735000445F535441545F4D41534B29203D3D20E0
:1073600052545F5448524541445F53555350454E23
:10737000440072745F6F626A6563745F6765745F0F
:1073800074797065282872745F6F626A6563745FD0
:10739000742974687265616429203D3D2052545FF0
:1073A0004F626A6563745F436C6173735F546872A4
:1073B0006561640072745F6F626A6563745F6973AC
:1073C0005F73797374656D6F626A65637428287280
:1073D000745F6F626A6563745F7429746872656153
:1073E0006429203D3D2052545F46414C5345007472
:1073F000687265616420213D202669646C650028FF
:107400007468726561642D3E737461742026205225
:10741000545F5448524541445F535441545F4D4179
:10742000534B29203D3D2052545F5448524541441E
:107430005F494E4954007072696F72697479203CDB
:107440002052545F5448524541445F5052494F5274
:107450004954595F4D415800737461636B5F737495
:1074600061727420213D2052545F4E554C4C007285
:10747000745F6F626A6563745F6765745F74797067
:1074800065282674696D65722D3E706172656E7433
:1074900029203D3D2052545F4F626A6563745F430B
:1074A0006C6173735F54696D65720072745F6F62B3
:1074B0006A6563745F69735F73797374656D6F6216
:1074C0006A656374282674696D65722D3E706172F9
:1074D000656E74290074696D65722D3E696E6974FC
:1074E0005F7469636B203C2052545F5449434B5F87
:1074F0004D4158202F20320074696D6572006D6512
:107500006D206D616E616765206661756C743A0A05
:10751000005343425F434653525F4D4653523A3005
:10752000782530325820004941434356494F4C207A
:10753000004441434356494F4C20004D554E53544F
:107540004B45525220004D53544B4552522000534C
:1075500043422D3E4D4D41523A253038580A0020C5
:1075600073703A203078253038780A007073723A98
:10757000203078253038780A007230303A20307860
:10758000253038780A007230313A2030782530388A
:10759000780A007230323A203078253038780A0084
:1075A0007230333A203078253038780A007230341F
:1075B0003A203078253038780A007230353A203059
:1075C00078253038780A007230363A203078253005
:1075D00038780A007230373A203078253038780A07
:1075E000007230383A203078253038780A0072300E
:1075F000393A203078253038780A007231303A2014
:107600003078253038780A007231313A20307825C8
:107610003038780A007231323A20307825303878A4
:107620000A00206C723A203078253038780A002021
:1076300070633A203078253038780A0068617264C7
:10764000206661756C74206F6E2074687265616469
:107650003A2025730D0A0D0A006861726420666184
:10766000756C74206F6E2068616E646C65720D0AB3
:107670000D0A003D3D3D3D3D3D3D3D3D3D3D3D3DDA
:107680003D3D3D3D3D3D3D3D0A005053503A20308B
:107690007825702C204D53503A20307825700A0000
:1076A00046505520616374697665210D0A00666154
:1076B000696C656420766563746F722066657463B7
:1076C000680A00627573206661756C743A0A00532B
:1076D00043425F434653525F424653523A30782505
:1076E0003032582000494255534552522000494DEE
:1076F00050524543495345525220005343422D3E78
:10770000424641523A253038580A00757361676520
:10771000206661756C743A0A005343425F434653D6
:10772000525F554653523A30782530325820005532
:107730004E444546494E5354522000494E565354E8
:107740004154452000494E56504320004E4F43506F
:10775000200053544B4F462000554E414C49474E54
:107760004544200044495642595A45524F2000642E
:1077700065627567206576656E740A00666174617E
:107780006C206572726F72206F6E20746872656112
:10779000643A2025730A00666174616C2065727218
:1077A0006F72206F6E204953520A0066642074790C
:1077B000706520202020726566206D6167696320F6
:1077C00020706174680A002D2D202D2D2D2D2D2D5A
:1077D00020202D2D2D202D2D2D2D2D202D2D2D2D0D
:1077E0002D2D0A00253264200064697200252D3792
:1077F0002E3773200066696C6500736F636B657468
:10780000007573657200756E6B6E6F776E00252D57
:10781000382E3873200025303478202000646673B9
:1078200020616C726561647920696E69742E0A004A
:1078300066736C6F636B006465766673002F6465B6
:1078400076006D6F756E74202F6465762073756396
:107850006573730A006D6F756E74202F64657620F2
:107860006661696C005B452F4446535D20004446C9
:1078700053206664206E6577206973206661696CA9
:1078800065642120436F756C64206E6F7420666F91
:10789000756E6420616E20656D7074792066642059
:1078A000656E7472792E00666420213D204E554C21
:1078B0004C0066696C656E616D6520213D204E55FA
:1078C0004C4C0025732F2573004F70656E20257377
:1078D000206661696C65640A0044656C65746520A6
:1078E0002573206661696C65640A006F7574206F8A
:1078F00066206D656D6F72790A005265616420259E
:1079000073206661696C65640A005772697465204A
:107910002573206661696C65640A00577269746535
:107920002066696C652064617461206661696C65BC
:10793000642C206572726E6F3D25640A0063616E6F
:1079400027742066696E64206D6F756E746564209F
:1079500066696C6573797374656D206F6E207468E9
:10796000697320706174683A2573007468652066D5
:10797000696C6573797374656D206469646E2774CE
:1079800020696D706C656D656E7420746869732014
:1079900066756E6374696F6E004469726563746FB7
:1079A00072792025733A0A00252D323073003C4449
:1079B00049523E00252D3235730A00252D32356C93
:1079C000750A004241442066696C653A2025730AB5
:1079D000004E6F2073756368206469726563746F0D
:1079E00072790A006F70656E202573206661696C7C
:1079F00065640A002E2E006F7574206F66206D6519
:107A00006D6F7279210A006F70656E2066696C6512
:107A10003A202573206661696C65640A00636F70A3
:107A200079206661696C65642C206261642025732D
:107A30000A006370206661696C642C2063702064A6
:107A4000697220746F2066696C65206973206E6F9F
:107A500074207065726D6974746564210A005468DD
:107A6000657265206973206E6F2073706163652095
:107A7000746F2072656769737465722074686973C6
:107A80002066696C652073797374656D2028257391
:107A9000292E0070617468005468657265206973EE
:107AA000206E6F20737061636520746F206D6F7539
:107AB0006E7420746869732066696C6520737973CD
:107AC00074656D20282573292E00446576696365E9
:107AD000202825732920776173206E6F7420666FCC
:107AE000756E640046696C652073797374656D20EA
:107AF0002825732920776173206E6F7420666F7557
:107B00006E642E005468652066696C652073797315
:107B100074656D2028257329206D6B66732066754A
:107B20006E6374696F6E20776173206E6F74206965
:107B30006D706C656D656E74006466735F737461FF
:107B4000746673206661696C65642E0A00646973EB
:107B50006B20667265653A2025642E2564202573A6
:107B6000205B20256420626C6F636B2C20256420D1
:107B700062797465732070657220626C6F636B202C
:107B80005D0A004B42004D420047420066696C6549
:107B900020213D2052545F4E554C4C006465765F69
:107BA000696420213D2052545F4E554C4C00726F49
:107BB0006F745F646972656E7420213D2052545F5A
:107BC0004E554C4C006D7368200066696E736820DA
:107BD000001B5B324B0D0025732573007368656CC9
:107BE0006C20213D2052545F4E554C4C006E6F204E
:107BF0006D656D6F727920666F72207368656C6C4D
:107C00000A00747368656C6C0073687278000927E9
:107C10002563272C2025642C203078253038780ADD
:107C2000000925642C203078253038780A00256337
:107C300000082573202008000820080048656C6CA7
:107C40006F2052542D546872656164210A002D2DF5
:107C500046756E6374696F6E204C6973743A0A00DE
:107C60005F5F00252D313673202D2D2025730A00EE
:107C70005B6C5D2025730A002D2D5661726961626F
:107C80006C65204C6973743A0A00556E6B6E6F77A1
:107C90006E0064657669636500252D2A2E732020A9
:107CA0002020202020202074797065202020202092
:107CB0002020202072656620636F756E740A002094
:107CC0002D2D2D2D2D2D2D2D2D2D2D2D2D2D2D2DE4
:107CD0002D2D2D2D202D2D2D2D2D2D2D2D2D2D0A04
:107CE00000252D2A2E2A7320252D32307320252D94
:107CF00038640A00252D2A2E732020706572696F62
:107D000064696320202074696D656F75742020207C
:107D100020202020666C61670A00202D2D2D2D2D3E
:107D20002D2D2D2D2D202D2D2D2D2D2D2D2D2D2D90
:107D3000202D2D2D2D2D2D2D2D2D2D2D0A00252DD8
:107D40002A2E2A7320307825303878203078253054
:107D50003878200064656163746976617465640ACB
:107D60000063757272656E74207469636B3A307863
:107D7000253038780A006D656D706F6F6C00252DA9
:107D80002A2E7320626C6F636B20746F74616C2099
:107D9000667265652073757370656E6420746872B1
:107DA0006561640A00202D2D2D2D20202D2D2D2DD7
:107DB00020202D2D2D2D202D2D2D2D2D2D2D2D2D1A
:107DC0002D2D2D2D2D0A00252D2A2E2A732025300C
:107DD000346420202530346420202530346420256C
:107DE000643A00252D2A2E2A732025303464202061
:107DF000253034642020253034642025640A006D49
:107E00007367717565756500252D2A2E7320656E63
:107E10007472792073757370656E6420746872650E
:107E200061640A00202D2D2D2D20202D2D2D2D2D8E
:107E30002D2D2D2D2D2D2D2D2D0A00252D2A2E2ACF
:107E4000732025303464202025643A00252D2A2E05
:107E50002A732025303464202025640A006D61696E
:107E60006C626F7800252D2A2E7320656E747279EE
:107E70002073697A652073757370656E6420746809
:107E8000726561640A00252D2A2E2A73202530345C
:107E9000642020253034642025643A00252D2A2EC4
:107EA0002A73202530346420202530346420256452
:107EB0000A006D7574657800252D2A2E7320202008
:107EC0006F776E65722020686F6C642073757370B5
:107ED000656E64207468726561640A00202D2D2D22
:107EE0002D2D2D2D2D202D2D2D2D202D2D2D2D2DDC
:107EF0002D2D2D2D2D2D2D2D2D0A00252D2A2E2A0F
:107F00007320252D382E2A732025303464202564D3
:107F10000A006576656E7400252D2A2E73202020B8
:107F20002020207365742020202073757370656E87
:107F300064207468726561640A0020202D2D2D2D47
:107F40002D2D2D2D2D2D202D2D2D2D2D2D2D2D2D6E
:107F50002D2D2D2D2D0A00252D2A2E2A732020307F
:107F6000782530387820253033643A00252D2A2EA4
:107F70002A73202030782530387820300A00736545
:107F80006D6170686F726500252D2A2E7320762032
:107F9000202073757370656E642074687265616407
:107FA0000A00202D2D2D202D2D2D2D2D2D2D2D2D6B
:107FB0002D2D2D2D2D0A00252D2A2E2A732025301A
:107FC00033642025643A00252D2A2E2A732025307B
:107FD00033642025640A0074687265616400252D8D
:107FE0002A2E732070726920207374617475732057
:107FF00020202020207370202020202020746F70EB
:108000002020202020737461636B2073697A6520BF
:108010006D61782075736564206C65667420746981
:10802000636B20206572726F720A00202D2D2D2047
:10803000202D2D2D2D2D2D2D202D2D2D2D2D2D2D8A
:108040002D2D2D202D2D2D2D2D2D2D2D2D2D202D7A
:108050002D2D2D2D2D2D2D2D2D20202D2D2D2D2D6A
:108060002D20202D2D2D2D2D2D2D2D2D2D202D2D67
:108070002D0A00252D2A2E2A732025336420002066
:1080800072656164792020002073757370656E6479
:108090000020696E69742020200020636C6F736576
:1080A000202000203078253038782030782530386E
:1080B0007820307825303878202020202530326410
:1080C000252520202030782530387820253033644D
:1080D0000A002D2D66756E6374696F6E3A0A002D65
:1080E0002D7661726961626C653A0A005B765D208B
:1080F00025730A0043686172616374657220446588
:108100007669636500426C6F636B204465766963D2
:1081100065004E6574776F726B20496E7465726688
:10812000616365004D54442044657669636500438E
:10813000414E204465766963650052544300536F95
:10814000756E642044657669636500477261706886
:10815000696320446576696365004932432042754E
:10816000730055534220536C6176652044657669EF
:1081700063650055534220486F7374204275730045
:108180005350492042757300535049204465766925
:108190006365005344494F2042757300504D205091
:1081A000736575646F204465766963650050697016
:1081B0006500506F7274616C204465766963650078
:1081C00054696D657220446576696365004D697315
:1081D00063656C6C616E656F757320446576696369
:1081E000650053656E736F72204465766963650040
:1081F0004D61696C626F78204465766963650052F1
:10820000542D546872656164207368656C6C2063DA
:108210006F6D6D616E64733A0A005F5F636D645FDA
:1082200000252D313673202D2025730A00546F6FE1
:10823000206D616E7920617267732021205765205F
:108240006F6E6C79205573653A0A002573200025FE
:10825000733A20636F6D6D616E64206E6F7420667B
:108260006F756E642E0A0055736167653A206D76EE
:1082700020534F5552434520444553540A005265FC
:108280006E616D6520534F5552434520746F2044F5
:108290004553542C206F72206D6F766520534F55D7
:1082A00052434528732920746F2044495245435452
:1082B0004F52592E0A002573203D3E2025730A0097
:1082C000656C6D002D740055736167653A206D6BA8
:1082D0006673205B2D7420747970655D206465760B
:1082E0006963650A006D6B6673206661696C65641D
:1082F0002C20726573756C743D25640A005573619A
:1083000067653A206D6F756E746673205B2D7420FF
:10831000747970655D20646576696365206469724F
:108320000A006D6F756E746673206661696C6564B2
:108330002C20726573756C743D25640A0055736159
:1083400067653A20637020534F555243452044459A
:1083500053540A00436F707920534F5552434520C0
:10836000746F20444553542E0A0055736167653A73
:1083700020726D2046494C452E2E2E0A0052656D06
:108380006F76652028756E6C696E6B292074686540
:108390002046494C452873292E0A005573616765AC
:1083A0003A20636174205B46494C455D2E2E2E0AAF
:1083B00000436F6E636174656E6174652046494C5D
:1083C000452873290A004E6F20737563682064691D
:1083D000726563746F72793A2025730A0055736170
:1083E00067653A206D6B646972205B4F5054494F4A
:1083F0004E5D204449524543544F52590A0043723E
:108400006561746520746865204449524543544F42
:1084100052592C206966207468657920646F206E3B
:108420006F7420616C72656164792065786973741A
:108430002E0A002D2D68656C70002D680064662082
:108440005B706174685D0A006F70656E2066696CB0
:10845000653A2573206661696C6564210A0055736D
:108460006167653A206563686F2022737472696E74
:108470006722205B66696C656E616D655D0A002E22
:108480007368002E5348002F62696E2F252E2A73C1
:10849000004E6F206572726F7200496E76616C6972
:1084A0006420746F6B656E0045787065637420613D
:1084B000207479706500556E6B6E6F776E207479DD
:1084C0007065005661726961626C652065786973D8
:1084D00074004578706563742061206F7065726107
:1084E000746572004D656D6F72792066756C6C00F5
:1084F000556E6B6E6F776E206F70657261746F7200
:1085000000556E6B6E6F776E206E6F6465004578F8
:108510007065637420612063686172616374657261
:1085200000556E65787065637420656E6400556EE5
:108530006B6E6F776E20746F6B656E00466C6F614B
:1085400074206E6F7420737570706F727465640040
:10855000556E6B6E6F776E2073796D626F6C004E27
:10856000756C6C206E6F646500766F69640063687B
:1085700061720073686F727400696E74006C6F6E64
:108580006700756E7369676E6564006E756C6C006C
:10859000504154483D2F62696E00484F4D453D2F74
:1085A000686F6D6500722B007762007262002F6445
:1085B00065762F2573007468726561643A252D38DD
:1085C0002E2A732061626F7274210A0043616E6308
:1085D000656C2000436F6D70757465720046696C40
:1085E00065004D435500E997AAE794B500506963CB
:1085F000747572650053657474696E6700437562C3
:10860000650050656E6775696E00737068657265A8
:1086100000686F75736500746F77657200666973C3
:108620006800E6BB9AE58AA8E59BBEE78987E5BCBA
:10863000B9E7AA972D2D2D2D2D2D3031323334351C
:10864000362D2D2D2D00E699AEE9809AE59BBEE7EB
:108650008987E5BCB9E7AA97002020E6BB9AE58A9E
:10866000A8E580BCE5BCB9E7AA972D2D2D2D2D5688
:10867000616C756520506F70202057696E646F774C
:10868000002020E699AEE9809AE580BCE5BCB9E718
:10869000AA9700E6BB9AE58AA8E5B883E5B094E519
:1086A000BCB9E7AA972D2D2D2D2D426F6F6C00E6DA
:1086B00099AEE9809AE5B883E5B094E5BCB9E7AA3C
:1086C000970A2020426F6F6C00E6BB9AE58AA8E605
:1086D000B688E681AFE5BCB9E7AA97205445535464
:1086E000204D4553534147452031323300E699AE82
:1086F000E9809AE6B688E681AFE5BCB9E7AA970AB1
:1087000054455354204D45535341474500E6BB9AC9
:10871000E58AA8E69687E69CACE58897E8A1A8E5F7
:10872000BCB9E7AA972D2D2D2D61626364656600A3
:108730003344204D656E75004C6162656C00546574
:108740007874205061676500E995BFE69687E69CDE
:10875000ACE6B58BE8AF956368616E672077656EB0
:108760002062656E2063652073686920313233347E
:108770003500E28693E9A1B5E99DA2E6BC94E7A4A1
:10878000BAE2869300E59BBEE5BDA2E9A1B5E99DED
:10879000A200334420E9A1B5E99DA2004F7665729D
:1087A000204C6179204F4E004F766572204C6179E4
:1087B000204F464600E28693E5BCB9E7AA97E6BC9F
:1087C00094E7A4BAE2869300E699AEE9809AE69629
:1087D00087E69CACE58897E8A1A8E5BCB9E7AA972D
:1087E000032F3200E6BB9AE58AA8E69687E69CACA2
:1087F000E58897E8A1A8E5BCB9E7AA97032F32005E
:10880000E699AEE9809AE6B688E681AFE5BCB9E7BD
:10881000AA9700E6BB9AE58AA8E6B688E681AFE5A6
:10882000BCB9E7AA9700E699AEE9809AE5B883E576
:10883000B094E5BCB9E7AA97032F3200E6BB9AE5EE
:108840008AA8E5B883E5B094E5BCB9E7AA97032FF9
:108850003200E699AEE9809AE580BCE5BCB9E7AAAA
:1088600097032F3200E6BB9AE58AA8E580BCE5BCF9
:10887000B9E7AA97032F3200E6BB9AE58AA8E59BE1
:10888000BEE78987E7AA970077656E2062656E204C
:1088900000E69687E69CACE4B88000E69687E69C06
:1088A000ACE4BA8C00E995BFE69687E69CACE6BCE2
:1088B00094E7A4BA2D2D2D2D6368616E672077652E
:1088C0006E2062656E2079616E2073686920006198
:1088D0007564696F20213D2052545F4E554C4C0009
:1088E0005F72656370697065002872745F7374727B
:1088F0006C656E28617564696F2D3E6465765F6E88
:10890000616D6529202B2072745F7374726C656EC3
:1089100028225F72656370697065222929203C20D6
:1089200033320070646D00693273007069706520C5
:10893000213D2052545F4E554C4C0073697A65209E
:108940003C3D2052545F55494E5431365F4D41589D
:10895000002D2D617564696F2070697065206675E2
:108960006C6C0A006275660074696D65722D3E6FED
:10897000707320213D2052545F4E554C4C00746959
:108980006D65722D3E696E666F20213D2052545FE9
:108990004E554C4C006932635F6275735F6C6F6358
:1089A0006B0062756666657220213D2052545F4EF1
:1089B000554C4C005F68775F70696E2E6F70732046
:1089C000213D2052545F4E554C4C0070696E202161
:1089D0003D2052545F4E554C4C0070696E203C2037
:1089E00052545F50494E5F4E4F4E45006D6F646567
:1089F000203C2030786666006661696C757265009F
:108A000070726F62650070726F6265202573202539
:108A100073200A006164632070726F6265203C619C
:108A200064635F6E616D653E2020202D2070726F43
:108A3000626520616463206279206E616D650A0061
:108A4000506C65617365207573696E67202761647A
:108A5000632070726F6265203C6164635F6E616D5C
:108A6000653E272066697273740A00656E61626CE8
:108A700065002573206368616E6E656C2025642037
:108A8000656E61626C6573202573200A0061646302
:108A900020656E61626C65203C6368616E6E656C1A
:108AA0003E2020202D20656E61626C65206164632C
:108AB000206368616E6E656C0A00257320636861CF
:108AC0006E6E656C2025642020726561642076617D
:108AD0006C756520697320307825303858200A007D
:108AE0006164632072656164203C6368616E6E65D9
:108AF0006C3E20202020202D20726561642061645E
:108B0000632076616C7565206F6E207468652063E4
:108B100068616E6E656C0A0064697361626C650001
:108B20002573206368616E6E656C2025642064691E
:108B30007361626C65202573200A006164632064A0
:108B4000697361626C65203C6368616E6E656C3E42
:108B500020202D2064697361626C6520616463204C
:108B60006368616E6E656C0A00556E6B6E6F776E32
:108B700020636F6D6D616E642E20506C656173654E
:108B800020656E74657220276164632720666F72AA
:108B90002068656C700A0055736167653A200A00A9
:108BA00079656172206973206F7574206F66207219
:108BB000616E6765205B313937302D323039395D70
:108BC0000A006D6F6E7468206973206F7574206F72
:108BD000662072616E6765205B312D31325D0A005F
:108BE000646179206973206F7574206F66207261EB
:108BF0006E6765205B312D33315D0A00686F7572D9
:108C0000206973206F7574206F662072616E6765CE
:108C1000205B302D32335D0A006D696E75746520FE
:108C20006973206F7574206F662072616E676520AE
:108C30005B302D35395D0A007365636F6E642069A2
:108C400073206F7574206F662072616E6765205B9C
:108C5000302D35395D0A00706C6561736520696E71
:108C60007075743A2064617465205B796561722067
:108C70006D6F6E74682064617920686F7572206D05
:108C8000696E207365635D206F7220646174650A8C
:108C900000652E673A2064617465203230313820D7
:108CA0003031203031203233203539203539206FB2
:108CB0007220646174650A0072785F6669666F206D
:108CC000213D2052545F4E554C4C005B452F554181
:108CD00052545D2000666F7073206F70656E3A208D
:108CE000756E6B6E6F776E206D6F6465202D20251D
:108CF00064210072785F646D6120213D2052545FD1
:108D00004E554C4C0074785F6669666F20213D209B
:108D100052545F4E554C4C0074785F646D61202155
:108D20003D2052545F4E554C4C00747820213D201C
:108D300052545F4E554C4C002873657269616C202B
:108D4000213D2052545F4E554C4C29202626202888
:108D50006461746120213D2052545F4E554C4C2972
:108D60000073657269616C2D3E6F70732D3E646D8A
:108D7000615F7472616E736D697420213D2052547D
:108D80005F4E554C4C006C656E203C3D2072745F0C
:108D9000646D615F63616C635F7265637665645F78
:108DA0006C656E2873657269616C29007365726900
:108DB000616C2D3E73657269616C5F727820213D34
:108DC000204E554C4C0073657269616C2D3E736585
:108DD0007269616C5F747820213D204E554C4C00C7
:108DE00073657269616C2D3E706172656E742E726E
:108DF000785F696E64696361746520213D20525417
:108E00005F4E554C4C006275732D3E6F776E6572E8
:108E100020213D2052545F4E554C4C00636F6D70C5
:108E20006C6574696F6E20213D2052545F4E554C25
:108E30004C0072745F6C6973745F6973656D7074F4
:108E400079282628636F6D706C6574696F6E2D3E8E
:108E500073757370656E6465645F6C6973742929DA
:108E600000717565756520213D2052545F4E554C4B
:108E70004C00646174615F70747220213D20525413
:108E80005F4E554C4C0073697A6520213D20525449
:108E90005F4E554C4C00726220213D2052545F4E73
:108EA000554C4C0073697A65203E20300073657420
:108EB00020616E616C6F67207061206D6F6465006A
:108EC0005F5F636D645F6170615F7365745F6D6F39
:108ED000646500000900200052000A0074000C00C4
:108EE0000B00AC0018000C0080002C000D00C4002A
:108EF00004000E00C800040000001A000100010078
:108F00000400040002000800040003000C00040038
:108F10000400100004000500180002000600140000
:108F2000040007001B00010008001C0004000000F2
:108F300080B501F087FE01F0FFF8054805490160A2
:108F400005480649016006480649016080BD00BF2A
:108F500024E44020DD614000E0E44020A5644000BE
:108F6000E4E44020816F40002DE9FF4704465A4861
:108F7000005DA0F11600042804D248F60F72C0F27A
:108F800001021047204648F62962C0F2010210474C
:108F90002046012129F478FB0528204605D0002130
:108FA0004AF64176C0F2020630474AF66B76C0F2C6
:108FB00002063047494D4A4B2068002824D02978C2
:108FC0004268511ACA180099881A20F07040B042BD
:108FD00013D822F070428A4205D120680189BDF879
:108FE00004208A4209D9204600F40BFA014604F114
:108FF0000C02104600F40FFADEE70098256848F6E8
:109000003911C0F20501084748F67F11C0F2050189
:1090100008470446FFF71CF620B14DF6EB11C0F2ED
:109020000101084720022221013019F455FA7CBDC4
:109030004FF001034BF233504BF22952062C06D865
:1090400003FA04F313F0620F01D0B01F104700477A
:1090500001280AD805F1090000F4F8F9142804D30E
:109060004EF61172C0F2040210474EF64572C0F27D
:1090700004021047B06881880131818040F200000D
:1090800045F69B21084745F6F111084701F056F8CF
:1090900045F63D10004745F2555658F82400152175
:1090A0004BF29123C0F20203184745F255539E42FA
:1090B00000D10C4A27F48CFC4BF2B923C0F2020316
:1090C00018477CB5044600F0C3FA20464EF6A55278
:1090D000C0F20102104700BF78F4402094FA40200B
:1090E000010000F0716B4000E0B5FBF7C6F510B170
:1090F0004FF08E408CBD042001A96A4600900120EB
:10910000FBF722F600B1FEE701988CBD032804BFEF
:1091100007487047182804BF06487047172804BF3F
:10912000054870470B2814BF00200448704700BF53
:109130005C7F4000D07F4000B47F4000687F4000EB
:10914000E0B5042001A90DF10202ADF802000620ED
:10915000FBF7FAF59DF807102B48817059B100F024
:10916000FDFB4FF4004051F425FF03484FF48021EC
:10917000C0F8801101608CBD00E100E02DE9F041F4
:10918000204E05460A290C464FF0010256F82000F1
:1091900020F40060C8BF00F5006046F825000846CE
:1091A000002101F0C3FB56F82510174F0B2C60F37C
:1091B0000A2146F82510154905DBB87818B108686A
:1091C00040F00C0008603878884638B9F8780228F2
:1091D00004D00220F870022001F056FB2046012145
:1091E000002201F0A3FB06F82500B87838B10A2C5C
:1091F00005DCD8F8000020F00C00C8F80000BDE83D
:10920000F08100BFF0ED4020EC7F4020EC400840B2
:109210000021006808B10131FBE788B27047000007
:10922000BCB50D464FF68A518B4217D04FF686518A
:109230008B4263D04FF685518B421CD14FF488503E
:1092400000214FF68552012311F496FC2978032959
:1092500017D82A682E4B43F821201DE04FF4885080
:1092600000214FF68A52012311F486FC0446287827
:10927000A8B112203EE0294602B0BDE8B04005F496
:109280001DB822490A6842F400420A60D1F800245D
:1092900042F40042C1F80024002101702CE06878FB
:1092A000022815D001281AD00028E2D10620144D3A
:1092B0000DF107018DF8070012482A4603680120C6
:1092C000984788B1104881880068A98028600BE021
:1092D000E8880B498880D5F80200086004E0084857
:1092E000017881F055010170054800F1190123F45E
:1092F0005BFF0020207020460EF466F80020BCBD05
:1093000080F440209CE94020E9C30500D0040940D6
:10931000F37F402041F205120249904218BF00211C
:1093200008467047F16240000E4A9423528800FBC1
:109330000320044A835A23F4006343EAC121815283
:10934000704700BF00804020064A9423528800FBEB
:109350000320054A835A23F0E00343EA4111815276
:10936000704700BF0CEE40201680402080B50A46B2
:109370004FF4885000210A2311F4FEFB0C210171E7
:109380000449C0F80610044901600EF41DF80020DD
:1093900080BD00BF4C0A4F02000C0002F8B5074622
:1093A00010461C4616460D4611F4A8FC052808D1A7
:1093B0006878A98800F00F000138C0B2FFF73AF5CD
:1093C00005E038462946324623460EF4BFFC00200D
:1093D000F8BD000080B5C9B202460020082912D8A5
:1093E000DFE801F0050A11110E11111112001046EB
:1093F000BDE8804000F0F0BD104600F02FF980BDC0
:10940000104600F061FB80BD1046FFF783FF80BD72
:10941000F8B50746084815460E461C462946026818
:1094200040F21F609047384631462A46234612F4E0
:109430001DF80020F8BD00BF54E4402010B50C8892
:109440001CB1BDE8104012F4CDB8002010BD0000E2
:109450000648C078013800061CBF03207047284822
:109460000068C07F043818BF03207047E4EA40203A
:109470001CB504467548332250F8210090F8360098
:1094800062F35F008DF80400C8B201A917F440FA36
:10949000204618F449FF2046112111F459FC1CBD47
:1094A0002DE9F8430746802098461546894608234B
:1094B00000EB122441F202105822214611F45CFB09
:1094C00006460480284611F419FCB07030460DF4AD
:1094D0007BFF284611F412FC042807D108480068D5
:1094E00020B1C17F032904BF0221C1773846494614
:1094F0002A46434601B0BDE8F04313F4C5BA00BFA5
:1095000080E84020B0B5514D140A55F824401CB1F4
:10951000BDE8B04013F478BC0020B0BDB0B54B4DF1
:10952000140A55F824401CB1BDE8B04013F496BCB1
:109530000020B0BDB0B54549100A144651F820507E
:10954000104611F4DBFB19280CD8012101FA00F0B8
:109550001049084201D00020B0BD10F0300F01D0FA
:109560000220B0BD012085F8440095F83C00022897
:1095700003D1204618F4CCFAF2E795F837102046CC
:1095800015F4F2FE0028EBD095F83710204612F4BF
:109590008FFEE0E70100C0032DE9F0410E462B49A4
:1095A0000746100A9846154651F82040104611F417
:1095B000A5FB012809D194F88701012805D194F869
:1095C000860110B10020BDE8F081384631462A46B8
:1095D0004346BDE8F04114F47DBA00BF2DE9F843DD
:1095E000074610461C4615460E4611F487FBA0F1AF
:1095F0001101052918D301280DD0FAF787F080460C
:109600000B480830FFF704FE81464046FAF782F027
:10961000B9F10A0F08D8384631462A46234601B028
:10962000BDE8F04314F496BF0020BDE8F88300BF06
:10963000F4F2402080B50549100A51F8200018B115
:109640001046222112F434FE002080BD08F4402090
:1096500091F8B10281F8390070470000A0F21D6155
:109660000D290AD8DFE801F0072123252127212130
:1096700029212121212B1748704740F2016188429E
:1096800004BF1648704740F20361884204BF104887
:10969000704740F21761884204BF0C48704741F29E
:1096A0000711884204BF07487047002070470E48E2
:1096B0007047094870470B4870470948704702488F
:1096C000704700BF6D644000AD66400069664000B1
:1096D0007165400005664000ED654000D5654000BD
:1096E000E16440000D6540000567400010B5044688
:1096F000FAF70CF0A34951F8241049B191F89720DA
:10970000012A05D191F8AA10B1FA81F14C0900E0C3
:109710000024F9F7FFF7204610BD00BF10B504463E
:10972000F9F7F4F7974951F8241039B191F8AA10D4
:1097300041F00201022905D1002400E00C24F9F7D0
:10974000E9F707E0F9F7E6F72002082108240130DD
:1097500012F4AEFD204610BD2DE9F04104461F482D
:10976000427A012A09D1807A884218BF002804D1A0
:109770001B484170047049F463FF824850F824602C
:109780001EB13046002152F4FFFA204600F064FF7B
:10979000F9F7BCF7804696F8DD0030B1002086F876
:1097A000DD004FF4004051F4E5FB824F0026102508
:1097B000388D798D081AF1B290FBF5F0884207DDFB
:1097C000204621F46DFD18B121F49CFD0136EFE730
:1097D0004046BDE8F041F9F79DB700BFF37F402058
:1097E00003804020B0B55AB31649097841B321F43B
:1097F00057FD28B31448154990F8210041EA00109C
:109800006C49098D405A00F0780159480068026897
:1098100083689A429ABF426801320022426020293E
:1098200002D1C1688A4201D2002401E001244160D2
:10983000074D2878844203D0204600F0A9FE2C7002
:10984000B0BD00BFEE7F402080F440200480402067
:10985000058040204B4951F8200050B190F8DD10B0
:10986000012906D1002180F8DD104FF4004051F4A9
:1098700081BB7047C8B2434951F82010002000292D
:1098800008BF4FF0FF307047B0B53E4951F8204057
:10989000BCB3606ED4F8BC100A1A401A22F07045AE
:1098A00020F07040B5F1006F88BF454294F8D610A3
:1098B000B4F8C400002908BF0121484300EB400070
:1098C00085420BDA94F8DD0001280ED1002084F8DF
:1098D000DD004FF4004051F44DFB06E0012084F818
:1098E000DD004FF4004051F465FB012D09DBA90AAE
:1098F000A07E01EBC101C9B20844FF2828BFFF20A8
:10990000A076B0BDF8B51C4615460E460746F9F7D9
:10991000FDF61C4951F82710A1B191F899200C27A8
:10992000012A10D191F8971045EA0603069A2343BD
:1099300000294FF00C0108BF4FF0FF311A4308BF58
:109940000F4600E00C27F9F7E5F6F8B2F8BD00BFC6
:1099500080B500F081FE002080BD00000448602139
:10996000802200230068C0E90132C160704700BF57
:10997000DC7F4020034951F82000002818BF012057
:10998000704700BFA0E8402070B5A24D002410260B
:10999000288D698D081AE1B290FBF6F0884207DD48
:1099A000022021F47DFC18B121F4ACFC0134EFE776
:1099B00070BD00BF0CEE4020234951F8200010B1CB
:1099C000002152F4E1B97047C1F307111E4840F27B
:1099D000FD1250F82100490190F8520002EB4000BE
:1099E000084AC0F347001F2828BF1F205358C3F35D
:1099F0000423834205D08B5823F4F85343EA002014
:109A0000885070471006094070B514460E46F9F7A5
:109A10007DF605460C4850F8260028B1002152F486
:109A2000B3F9304621F4B0FD084809490068C0691F
:109A3000884204D16078022804BF03206070284661
:109A4000F9F768F6002070BD98E84020F8EA402059
:109A5000A5A55A5A70B514460D46064600F0DEF824
:109A600008B12A2004E030462946224623F4D2FDDC
:109A7000C0B270BD70B515460E46044600F0CEF873
:109A800030B120462A2101222A2526F4ADF805E02E
:109A9000204631462A4624F4E5FD0546E8B270BD6D
:109AA0001CB50446874850F82400438D828C018DF4
:109AB000C08C0090204633F4FFF820460021BDE81A
:109AC0001C4026F45BBB00BFB0F5057F04BF044813
:109AD000704740F2132188420CBF024800207047B3
:109AE000496D4000656F400010B50446F9F70EF669
:109AF000044951F82440F9F70DF6B4FA84F040090E
:109B000010BD00BFECF4402010B504460F48417B67
:109B1000012909D1807B904218BF002804D10C484C
:109B20004270047049F48CFDD94850F8240060B1AB
:109B300090F8AD10012908D1002180F8AD104FF444
:109B40008030BDE8104051F415BA10BDF37F4020BD
:109B500003804020F8B50F460546F9F7D7F50446CF
:109B6000CB4850F82560D6B1B6F8860020F010003A
:109B700067F30410A6F88600284633F443FB67B168
:109B8000284635F42BFD96F89A0030B12846314628
:109B90000022002700F038F902E0002700E00C273F
:109BA0002046F9F7B7F53846F8BD00BFF8B50F46BF
:109BB0000546F9F7ABF50446B54850F82560A6B15F
:109BC00006F12C003946FFF726F4B6F8860040F07F
:109BD0000800A6F88600284635F400FD28463146E0
:109BE000012200F011F9002500E00C252046F9F7CC
:109BF00091F52846F8BD00BF58B1064990F8960087
:109C00009422498800FB02100349425A42F0200284
:109C1000425270470CEE4020028040209C4951F88F
:109C2000200028B190F84A00002818BF0120704792
:109C300000207047F8B50F460546F9F767F504466A
:109C4000934850F8256086B1B6F88600B76240F0B8
:109C50000800A6F88600284635F4C0FC28463146A0
:109C6000012200F0D1F8002500E00C252046F9F78C
:109C700051F52846F8BD00BF2DE9F041140A07460A
:109C8000984615460E46204641F404FC874951F893
:109C9000241059B10089328882420AD3092C05D890
:109CA00091F8940000F00300032802D10020BDE8E1
:109CB000F081384631462A464346BDE8F04133F448
:109CC00097BE00BFB8F440202DE9F0471E46144669
:109CD00089460546F9F71AF5DFF8B4A180465AF827
:109CE0002570C7B397F84A00F8B90A98DDE908214A
:109CF000A7F848000120A7F84220B20087F84A00E0
:109D0000A000A7F840004FEA8900A7F874004801B6
:109D1000C7E90E20B86EB0EB860F06D997F89C10F5
:109D2000022924BF284635F425FB97F89700002622
:109D300087F8446080B939F4B7FF04465AF8250023
:109D40000021002652F420F897F8960021460122BF
:109D500034F462FD00E00C264046F9F7DBF43046AF
:109D6000BDE8F0874A4951F8200028B190F89700E3
:109D7000023818BF012070470020704770B50446B4
:109D8000434850F82450DDB3686DAA6E0B1A401A90
:109D900023F0704620F07040B6F1006F88BF464255
:109DA000B5F8760006305043864207DD012085F87D
:109DB000AD004FF4803051F4FDF80AE095F8AD00A5
:109DC000012806D1002085F8AD004FF4803051F411
:109DD000D1F8204634F4FCF8012E11DB094AC1B257
:109DE000A87E12F8113098420AD102EB4101B20A62
:109DF00049785143C9B20844FF2828BFFF20A876FC
:109E000070BD00BFD0ED05002DE9F041054691F889
:109E10009700D8BBB1F886000E46C00736D096F83A
:109E2000B60098B31A48144650F8258039F43CFF20
:109E300096F84A100746F06C012902D196F84410B2
:109E400021BBC11B21F07042B16E8A421ED9B2FB08
:109E5000F1F2B6F87E304FF6FF7C1FFA82FE7345B2
:109E600008BF62449B1A92B2A6F87E3002FB110032
:109E7000002120F07040F064404651F485FF2846F0
:109E800039462246BDE8F04134F4C6BCBDE8F08155
:109E900014F54020B0B5054D140A55F824401CB106
:109EA000BDE8B04035F41CBD0020B0BDB8F4402082
:109EB000012804BF0348704718280CBF024800203F
:109EC000704700BF256B4000456B4000184951F8B2
:109ED000200038B1018D29B1B0F85200814218BF7D
:109EE000FEF74CB1704700BF2DE9F04115460E4614
:109EF0000746F9F70BF4DFF83880044658F82710C6
:109F000089B191F8570040B1088D18B1FEF736F1CC
:109F100058F827100D854E8505E0384631462A460B
:109F2000012338F42FFA2046BDE8F041F9F7F2B3E7
:109F30009CF54020007800B1704707480749084A5F
:109F400003230A500748026863F30B220260086883
:109F500040F4004008607047A0F7FFFFD0080940B8
:109F600000103D205809094010B541F2010083421C
:109F700006D1084641F20101BDE81040FFF7F6B9ED
:109F80000A4A00205D280ED032F830409C4201D0B1
:109F90000130F7E702EBC000426822B108461946DB
:109FA000BDE810401047002010BD00BF3CE5050093
:109FB000B0B5084C94F8545035B1E47C022C03D170
:109FC0004C7B0CB18C7B1CB1BDE8B04043F442BB70
:109FD0000020B0BD50F7402041F20511884204BF77
:109FE0000448704740F2015188420CBF02480020EB
:109FF000704700BF397040008170400070B5054661
:10A0000040780C46182812D14949200A51F820609E
:10A0100096F8360001280AD1204610F46FFE322847
:10A0200005D096F83C0002281CBF002070BD2846D1
:10A030002146BDE8704044F419BB00BF70B5054629
:10A040000C46080A3A4951F82060204610F456FEA2
:10A050001F2815D0252816D196F8360098B915F87E
:10A06000010B102200F0010086F8390006F5E470BB
:10A0700029464BF4DCFF204614F416FC002070BD8A
:10A08000002086F87A0128462146BDE8704044F455
:10A09000E5BE00BFF8B5054625480E0A0C4650F847
:10A0A0002670084610F42AFEA0F11601042913D3E5
:10A0B00090B12E280BD10F48342106FB0100407AC5
:10A0C00028B197F8360010B92878C0070AD1287847
:10A0D00000F0010087F8390028462146BDE8F84025
:10A0E00047F412BF304617212322012316F470FDD6
:10A0F0000020F8BD10F4402070B505460C46080A53
:10A100000B4951F82060204610F4F8FD322809D19F
:10A1100096F83600012805D106482146026840F22B
:10A120000360904728462146BDE8704048F41EBFB2
:10A1300008F4402054E440207047000070B51B48EC
:10A140001B4C016841F00041016094F80051016826
:10A150000029FCD41420FAF711F5012000F03EFD8F
:10A160004FF08046306840F4802030600520FAF7D8
:10A1700005F5306820F4802030600520FAF7FEF401
:10A18000012000F0FDFC0B4E94F8020160B1E8B232
:10A190000101725A42F0180222F02002725252F467
:10A1A000C7F994F80051EFE770BD00BF0000094007
:10A1B000B8FA40200080402010B5144610280CD07A
:10A1C000122813D0292808BF082919D11846FFF7EB
:10A1D0003FF9B0FA80F1490914E0B1F5007F0FD1E1
:10A1E0001846FFF7A7FE002001210BE0042907D144
:10A1F000D8B2FFF77BFAC0B2B0FA80F0410900E0B4
:10A2000000210020217010BD10B51446072826D06B
:10A210000D280BD014280FD020281AD0312808BFC1
:10A22000022923D1184600F03FFA1FE010291DD162
:10A23000D8B2FFF74BFE22E0B1F5805F18D0B1F540
:10A24000807F19D0B1F1004F10D1D8B2FFF7B4FB25
:10A2500015E008290AD1184600F07CFC0FE0B1F5A2
:10A26000002F03D11846FFF7C7FC08E0002007E0E5
:10A27000D8B2FFF709FB02E0D8B2FFF7EBFA0120F2
:10A28000207010BD10B50C46014600200729107043
:10A2900014D10299B4F5805F0AD0B4F5804F0ED086
:10A2A000B4F1006F12BF0020D8B2FFF7C3FC10BD9D
:10A2B000D8B2002918BF0121FFF74CFC10BDD8B25D
:10A2C000FFF774FC10BD10B5122814464FF00002C1
:10A2D00008BFB1F5800F05D10299D8B2C9B2FFF716
:10A2E0003BFA0122227010BD10B51446002214283A
:10A2F000227008BFB1F5803F06D1DDE90212D8B265
:10A30000C9B2FFF725FB01220020227010BD00001A
:10A3100070B50D4600211446C61F11700E2EDDE9E2
:10A32000041211D8DFE806F00815141414141F14D1
:10A330001414141429343C00402D09D1D8B2C9B2E8
:10A34000D2B2FFF7E1FB45E0022808BF042D2ED072
:10A3500070BDB5F5803F32D0B5F5806FF8D1D8B279
:10A36000FFF700FD12E0B5F5807FF1D1D8B2C9B298
:10A3700092B2BDE87040FFF7B7BDB5F5800F25D0AC
:10A38000B5F5803FE4D1C8B2FFF7F4FA10BBDFE7C0
:10A39000B5F5806FDCD1D2B21846FFF76BFA0BE04F
:10A3A000042DD5D1D2B21846FFF70EFB12E092B2BF
:10A3B000D8B2C9B2FFF798FB0028C9D10AE0D8B2D9
:10A3C000002A18BF0122FFF7D9FC03E0D2B21846D9
:10A3D000FFF708FA0120207070BDB0B514460246A0
:10A3E0000020122A20700ED0152A12D1B1F5007F5C
:10A3F00012D104ADD8B226CD2B46C9B2FFF704FB6B
:10A4000001212170B0BD102906D1D8B2FFF786F91D
:10A4100000B1B0BD012020700020B0BD0020107040
:10A4200070470020107000207047000070B514467F
:10A4300011280ED0172814D0252817D027281BD074
:10A44000282824D0312808BF20293FD100F0CAF99C
:10A450003CE001293AD12648016821F04001016021
:10A4600043E0012932D1FFF78FFA3EE0B1F5805F7A
:10A470002CD1FEF765FE38E0B1F5807F26D11D486E
:10A480000168D0F8CC01084318BF01202EE0B1F5D7
:10A49000002F27D040291BD0B1F5802F1ED00829CE
:10A4A00014D1164D164E01202870D6F8A00020F0C9
:10A4B0000800C6F8A000FDF743F5D6F8A01000206C
:10A4C000287041F00801C6F8A0100FE000200DE050
:10A4D00009480068B0FA80F0400907E0002000F069
:10A4E0004FFB02E0002000F079FB0120207070BDDE
:10A4F00000040940B0F840204C000440EC7F4020AC
:10A5000028EC402070B586B0144602460020142A7C
:10A5100020701BD0072A36D1B1F1804F32D10AA862
:10A52000BDF83430BDF83020BDF83840BDF83C509F
:10A53000BDF8406000F11C01059110F8041F9DF862
:10A5400028008DE87000FFF7BFFB1CE0B1F5005F4D
:10A5500018D10AA8BDF83430BDF83020BDF8385005
:10A560009DF83C6000F11801049130F8041F9DF83B
:10A570002800CDE90056FFF7C5F9FF281CBF0121CF
:10A58000217000E0002006B070BD00201070704700
:10A590000B4900280A6A22F0010308BF42F00103B8
:10A5A0000B6200280A6802F000420A60054A04BFF4
:10A5B00044F22012C0F2005208681043086070474D
:10A5C0007040084060080001022070472C4A0021BA
:10A5D000072904D05356834201DA0131F8E776485F
:10A5E000817170472DE9F84F82467348DFF8DCB47B
:10A5F000144600260091417180F804A00020072E27
:10A6000007D01BF90610A14203DA00F5805001368D
:10A61000F5E740EA0165DFF8F0974FB24FF0000828
:10A62000B8F1070F09D05FFA88F0394649F8285089
:10A63000FEF7A4FD08F10108F2E75F49A2454E705C
:10A6400004BF1BF8060008710098A04204BF1BF865
:10A6500006004871BDE8F88FB0B55749094B0A4D5F
:10A6600053F820404A7806492C40895662F30E344C
:10A6700044EA016243F82020BDE8B040FEF77EBD09
:10A68000F87E4000F0ED4020FF8FFF00044805A158
:10A690000068C0F34100032808BF0220085C70472F
:10A6A0003428084001000200FEB504464DF6EC00D7
:10A6B00002A90DF10602A0870420ADF806000620CD
:10A6C000FAF742F3029EE94F300EB870387820B1A5
:10A6D00097F9030000F0D8F827E0FF21350C300A85
:10A6E000F9702906B1EB066F05DD41B268B202468A
:10A6F000FFF778FF05E041B270B20246FFF772FF44
:10A70000354668B2FFF762FF2C4881686FF39A41C3
:10A710008160816841F02A718160C1686FF39A415C
:10A72000C160C16841F02E71C16076B20025112070
:10A7300084F83A5084F838000A2EC8BF01250B2E41
:10A740000BDB304600212A4600F0F0F8B978D1B191
:10A750001A490A6842F00C0214E0387838B9F878DF
:10A76000022804D00220F870022000F08DF8304654
:10A7700001212A4600F0DAF8B97821B10F490A68B8
:10A7800022F00C020A6084F83B50114D84F8390025
:10A79000DFF82CC00B490C4A0C4B0F4E0F4F1048E2
:10A7A000A5620C4DC4E90207C4E90462C4E906319C
:10A7B000C4E9085CFEBD00BFEC7F4020EC400840CF
:10A7C000117E4000E57E40008D7A4000FD7940001A
:10A7D000517940009D7D4000B17E4000417B4000AA
:10A7E000E97A400018481949194A1F4B0A5019487C
:10A7F000194A0260194A4260194A826040F2557251
:10A80000C260184A1360194B5360194B9360194B7F
:10A81000D3600D230A6863F3050250230A601649CA
:10A82000425863F317424250425863F307020B2326
:10A8300042501249425863F30E22032342504258B9
:10A8400063F306024250704770FCFFFF00040940AA
:10A85000001020208008094037053C0050035000BC
:10A860005507500090080940070909000305070033
:10A870000309A81C030028170CFCFFFF10FCFFFFB6
:10A88000063840B2704700001F4902280A6822F0CB
:10A8900006020A600A6822F001020A604A6822F48D
:10A8A00078424A604A6822F480624A6010D00128E7
:10A8B00014D010BB086840F002000860086840F03F
:10A8C00001000860486840F400604860486812E091
:10A8D000086840F004000860086804E00868086040
:10A8E000086840F001000860486840F4784048601B
:10A8F000486840F480604860704704A004A14FF4A9
:10A90000017249F4C3BC00BF342808403000000085
:10A9100072665F74785F706F7765725F636C617386
:10A92000735F636F6E6669670000000070B50C4668
:10A930000546012A08D136490020082816D00A5CAD
:10A94000AA4214DA0130F8E7FFF7A0FEC0EB0010CE
:10A95000304901EB40000021102916D010F91120D8
:10A960007F2A14D0AA4213DA0131F5E70022511BE5
:10A97000B4FA84F218BF012152091140C2B2002A70
:10A9800018BF01221140401A16E0102100E00139E1
:10A99000CAB2002610F91230AB42B4FA84F3C8BF31
:10A9A00001265B09002A18BF012233401A40891A88
:10A9B000C9B200EB41004078C0B270BDB0B51546D9
:10A9C0000446FFF763FE3DB1601C072C15D8013823
:10A9D000FBD10F48005D11E0C0EB00120D4901EB07
:10A9E00042030022102A08D003EB42056D78FF2DA8
:10A9F00003D0A54204D00132F4E7002040B2B0BD3C
:10AA0000C0EB001001EB400010F81200F6E700BFA9
:10AA10007C7F4000FF7E400070B5ED492A4D51F823
:10AA20002020C2F3023395F90540B4EB226F1ADA05
:10AA3000CBB1274C5E1E2240244CF3B266F30E329B
:10AA4000E45642EA046241F820202146FEF796FBD4
:10AA500095F9050000218442B6FA86F0D8BF01219D
:10AA60004009084370BD012070BD00BFEC7F40204D
:10AA7000F8B5E549E64E51F82020C2F3023596F9C3
:10AA80000430B3EB226F1CDD072D1AD00F4C6B1C6A
:10AA9000DE4F3A40E45663F30E3242EA046241F874
:10AAA00020202146FEF76AFB96F90400002184422B
:10AAB0004FF00000A8BF0120052D88BF01210843E9
:10AAC000F8BD0120F8BD00BFEC7F4020F87E4000BB
:10AAD000FF8FFF00F8B5194F06460D4600201446BB
:10AAE000C7E901128DF8030015A128460322F8F7E3
:10AAF00073F758B113A128460322F8F76DF728B170
:10AB000011A128460422F8F767F7B0B9F8F7FEF567
:10AB10003878012800D1FEE7012038704DF420FC80
:10AB20000B4803681BB130462946224698474AF431
:10AB30000DFD9DF803000028FBD0F8BDE07F40200C
:10AB40005F6B65006B655F00706C617400000000F6
:10AB5000C0E54020B0B50546F8F7D8F504460748EB
:10AB60002946FEF70AF418B104482946FEF7D4F343
:10AB70002046BDE8B040F8F7CDB500BF98FA4020B8
:10AB80002E4910B12B4B2C2208E0134801F5C0517F
:10AB90002B4B026822F040020260712226480361BA
:10ABA00041614FF48041C2608160816841F4086175
:10ABB0008160816841F410718160816841F0010118
:10ABC000816001688907FCD501214160816821F01D
:10ABD00001018160704700BF000409401649174A0F
:10ABE00010B1144B2C2009E0012002F5C052144B87
:10ABF0004860886820F00100886071200B614A611C
:10AC0000C86044F210008860886840F4086088607A
:10AC1000886840F410708860886840F0010088609F
:10AC200008688007FCD501204860886820F0010092
:10AC30008860704708ED4020001000400028084060
:10AC4000005E402070B51A481A4930224BF4EFF9E3
:10AC5000194A262508234FF480701A4E4FF40174C8
:10AC60001749C2F8C4504FF48235C2F89C00C2F8AC
:10AC7000A430C2F8803011484FF48203C2E907655E
:10AC8000114D4FF40076C2F8A0504FF48055C2F831
:10AC900094500125D565C2E91065C2E91213C2E9D5
:10ACA00014044FF4887050630420906070BD00BF9E
:10ACB000E8E44020847F400028EC402000350180FB
:10ACC000140040004050084848000C0070B50128AE
:10ACD00031D00C46084611461D461646FEF724FBA9
:10ACE000012E04D120462946FEF72EFB0AE03A4801
:10ACF0009421408804FB01001049425A22F0FF02CF
:10AD00002A444252344841888088401A942190FB5A
:10AD1000F1F0A04211DD2D48012E50F8241066F309
:10AD2000CB2140F824101ABF21F0FF01294465F31C
:10AD30000A2140F82410002070BDFEE71A80402050
:10AD400070B50C4680B301283DD104EB4402214B81
:10AD50002D4843EA4212204B50F82400DC8C00F4CA
:10AD60000061155B25F4006529441153C108DC8C92
:10AD700049091444E58861F34715E580D98C1144ED
:10AD80008A8A60F307028A8214490A68D2041AD4B4
:10AD90000A68000A00F0070022F460620A600A688C
:10ADA00042EA402008600EE0084850F8246020463F
:10ADB000C6F3C0252946FEF7B7FA25B1C6F302212E
:10ADC0002046FEF7C1FA002070BD00BFB8ED40205C
:10ADD000F0ED4020008040200CEE4020B000094003
:10ADE00010B5094A094B52F820100B4008498C79DC
:10ADF00091F9041064F30E3343EA016342F8203002
:10AE0000BDE81040FEF7BAB9F0ED4020FF8FFF001B
:10AE1000EC7F402000220A28C8BF0122002918BF69
:10AE2000012142EA010070470004070A0D1013ECEB
:10AE300013EF15F217F61BF71DF81EF920FA22FB87
:10AE400024FC27FD2BFE2FFF34003E7FFFEC11F08A
:10AE500013F317F718FA1BFD1E0025012B022F0311
:10AE600034043D7FFF000000000000E610F011F9FF
:10AE700012FE130115041A052006240728082E09BE
:10AE8000340A3E7FFF00000000000000CD7040004B
:10AE9000C57F4000820000000D714000C07F40006F
:10AEA000D10000006001B400500BEE030003060A5D
:10AEB0000D0D101389724000D97240005573400087
:10AEC00097734000B9734000E1734000AB744000D9
:10AED000ED744000F3744000FD744000D5754000EF
:10AEE0005B76400065714000C87F40004A0000006A
:10AEF000423136420042420042424848484800003F
:10AF0000C9714000C67F4000410000009027084002
:10AF100048435450F000000064660200BDF902216D
:10AF20001420000004F0D0B0248E0100EDF308B925
:10AF30005C130500B6F322BCE4D90100E8F37DBB45
:10AF40003CAF0200DBF390B808890500ADF3BCBB51
:10AF500024B50000FAF3ECBD0CEF0400B7F308B918
:10AF6000C04E0100022900BFCC3B0000104002206F
:10AF700038A70400841D062CC0A0020051463844A6
:10AF800094B505000FF00C00D4980100ECF334BE2A
:10AF9000785A000000F064B39859000000F0DDB367
:10AFA00050810400002014493859000000F010B40A
:10AFB0009CA6040018BF002158B10200002482F8AA
:10AFC000B0B5000002E045F0502102006EB1D6F8A5
:10AFD000AC330200012182420C81040001F0000028
:10AFE0007CB20200DAF373BFB4B20200DAF361BFDD
:10AFF00028A000000C0A0329F49E0000D847B91CC1
:10B00000A0ED0100E7F3F7B980B500F059FF034860
:10B010000349016003488121017080BD90014020F7
:10B02000915240009009402000F00EB970475146FF
:10B0300000F0F6F904464AF6C131C0F201010847B2
:10B040000AD1F80703D12046012104F46DFA44F631
:10B050000F11C0F20201084744F60551C0F2020187
:10B06000084770B5044600F0D5F9204641F68952EC
:10B07000C0F20202104742F2107108440490684680
:10B0800049F2A971C0F203010847AC69A24288BF26
:10B0900022467C2B04D84DF65D34C0F202042047D2
:10B0A0004DF67134C0F202042047284600F076FBCA
:10B0B000904288BF024690B2618AADF8122040F6F5
:10B0C000A912C0F20302104758460B4600F066FB77
:10B0D0001946884288BF0146AAF81010608A0B46BC
:10B0E00041008B4288BF1946042988BF0A464EF2A8
:10B0F0005133C0F20203184706B400F0CFF806BC83
:10B100004BF62343C0F20103184735B1D5F86471FB
:10B1100041F60176C0F20206304741F62B76C0F2C6
:10B120000206304759450BD8A6F80A8008EB0901FA
:10B130001FFA81F8D8458CBFA6F80CB0B18101E0A8
:10B140004FF0030049F24521C0F2050108474FF0D6
:10B15000FF0200F09FF945F22F51C0F202010847AB
:10B1600001B44BF427F908B96F6801E005F1040751
:10B1700001BC31464AF6E102C0F20102104706D096
:10B18000032804D04BF6DD30C0F2010000474BF637
:10B19000C330C0F2010000479DF818008DF8190077
:10B1A000684654F47DFA49F2AD70C0F203000047DE
:10B1B0004649032818BF00210846704780B5012082
:10B1C0004FF4806114F402FA30B90448083001F4F5
:10B1D0006EF808B1808880BD002080BD3007402017
:10B1E0007CB505464BF4E6F800281448144E18BF09
:10B1F00004358DF80050EDB20468306801944EF4C7
:10B200001DFEA84203D20F480068043011E03068E8
:10B2100021462A464EF448FE684615F41DFB0228D6
:10B2200005D0012808D107480068023001E0054830
:10B2300000680188013101807CBD00BF3060402082
:10B24000B0024020B4024020B0B50C460546FAF7E3
:10B2500097F7296809B1696800E029460C60002168
:10B260006C602160BDE8B040FAF78EB7002100683D
:10B2700008B10131FBE788B27047000002490122A2
:10B2800089690A54704700BFC80C4020C9B203291D
:10B2900008BF00F0DFBC0020704700007F22B2EB47
:10B2A000500F06D148780A4900EB400001EB8000BE
:10B2B000704741080548044B01EB4102032918BFC0
:10B2C00003EB8200704700BF54E50500F85F4000C3
:10B2D00078E805002DE9F047384C9846164689462F
:10B2E0008246050A002700F0E5FD87420BD2206860
:10B2F00050F8370028B1418BA94202D1007FB042FB
:10B3000001D00137EFE7FEB200F0D4FDB04222D900
:10B31000206850F83700C17F042930D190F82210FE
:10B3200029B9304625F454FB206850F837002449E9
:10B3300080F82080807F0968022851F8251091F854
:10B340003610B1FA81F14FEA511225D128460D216C
:10B350001BF40EFE24E01A48B9F1020F006850F801
:10B36000250090F83600B0FA80F04FEA50132846D6
:10B370000CD10D210222BDE8F0471BF4ABBE11A099
:10B3800040F22D11BDE8F04751F4A5BA2C2102225C
:10B39000BDE8F0471BF490BE28462C211BF4DCFDD1
:10B3A00050461DF41DFA2068082150F83700C17777
:10B3B00050460521BDE8F04714F4CEBA1C034020E6
:10B3C000180340206C635F73636F5F706174636820
:10B3D0002E630000F8B50646BB480D46006800EB3A
:10B3E000C101496899B1C97889B950F83500C07F61
:10B3F000053801280BD82846144625F4E9FA3046CA
:10B40000294600222346002719F4D2FF00E0012735
:10B410003846F8BD91F8C50181F839007047000041
:10B42000B0B50D460446FAF7ABF66349096851F822
:10B430002510002569B191F89610094A01EB4101E8
:10B4400042EA4111994AD28C895A490458BF4FF4B3
:10B45000C875FAF799F6601C20F001002844B0BDC9
:10B46000068040205449096851F8200030B190F816
:10B4700099000338B0FA80F0400970470020704707
:10B48000C8B24D49096851F82000002818BF0120B2
:10B49000704700BF2DE9F04190460D460646FAF789
:10B4A0006FF6074609480830FFF7E0FE04463846C5
:10B4B000FAF76AF60A2C88BFBDE8F08130462946C3
:10B4C0004246BDE8F04114F4EBB900BF88054020C6
:10B4D00070B539490025096851F820406E1C4AF4BE
:10B4E00031FF85423546F9D320491F480968006875
:10B4F0004A7800212AB108C8013A002B18BF01314F
:10B50000F8E7C8B241F2F9510228194808BF41F2E0
:10B510001711418094F8970040B994F89F0028B91A
:10B5200094F8A00010B994F8AB00E0B124F436FC14
:10B53000A17E602928BF6021A176616E421A081A97
:10B5400022F0704220F07040B2F1006F88BF42429A
:10B55000B2F5707F07D3B4F89C00616801EB40003E
:10B5600004490840606070BD2C0340200800402062
:10B5700098024020FCFFFF0F0F49096851F8200096
:10B58000C0B1426ED0F8BC30991AD21A21F0704185
:10B5900022F07042B1F1006F88BF5142012909DBEE
:10B5A000890A827E01EBC101C9B21144FF2928BF7B
:10B5B000FF218176704700BF280340202DE9F0412C
:10B5C0000D4CDFF8E080394F224E206890F847009C
:10B5D00000F042F868B198F82100398D46EA001071
:10B5E000405A850724F426FC002DEED10120BDE849
:10B5F000F0810020BDE8F0813C0340202DE9F047B8
:10B600001348DFF8A080DFF8E49904681148824607
:10B61000861C94F8390000F01FF8B0B198F82100AA
:10B62000B9F828204AEA001146EA0010895A875AD8
:10B630008D0724F4FFFB002DEBD107F078000828DC
:10B6400004BF0120BDE8F087E3E70020BDE8F087F4
:10B65000400340200280402070B504461148124942
:10B6600090F8210041EA00101049098D465E084417
:10B670004088B4EBD02F4FEAD02508D0B6F1FF3F79
:10B6800005DC284600F0F0FA08B124F4D3FB291BAE
:10B690000020002EB1FA81F148BF0120490908407D
:10B6A00070BD00BF6005402000804020F8004020B1
:10B6B00080B50549096851F8301009B1012080BDF5
:10B6C00025F486F9002080BD1C03402010B51446E7
:10B6D000FAF756F50649074A0968914204D161789C
:10B6E000022904BF03216170FAF74EF5002010BD56
:10B6F0001C2A4020A5A55A5A2DE9F04115460C46B2
:10B700000746FAF73DF5DFF850800646D8F8000006
:10B7100050F8271061B191F8920048B1088D28B116
:10B72000FFF794F5D8F8000050F827100D858C85A8
:10B730003046BDE8F041FAF727B500BF0649096871
:10B7400051F8200038B1018D29B1B0F8860081424E
:10B7500018BFFFF77BB57047E002402080B558B1B5
:10B7600090F89710022907D190F89600012116222F
:10B7700033F420FD002080BD012080BD50B106497A
:10B7800091F8393091F83B20D1F820C090F896100C
:10B7900000206047704700BF6C15402007490968CA
:10B7A00051F8200038B1406E40F2712100F59C70D4
:10B7B000B0FBF1F070470020704700BFF40240205A
:10B7C0002DE9F04F89B0DFF810930C460D78D9F8C9
:10B7D000181001EB851010F83C2F052A1ED14FEAF6
:10B7E0008518627851F808A0BAF1000F1CD06AB32E
:10B7F00004F10E06217F304642F4BAF860B32846C1
:10B8000001214FF0010B35F427FDD9F81800002174
:10B810000B2700EB851080F83C10BAE0AFA040F297
:10B82000191151F458F852E1B2FA82F000214FF0A8
:10B83000000B4009470042F20E0042F405F8D9F827
:10B84000180000EB851080F83CB0A2E04FF0000B30
:10B85000022780F800B09CE00020D4F81D108DF87D
:10B860001100A08ACDF80A1001A9ADF80400D4F89F
:10B870001600CDF8060094F821008DF80E0094F81B
:10B8800024008DF80F0094F823008DF81000D9F8EB
:10B890004800CDF8120099F84E008DF81800B9F85C
:10B8A0004F00ADF81900D9F85200079099F85600EA
:10B8B0008DF8200028462BF409FF41F441FED9F809
:10B8C0001800618B4FF0010B894A042700EB8510AB
:10B8D000C181A18AA0F818B0C582858289008181C2
:10B8E00099F80F11002908BF0A46826094F82220B7
:10B8F00000290AEB0212138BD28A18BF012189009A
:10B9000081765100042988BF5700B9B20782B1EB94
:10B91000430F38BF59004182043053F4CBFDD9F8AE
:10B920001800B18800EB851001843168C161D9F835
:10B930001800217F00EB851001F0010180F8221032
:10B940000021D9F8180000EB851080F82310092198
:10B9500080F83C103046217F41F4ACFF97498A883B
:10B96000C988891A0C2291FBF2F181420CDD00EBAF
:10B970008001D9F8302002EB4101497A890703D5CB
:10B98000227F31463DF448FD5A480027806900F87F
:10B9900005B099F81100800722D441F2031000216C
:10B9A0003E2214234FF0000A13F4F0FE0646023044
:10B9B0001221FAF704F70120BBF1000F7770307005
:10B9C0005FD0758086F804A0207F81072CD400F01A
:10B9D00001007071D4F80E00C6F80600608A29E0F4
:10B9E00041F2031000213E22202313F4CFFE06462D
:10B9F00002301E21FAF7E3F60A20BBF1000F777040
:10BA000030703ED0002075803071608A7081D4F82B
:10BA10000E00C6F8060006F10C009AF8011089071E
:10BA200013D40021818014E001207071A068C6F851
:10BA30000600A0897081A08AB081D4F81600C6F8EB
:10BA40000E0094F82400B0741BE0E1888180D4F8E3
:10BA50000210016006F11200217F890702D4002143
:10BA6000818002E0A1898180A1680160207F7071DE
:10BA7000A08A3083D4F81600C6F81A0094F824007F
:10BA8000B07730460FF464FDD9F8180050F808007C
:10BA900038B10C3813F4A2FED9F81800002140F890
:10BAA0000810002F8BF0010018BF012738430ED17A
:10BAB00041F2031000213E22062313F467FE1421F5
:10BAC0004580017094F8251001710FF441FD0020AC
:10BAD00009B0BDE8F08F00BF781140206C6C6D5F3D
:10BAE000696E69745F70617463682E6300000000A2
:10BAF000FDDC0200C80C40201A49096851F82000FA
:10BB000038B1018D29B1B0F85200814218BFFFF75A
:10BB10009DB370472DE9F04115460E460746FAF7EA
:10BB20002FF3DFF840800446D8F8000050F82710C3
:10BB300099B191F8570050B1088D28B1FFF786F3FD
:10BB4000D8F8000050F827100D854E8505E03846DE
:10BB500031462A46012338F4F9FA2046BDE8F0417F
:10BB6000FAF712B3FC02402070B50446114812499E
:10BB7000007AC0EBC00041EA800010490989465EA6
:10BB800008448089B4EBD02F4FEAD02508D0B6F115
:10BB9000FF3F05DC284600F037F808B939F496FF76
:10BBA000291B0020002EB1FA81F148BF012049096C
:10BBB000084070BD1006402000804020F800402062
:10BBC000F0B510490968D1B100220023022A04BF50
:10BBD00003F00100F0BD51F8224074B10025B02DF2
:10BBE0000BD0661996F82F70874204D196F8306012
:10BBF000012E98BF01235835F1E70132E6E7002016
:10BC0000F0BD00BF00034020AC490968897881423B
:10BC100098BFFFF7D5BF0E49896901EB801001215C
:10BC200090F83C0001FA00F040F2534188430028AC
:10BC300018BF0120704700BF054901EBD00100F09B
:10BC40000700097C21FA00F000F00100704700BFF6
:10BC50007811402040F209220249904218BF002189
:10BC600008467047C5574000B0B504464AF46AFB21
:10BC7000A04209D90A4904EBC400496B0844807901
:10BC8000B0FA80F0450900E000254AF45BFB044966
:10BC9000604091F84410084308BF01252846B0BD14
:10BCA0008C1240200020704770B5054640780C4645
:10BCB000182813D10C49200A096851F8206096F819
:10BCC000360001280AD1204613F422FE322805D07E
:10BCD00096F83C0002281CBF002070BD2846214673
:10BCE000BDE8704044F442BD1803402010B514462E
:10BCF00038B1112808BF08290AD1D8B2FFF7ACFC27
:10BD000007E0B1F5000F03D1D8B2FFF72DFF00E037
:10BD100000200021217010BD10B51446072823D043
:10BD200031280BD0142810D0152817D00D2808BFA3
:10BD3000102923D1D8B2FFF7DFFE24E0B1F5804F00
:10BD40001CD1184600F0ACF81DE0B1F5805F17D0AB
:10BD5000022913D1D8B2FFF7BBFB14E080290DD123
:10BD6000D8B2FFF7A5FC13E0B1F5802F0DD0B1F5E7
:10BD7000002F03D11846FFF701FD04E000200BE07F
:10BD8000D8B2FFF7F9FB012006E01846FFF7E6FC02
:10BD90000138B0FA80F04009207010BDB0B51446EB
:10BDA0000A46DDE90415022816D029280CD01328EC
:10BDB0001ED00D2808BFB2F5807F25D1AAB2D8B217
:10BDC000C9B2FFF7A7FE1FE0802A1DD198B2C9B201
:10BDD000EAB2FFF7FFFA12E0042A18D0802A13D142
:10BDE000D8B2EAB2002918BF0121FFF7A7FC13E07F
:10BDF000B2F5803F08D1EAB21846FFF741FB01389F
:10BE0000B0FA80F0400900E000202070B0BDAAB276
:10BE1000D8B2C9B2FFF770FC0120F6E7B0B51446FE
:10BE200002460020152A10D1B1F5007F4FF0000125
:10BE30000CD104ADD8B226CD002D18BF01252B465C
:10BE4000C9B2FFF743FC012100E000212170B0BD21
:10BE500010B514461B2806D0192808BF012907D1A0
:10BE6000FFF7ACFB05E0012902D1FFF7C7FB00E0BB
:10BE700000200021217010BDB0B5132814464FF0EA
:10BE8000000508BF012906D18220012101254AF4BD
:10BE900023FD024908602570B0BD00BF306040201E
:10BEA00001494162704700BF715F4000034800686C
:10BEB000807870470148006840787047080040204B
:10BEC0001D481E494FF440234FF0011201601C48E9
:10BED0001C4901601C481D4901601D481D49016045
:10BEE0001D481E4901601E481E4901601E4844F25B
:10BEF0000401C0F8C4104FF48871C36141F2020319
:10BF000041634FF42071C0E9132341654FF4807100
:10BF1000C0F8CC100121C16641660821416484212A
:10BF20008160D0F8A41041F08001C0F8A4104FF057
:10BF300084510160704700BF980140201D5D4000A2
:10BF4000B80140207D5E4000A8014020A15D400076
:10BF5000AC014020215E4000B4014020555E40000D
:10BF600094014020F15C4000A8084020F8B5012869
:10BF700037D114460D464AF4E5F9A8422CD9284693
:10BF8000FFF770FA012827D105EB4502174C164937
:10BF9000174F41EA4213E58C585B20F4006697F88E
:10BFA000390097F83B7046EAC726012F5E534FEAE7
:10BFB0004213E28C1FBF143119438B5A23F0FF0345
:10BFC00011BF1844063119438B5A04BF23F0E00314
:10BFD00043EA4010885204E001202946224654F4E6
:10BFE000A9FE0020F8BD00BF00804020F8004020DE
:10BFF0006C154020AD5C40002C60400082000000C9
:10C0000008000400400010006001B400500BEE0373
:10C0100050002C00D002CE01131510001B0012009E
:10C02000740ADC055C4C46174242000048435450F9
:10C03000C80000003078050032206863C862000044
:10C04000FEF3B0BEBCAB0100EAF339BA004D02000A
:10C05000E0F3A0B960790400DF480021841D0200EC
:10C06000E3F36FB9A4970300CBF369BC50930500C9
:10C07000ABF3EABEA0090300D4F385BB44E302009E
:10C08000D6F3C2BE08BC0100E9F378BAFC1E020078
:10C09000E3F307B928550200DFF313BEDCA8010063
:10C0A000EAF342BC785E020001218242D0EF010037
:10C0B000E6F382B9C0BB0100E9F3DFBA685B0200B6
:10C0C000C302C2F3588D0200042221F0E49602005C
:10C0D000FF010422D4CA030008464749A897030079
:10C0E000CBF3F8BC68FB0300381018E0EC520000FA
:10C0F000FFF368BF88590000FFF32CBC5041434850
:10C10000810000000D50400000F0FF00FDCFFF0057
:10C11000FCEFFF00050001001DB0020037C0030066
:10C1200038B002001580FF00D5FFFA008A9FF600A4
:10C13000518FF40050DFF600A1CFFE004E300C000E
:10C1400048511D0065122F006FB33D002CF44500CF
:10C15000700400003C183C1802300C3013303C28AE
:10C160006418083009300A300B300C30642840184D
:10C170000B30113040285818003058280250401811
:10C180000A30402802505818053058284C180730FB
:10C190004C28601804300930153060283C181430E1
:10C1A0003C2828180B30282800180D3007300028AC
:10C1B0001418074014281C1813300B300D401C288D
:10C1C00014180C30054004300340142804180230C1
:10C1D0000630042848180D30482810180030103058
:10C1E00011301230102800180C30073000281418B5
:10C1F0000C30074014281C1813301C283418163033
:10C2000010301530342800F010181018104011406C
:10C2100012401028025048180D4048280060242879
:10C220006C2800180D4000281C1813400B400D30DE
:10C230001C2814180C40053004400330142814182E
:10C24000073014280418024006400428001807404C
:10C25000002828180B4028281018004010286418BF
:10C26000084009400A400B4064283C1814403C2810
:10C2700040180B40114040280070A8280080AC28CE
:10C280003C180C4013403C285818054058284C18BE
:10C2900007404C28601804400940154060280850A9
:10C2A00040180A404028055058180040582814509B
:10C2B00074181D407428095064180C4064283C18F8
:10C2C00002403C2800F000F0101810180830103020
:10C2D00011301230102800180C30073000281418C4
:10C2E0000C30074014281C1813301C283418163042
:10C2F0001030153034283C1814303C2864180830AD
:10C3000009300A300B300C30642840180B301130E3
:10C3100040283C1802300C3013303C2828180B30D1
:10C32000282800180D30073000281418074014285A
:10C330001C1813300B300D401C2814180C3005400D
:10C34000043003401428041802300630042848182A
:10C350000D304828101800301030113012301028DD
:10C3600000F000F010181018114012401040102872
:10C3700002500060082800180C40002814180C40D7
:10C3800014281C1813401C281418073014281E5099
:10C390000018074000281018084010283C181440C6
:10C3A0003C2834181640342840180B3040280550DB
:10C3B000341810401540342874181D407428095052
:10C3C00000F000F010181018123011301030093041
:10C3D000102800180C300730002814180C300740C3
:10C3E00014281C1813301C28441803300640113040
:10C3F0001630442860180430093015301430602895
:10C4000048180D3048283818094038285818053081
:10C410000630073058284C181B30063007304C289F
:10C4200050180030013002300330502800F000F086
:10C4300010181018124011401040102802500060CF
:10C44000082800180C4000281C1813401C28141839
:10C450000C4014281418073014282D5000180740D9
:10C46000002844181640063044286018044009404B
:10C4700015401440602848180D40482838180930E5
:10C480003828581805400640074058284C181B40CB
:10C49000064007404C28501800400140024003402D
:10C4A0005028055010180940102844180340114026
:10C4B000442874181D4074281E5000F05177797775
:10C4C000A177C977F1771978417869789178B97847
:10C4D000E1780979317959798179A979D179F9792D
:10C4E000217A497A717A997AC17AE97A117B397B12
:10C4F000617B897BB17BD97B017C297C517C797CF8
:10C50000A17CC97CF17C197D417D697D917DB97DDE
:10C51000E17D097E317E597E817EA97ED17EF97EC4
:10C52000217F497F717F997FC17FE97F11803980A9
:10C5300061808980B180D98001812981518179818F
:10C54000A181C981F1811982418269829182B98276
:10C55000E1820983318359838183ED7615773D77B5
:10C5600065778D77B577DD7705782D7855787D7887
:10C57000A578CD78F5781D7945796D799579BD796E
:10C58000E5790D7A357A5D7A857AAD7AD57AFD7A54
:10C59000257B4D7B757B9D7BC57BED7B157C3D7C39
:10C5A000657C8D7CB57CDD7C057D2D7D557D7D7D1F
:10C5B000A57DCD7DF57D1D7E457E6D7E957EBD7E06
:10C5C000E57E0D7F357F5D7F857FAD7FD57FFD7FEC
:10C5D00025804D8075809D80C580ED8015813D81D1
:10C5E00065818D81B581DD8105822D8255827D82B7
:10C5F000A582CD82F5821D8350777877A077C877A2
:10C60000F0771878407868789078B878E07808798A
:10C61000307958798079A879D079F879207A487A70
:10C62000707A987AC07AE87A107B387B607B887B56
:10C63000B07BD87B007C287C507C787CA07CC87C3C
:10C64000F07C187D407D687D907DB87DE07D087E22
:10C65000307E587E807EA87ED07EF87E207F487F08
:10C66000707F987FC07FE87F1080388060808880EE
:10C67000B080D8800081288150817881A081C881D4
:10C68000F0811882408268829082B882E0820883BA
:10C69000308358838083D97629777977C977197859
:10C6A0006978B97809795979A979F979497A997ABA
:10C6B000E97A397B897BD97B297C797CC97C197D96
:10C6C000697DB97D097E597EA97EF97E497F997F72
:10C6D000E97F39808980D98029817981C98119824E
:10C6E0006982B982098315776577B57705785578BA
:10C6F000A578F57845799579E579357A857AD57A89
:10C70000257B757BC57B157C657CB57C057D557D62
:10C71000A57DF57D457E957EE57E357F857FD57F40
:10C7200025807580C58015816581B581058255821A
:10C73000A582F58245830004B203D402880100007B
:10C7400078FE2CFD4EFC00FC4EFC2CFD78FE00001B
:10C750008801D402B203000078FE2CFD4EFC00FCE0
:10C760004EFC2CFD78FE00008801D402B2030004C8
:10C77000B203D40288010003060A0D101315FFFF4F
:10C780001AFFFF28FF2E343E00040A0D10137072AA
:10C79000696E745F737973696E666F004442475FB8
:10C7A000547269676765725F49525148616E646C83
:10C7B00065720053686F772073797374656D2069B3
:10C7C0006E666F726D6174696F6E005F5F636D643A
:10C7D0005F737973696E666F00666F7277617264FA
:10C7E000206C63707520636F6D6D616E64005F5FB8
:10C7F000636D645F6C63707500000000A85C0512D7
:10C80000AF5C0512B65C0512C05C0512CA5C05126D
:10C81000D25C05127072696E745F70696E5F7374BA
:10C82000617465007369666C695F70696E5F6D6FD6
:10C830006465007369666C695F70696E5F726561DB
:10C8400064007369666C695F70696E5F61747461BE
:10C8500063685F697271007369666C695F70696EA5
:10C860005F646574746163685F697271007369669F
:10C870006C695F70696E5F6972715F656E61626C31
:10C880006500636865636B5F7773725F70696E00E4
:10C8900070696E5F6972715F686472006472765F5E
:10C8A00070696E5F636865636B0070696E206770A6
:10C8B000696F2066756E6374696F6E73005F5F6386
:10C8C0006D645F70696E0000B9110312811103126B
:10C8D00031110312410803122D090312310F031203
:10C8E00000000000000000007369666C695F636F00
:10C8F0006E666967757265007369666C695F636F00
:10C900006E74726F6C007369666C695F70757463C6
:10C91000007369666C695F67657463007369666C50
:10C92000695F646D615F7472616E736D69740072CA
:10C93000745F68775F75736172745F696E69743272
:10C940000048414C5F554152545F4572726F7243CB
:10C95000616C6C6261636B0048414C5F554152549D
:10C960005F527848616C6643706C7443616C6C62B2
:10C9700061636B00756172745F69737200756172D7
:10C98000742073657474696E67005F5F636D645FC4
:10C9900075617274000000008D1703127118031284
:10C9A0008916031249160312E916031240420F00BA
:10C9B000080001006C705F74696D65725F696E6973
:10C9C00074006C705F74696D65725F73746172740A
:10C9D000006C705F74696D65725F73746F70006C6A
:10C9E000705F74696D65725F636F756E7465725F99
:10C9F000676574006C705F74696D65725F637472F3
:10CA00006C0074696D65725F696E69740074696D3C
:10CA100065725F73746172740074696D65725F73BF
:10CA2000746F700074696D65725F636F756E7465A5
:10CA3000725F6765740074696D65725F6374726CB0
:10CA40000000000019200312C11F0312CD1E0312A3
:10CA5000991E0312A91D03120080000000010000AE
:10CA6000FFFFFF0001000000F11E0312451D03122D
:10CA7000211D0312711C0312951C031240420F006A
:10CA8000D0070000FFFF00000100000000000000D0
:10CA90000002000000040000000600000008000082
:10CAA000000A0000000C0000000E00006472765FB7
:10CAB00070776D5F7365745F627265616B5F6465EB
:10CAC0006164006472765F70776D5F636F6E74721D
:10CAD0006F6C007369666C695F7370695F696E691A
:10CAE00074007370695F636F6E6669677572650065
:10CAF0007370695F636F6E74726F6C0073706978C6
:10CB00006665720072745F68775F7370695F6275E3
:10CB1000735F696E69740000E92A0312C927031262
:10CB2000812803126932635F6275735F636F6E669B
:10CB30006967757265006D61737465725F786665AB
:10CB400072006932635F6275735F636F6E74726FD8
:10CB50006C0072745F68775F6932635F696E6974D5
:10CB600032000000112E0312B92D0312F53003120A
:10CB70009931031272745F7274635F636F6E6669DA
:10CB800067007274635F657869745F637269746962
:10CB900063616C007274635F656E7465725F63726B
:10CBA00069746963616C0072745F7274635F636F50
:10CBB0006E74726F6C0072745F68775F7274635F1B
:10CBC000696E6974004558545F444D415F496E6910
:10CBD0007400736176655F65710048414C5F415533
:10CBE000445052435F527848616C6643706C7443A2
:10CBF000616C6C6261636B0048414C5F415544500D
:10CC000052435F527843706C7443616C6C62616331
:10CC10006B0048414C5F4155445052435F54784843
:10CC2000616C6643706C7443616C6C6261636B0031
:10CC300048414C5F4155445052435F547843706CB7
:10CC40007443616C6C6261636B006266305F617536
:10CC500064696F5F636F6E666967757265006266AF
:10CC6000305F617564696F5F7472616E73006C6FC1
:10CC700061645F657100617072635F6465627567AE
:10CC80002072202F2077206964782076616C75658A
:10CC9000005F5F636D645F617072635F646562759E
:10CCA00067006D69635F6761696E005F5F636D64F4
:10CCB0005F6D69635F6761696E000000CD3A0312C2
:10CCC0006D4A0312F9480312E93F0312B54F0312EC
:10CCD00011400312D13A0312F5480312D93E031250
:10CCE000D53A03120000000080BB00000000E803FA
:10CCF000007D00000000DC05C05D00000000D007E2
:10CD0000803E00000000B80BE02E00000000A00FE5
:10CD1000401F00000000701744AC00000100E80351
:10CD2000225600000100D007112B00000100A00FC7
:10CD3000401F112B0000000000000100609C702EBD
:10CD4000401FE02E0000000000000100A8AAAA2A4F
:10CD5000401F803E010000000000000000000000B5
:10CD6000401F22560100000000000100806D702E5F
:10CD7000401FC05D01000100000001000037555553
:10CD8000401F007D010001000000000000000000C5
:10CD9000401F44AC0100010000000100002F702E74
:10CDA000401F80BB0100010000000100005DAA2AB5
:10CDB000112B401F0000000000000100D913335860
:10CDC000112BE02E0000000000000100E6B7CC3A75
:10CDD000112B803E00000000000001006474192C3B
:10CDE000112B22560100000000000000000000008E
:10CDF000112BC05D0100000000000100E6B7CC3A35
:10CE0000112B007D01000000000001006474192C4A
:10CE1000112B44AC010001000000000000000000E4
:10CE2000112B80BB0100010000000100C461CC3A5D
:10CE3000E02E401F0101000000000100F0EEFF2F76
:10CE4000E02E112B000000000000010020D3A845B7
:10CE5000E02E803E000000000000010080D7FF2F80
:10CE6000E02E2256010000000000010040A4A84569
:10CE7000E02EC05D01000000000000000000000086
:10CE8000E02E007D010000000000010080D7FF2F90
:10CE9000E02E44AC01000100000001008046A845DE
:10CEA000E02E80BB01000100000000000000000037
:10CEB000803E401F01010000000000000000000053
:10CEC000803E112B00000000000001008019E15C91
:10CED000803EE02E000000000000010000375555A4
:10CEE000803E22560000000000000100806D702E80
:10CEF000803EC05D0000000000000100809BAA2A67
:10CF0000803E007D010000000000000000000000E5
:10CF1000803E44AC0100000000000100002F702E94
:10CF2000803E80BB0100000000000100005DAA2AD5
:10CF30002256401F0101000000000100D9133358A0
:10CF40002256112B0101000000000000000000002B
:10CF50002256E02E0101000000000100E6B7CC3AA5
:10CF60002256803E0000000000000100C8E8325850
:10CF70002256C05D0000000000000100E6B7CC3A78
:10CF80002256007D00000000000001006474192C8E
:10CF9000225644AC01000000000000000000000028
:10CFA000225680BB0100000000000100C461CC3AA1
:10CFB000C05D401F0101000000000100E0DDFF5FD7
:10CFC000C05D112B010100000000010020D3A84525
:10CFD000C05DE02E01010000000000000000000024
:10CFE000C05D803E010100000000010080D7FF2FDE
:10CFF000C05D2256000000000000010040A4A845CA
:10D00000C05D007D000000000000010080D7FF2F00
:10D01000C05D44AC01000000000001008046A8454E
:10D02000C05D80BB010000000000000000000000A7
:10D03000007D401F01010101000000000000000010
:10D04000007D112B01010000000001008019E15C4E
:10D05000007DE02E01010000000001000037555561
:10D06000007D803E01010000000000000000000083
:10D07000007D22560101000000000100806D702E2D
:10D08000007DC05D00000000000001000037555524
:10D09000007D44AC0000000000000100002F702E55
:10D0A000007D80BB0000000000000100005DAA2A96
:10D0B00044AC401F0101010100000100D9133358A5
:10D0C00044AC112B01010101000000000000000030
:10D0D00044ACE02E0101010100000100E6B7CC3AAA
:10D0E00044AC803E0101000000000100C8E8325855
:10D0F00044AC2256010100000000000000000000C6
:10D1000044ACC05D0101000000000100E6B7CC3A6C
:10D1100044AC007D0000000000000100C8E8325867
:10D1200044AC80BB0000000000000100C461CC3AA8
:10D1300080BB401F0101010101010100F0EEFF2F42
:10D1400080BB112B010101010000010020D3A84583
:10D1500080BBE02E01010101000000000000000082
:10D1600080BB803E010100000000010000AFFF5FB6
:10D1700080BB2256010100000000010040A4A84528
:10D1800080BBC05D01010000000000000000000045
:10D1900080BB007D010100000000010080D7FF2F4F
:10D1A00080BB44AC00000000000001008046A845A0
:10D1B000312E302E390064656661756C745F62795A
:10D1C0007061737300000000000048414C5F4155DE
:10D1D00044434F4445435F527848616C6643706CEA
:10D1E0007443616C6C6261636B0048414C5F4155F4
:10D1F00044434F4445435F527843706C7443616CC1
:10D200006C6261636B006266305F617564696F5F59
:10D21000706C6C5F636F6E666967006266305F6139
:10D220007564696F5F7472616E73007570646174A8
:10D23000615F706C6C5F66726571007570646174BB
:10D24000655F706C6C5F61667465725F656E61626C
:10D250006C650075706461746520504C4C2066727A
:10D260006571005F5F636D645F7570646174655FB5
:10D27000706C6C0073657420636F64656320646117
:10D280006320766F6C756D65005F5F636D645F63CF
:10D290006F6465635F6461635F7365745F766F6C11
:10D2A00000617564696F5F636F646563005F5F63EE
:10D2B0006D645F636F6465635F68705F73696E312F
:10D2C0006B5F746573740000C5510312995B0312A0
:10D2D000055B0312C9510312715F031279590312DE
:10D2E000CD510312095D03124D580312AD5C0312B8
:10D2F0000000000080BB00000005000001050000E8
:10D30000007D00000005010001050000C05D000077
:10D31000000A000000050200803E0000000A010033
:10D3200000050200E02E0000000A020000050200D5
:10D33000401F0000000A03000005020044AC00008A
:10D34000010500010105010022560000010502014E
:10D3500001050100112B0000010A02010005030074
:10D3600080BB0000000100004D0100050402141400
:10D3700000000000007D0000000101004D010005DB
:10D380000402141400000000C05D0000000105004C
:10D390004D01000A02020A0A01000000803E00005E
:10D3A000000104004D0100050402141400000000F7
:10D3B000E02E0000000107004D01001402010505E8
:10D3C00001000000401F0000000108004D01000A9C
:10D3D00002020A0A0100000044AC00000101000042
:10D3E0004D01010504021414000000002256000043
:10D3F000010105004D01010A02020A0A01000000B4
:10D40000112B0000010107004D0101140201050567
:10D41000010000006472765F657069635F696E6920
:10D4200074006472765F6570696320636F6E66690D
:10D430006775726174696F6E005F5F636D645F64CE
:10D4400072765F657069635F636667004145535F2D
:10D45000496E697400556E6C6F636B0048414C5F98
:10D460004173736572744661696C656400647276B9
:10D470005F6765745F626C657379735F636C6B0083
:10D480006472765F6765745F6C707379735F636CE9
:10D490006B006472765F6765745F68707379735F41
:10D4A000636C6B005265626F6F742053797374659F
:10D4B0006D005F5F636D645F7265626F6F740061C2
:10D4C00073736572745F636F6D6D616E6400537723
:10D4D0006974636820646562756720756172742081
:10D4E000746F206A6C696E6B005F5F636D645F646C
:10D4F000626775617274326A6C696E6B00466F7236
:10D50000636520617373657274005F5F636D645F50
:10D5100061737365727400425420545820706F77A1
:10D5200065722061646A757374005F5F636D645F28
:10D530007077725F6374726C0052656769737465AB
:10D54000722072656164202F207772697465005FB4
:10D550005F636D645F7265676F700072745F6170A6
:10D56000706C69636174696F6E5F696E6974007273
:10D57000745F6465766963655F7365745F72785F15
:10D58000696E6469636174650072745F646576696D
:10D5900063655F636F6E74726F6C0072745F646555
:10D5A000766963655F77726974650072745F64653C
:10D5B000766963655F726561640072745F64657645
:10D5C0006963655F636C6F73650072745F64657631
:10D5D0006963655F6F70656E0072745F646576691C
:10D5E00063655F696E69740072745F646576696310
:10D5F000655F66696E640072745F64657669636511
:10D600005F756E72656769737465720072745F74BA
:10D6100068726561645F69646C655F657863757481
:10D62000650072745F6D757465785F72656C6561B5
:10D6300073650072745F6D757465785F74616B6596
:10D640000072745F6D757465785F696E69740072DD
:10D65000745F73656D5F636F6E74726F6C0072746C
:10D660005F73656D5F72656C656173650072745F91
:10D6700073656D5F74616B650072745F73656D5F78
:10D680006372656174650072745F73656D5F696E66
:10D6900069740072745F696E746572727570745F1C
:10D6A0006C65617665003031323334353637383960
:10D6B0006162636465660030313233343536373841
:10D6C0003941424344454600000001000200010088
:10D6D000030001000200010004000100020001003B
:10D6E000030001000200010005000100020001002A
:10D6F000030001000200010004000100020001001B
:10D700000300010002000100060001000200010008
:10D7100003000100020001000400010002000100FA
:10D7200003000100020001000500010002000100E9
:10D7300003000100020001000400010002000100DA
:10D7400003000100020001000700010002000100C7
:10D7500003000100020001000400010002000100BA
:10D7600003000100020001000500010002000100A9
:10D77000030001000200010004000100020001009A
:10D780000300010002000100060001000200010088
:10D79000030001000200010004000100020001007A
:10D7A0000300010002000100050001000200010069
:10D7B000030001000200010004000100020001005A
:10D7C000030001000200010072745F66726565006B
:10D7D000706C75675F686F6C65730072745F7265FB
:10D7E000616C6C6F630072745F6D616C6C6F630071
:10D7F000696E69745F686561705F656E64007274FC
:10D800005F73797374656D5F686561705F696E6978
:10D8100074006C697374206D656D6F727920757317
:10D8200061676520696E666F726D6174696F6E0005
:10D830005F5F636D645F6C6973745F6D656D0072CB
:10D84000745F6F626A6563745F6765745F74797033
:10D85000650072745F6F626A6563745F69735F739A
:10D86000797374656D6F626A6563740072745F6F5B
:10D87000626A6563745F64656C6574650072745F89
:10D880006F626A6563745F616C6C6F63617465007D
:10D8900072745F6F626A6563745F64657461636804
:10D8A0000072745F6F626A6563745F696E697400A9
:10D8B00072745F7363686564756C655F72656D6FC4
:10D8C00076655F7468726561640072745F73636823
:10D8D0006564756C655F696E736572745F74687298
:10D8E000656164005F72745F7363686564756C651D
:10D8F000725F737461636B5F636865636B007274FE
:10D900005F7468726561645F74696D656F757400DA
:10D9100072745F7468726561645F726573756D655A
:10D920000072745F7468726561645F7375737065AB
:10D930006E640072745F7468726561645F636F6EB9
:10D9400074726F6C0072745F7468726561645F7387
:10D950006C6565700072745F7468726561645F64A1
:10D96000656C6574650072745F7468726561645F8C
:10D9700073746172747570005F72745F746872653D
:10D9800061645F696E69740072745F746872656166
:10D99000645F696E69740072745F74696D65725F4B
:10D9A000636F6E74726F6C0072745F74696D657210
:10D9B0005F73746F700072745F74696D65725F730A
:10D9C000746172740072745F74696D65725F64650E
:10D9D000746163680072745F74696D65725F696E0B
:10D9E0006974006466735F6E6F726D616C697A65ED
:10D9F0005F706174680066645F707574006466735C
:10DA00005F6C6F636B006C6973742066696C652072
:10DA100064657363726970746F72005F5F636D64D5
:10DA20005F6C6973745F666400636F707920666908
:10DA30006C65206F722064697200636F707900708A
:10DA400072696E742066696C65006361740072654A
:10DA50006D6F76652066696C6573206F72206469EE
:10DA6000726563746F7269657300726D006C6973BF
:10DA700074206469726563746F727920636F6E7469
:10DA8000656E7473006C73006466735F66696C65C1
:10DA900073797374656D5F6C6F6F6B75700067651C
:10DAA00074206469736B2066726565006466006D3E
:10DAB000616B6520612066696C652073797374659C
:10DAC0006D006D6B66730000837B0512867B05120B
:10DAD000897B05126F70656E006368616E676520F3
:10DAE00063757272656E7420776F726B696E6720F2
:10DAF0006469726563746F72790063640063726550
:10DB00006174652061206469726563746F72790065
:10DB10006D6B646972006466735F646576696365E2
:10DB20005F66735F67657464656E747300646673C3
:10DB30005F6465766963655F66735F6F70656E00CD
:10DB40006466735F6465766963655F66735F636C63
:10DB50006F7365006466735F6465766963655F66AD
:10DB6000735F7772697465006466735F6465766974
:10DB700063655F66735F72656164006466735F64AA
:10DB800065766963655F66735F696F63746C0000D7
:10DB90003778051200000000B8DB0512E5B5031266
:10DBA0000000000000000000000000000000000075
:10DBB0000DB703120000000071B70312B1B60312D3
:10DBC000EDB5031229B603126DB603120000000072
:10DBD0000000000041B80312E9B5031266696E73D4
:10DBE000685F7365745F70726F6D70745F6D6F6482
:10DBF000650064756D6D79207661726961626C652E
:10DC000020666F722066696E73680064756D6D7949
:10DC1000006C69737420616C6C2073796D626F6C39
:10DC200020696E2073797374656D006C697374007C
:10DC30006C6973742064657669636520696E20730E
:10DC4000797374656D005F5F636D645F6C69737495
:10DC50005F646576696365006C69737420646576DA
:10DC600069636520696E2073797374656D006C69F2
:10DC700073745F646576696365006C69737420749E
:10DC8000696D657220696E2073797374656D005FCC
:10DC90005F636D645F6C6973745F74696D65720056
:10DCA0006C6973742074696D657220696E20737974
:10DCB0007374656D006C6973745F74696D6572006F
:10DCC0006C697374206D656D6F727920706F6F6C05
:10DCD00020696E2073797374656D005F5F636D6496
:10DCE0005F6C6973745F6D656D706F6F6C006C69EC
:10DCF0007374206D656D6F727920706F6F6C206921
:10DD00006E2073797374656D006C6973745F6D65F3
:10DD10006D706F6F6C006C697374206D65737361E7
:10DD2000676520717565756520696E2073797374F8
:10DD3000656D005F5F636D645F6C6973745F6D73C5
:10DD4000677175657565006C697374206D657373B3
:10DD500061676520717565756520696E20737973DB
:10DD600074656D006C6973745F6D7367717565754B
:10DD700065006C697374206D61696C20626F782036
:10DD8000696E2073797374656D005F5F636D645FA6
:10DD90006C6973745F6D61696C626F78006C697334
:10DDA00074206D61696C20626F7820696E207379D0
:10DDB0007374656D006C6973745F6D61696C626F1B
:10DDC00078006C697374206D7574657820696E20B5
:10DDD00073797374656D005F5F636D645F6C697305
:10DDE000745F6D75746578006C697374206D7574FB
:10DDF000657820696E2073797374656D006C697342
:10DE0000745F6D75746578006C69737420657665F0
:10DE10006E7420696E2073797374656D005F5F6343
:10DE20006D645F6C6973745F6576656E74006C69B0
:10DE30007374206576656E7420696E2073797374CF
:10DE4000656D006C6973745F6576656E74006C69EE
:10DE500073742073656D6170686F726520696E20E0
:10DE600073797374656D005F5F636D645F6C697374
:10DE7000745F73656D006C6973742073656D617098
:10DE8000686F726520696E2073797374656D006CBC
:10DE90006973745F73656D006C6973742074687264
:10DEA000656164005F5F636D645F6C6973745F7468
:10DEB0006872656164006C6973742074687265616E
:10DEC00064006C6973745F74687265616400736880
:10DED0006F77205254202D2054687265616420763B
:10DEE000657273696F6E20696E666F726D617469B9
:10DEF0006F6E005F5F636D645F76657273696F6EEE
:10DF00000073686F77205254202D20546872656129
:10DF1000642076657273696F6E20696E666F726DCC
:10DF20006174696F6E0076657273696F6E007361FC
:10DF3000792068656C6C6F20776F726C640068651F
:10DF40006C6C6F00F48005120581051212810512B8
:10DF5000248105122F8105123A8105123E81051296
:10DF60004B8105125A8105126281051273810512D7
:10DF70008081051288810512938105129C8105120A
:10DF8000AD810512B2810512C0810512CD81051245
:10DF9000E2810512F08105128A7C05125254202D6F
:10DFA00020546872656164207368656C6C206865D4
:10DFB0006C702E005F5F636D645F68656C7000431A
:10DFC00068616E6765204D5348202F2046494E53A7
:10DFD0004820636F6E736F6C652064657669636556
:10DFE0002E005F5F636D645F636F6E736F6C6500BF
:10DFF000757365206D6F64756C65207368656C6CF6
:10E00000006D73680072657475726E20746F2052B3
:10E0100054202D20546872656164207368656C6CAF
:10E02000206D6F64652E005F5F636D645F65786966
:10E03000740053686F7720746865206D656D6F722A
:10E040007920757361676520696E20746865207337
:10E05000797374656D2E005F5F636D645F667265D2
:10E0600065004578656375746520636F6D6D616EDD
:10E070006420776974682074696D652E005F5F6342
:10E080006D645F74696D65004C69737420746872A7
:10E090006561647320696E20746865207379737498
:10E0A000656D2E005F5F636D645F7073006563680C
:10E0B0006F20737472696E6720746F2066696C6577
:10E0C000005F5F636D645F6563686F006469736BB5
:10E0D0002066726565005F5F636D645F6466006DF6
:10E0E0006F756E742064657669636520746F206651
:10E0F000696C652073797374656D005F5F636D642F
:10E100005F6D6F756E74667300666F726D617420FB
:10E110006469736B20776974682066696C65207325
:10E12000797374656D005F5F636D645F6D6B6673BB
:10E1300000437265617465207468652044495245E6
:10E1400043544F52592E005F5F636D645F6D6B6483
:10E150006972005072696E7420746865206E616D1A
:10E1600065206F66207468652063757272656E74D1
:10E1700020776F726B696E67206469726563746F74
:10E1800072792E005F5F636D645F7077640043682F
:10E19000616E676520746865207368656C6C2077B4
:10E1A0006F726B696E67206469726563746F7279F0
:10E1B0002E005F5F636D645F63640052656D6F7610
:10E1C0006528756E6C696E6B2920746865204649F8
:10E1D0004C452873292E005F5F636D645F726D008C
:10E1E000436F6E636174656E6174652046494C458A
:10E1F000287329005F5F636D645F6361740052651B
:10E200006E616D6520534F5552434520746F204415
:10E210004553542E005F5F636D645F6D7600436FFE
:10E22000707920534F5552434520746F2044455315
:10E23000542E005F5F636D645F6370004C6973749C
:10E2400020696E666F726D6174696F6E2061626FB6
:10E250007574207468652046494C45732E005F5FD5
:10E26000636D645F6C730000918405129A840512DB
:10E27000A8840512B6840512C3840512D28405123F
:10E28000E4840512F0840512018505120E8505123D
:10E29000218505122E8505123C8505125085051233
:10E2A0005F85051249DD03124DDD03126DDD03129A
:10E2B0008DDD0312A9DD0312C9DD0312E9DD0312AE
:10E2C00005DE031225DE031245DE031261DE0312B2
:10E2D00089DE0312B1DE0312D5DE0312F5DE03126E
:10E2E00015DF031231DF031251DF031271DF031256
:10E2F0008DDF0312ADDF0312CDDF0312E9DF03125E
:10E3000009E0031229E0031245E0031259E0031269
:10E310006DE0031281E00312A1E00312C1E00312D9
:10E32000DDE00312FDE003121DE1031239E10312E7
:10E330005DE1031281E10312A5E10312DDE10312A5
:10E340001DE2031255E2031271E203128DE2031281
:10E35000A5E20312B5E20312C9E1031205E20312BA
:10E3600041E20312000000000505020808020B0B41
:10E37000020E0E0069850512140000006E8505125C
:10E38000150000007385051216000000798505123E
:10E39000170000007D850512180000008285051217
:10E3A00019000000C86105121E0000008B850512CF
:10E3B0001E00000067657474696D656F666461793D
:10E3C000000000001F003B005A0078009700B500D5
:10E3D000D400F300110130014E016D0100003C0238
:10E3E0007804B306EE08280B610D990FD0110614BE
:10E3F0003A166C189D1ACB1CF71E212148236C2558
:10E400008E27AC29C72BDF2DF32F0332103418369B
:10E410001D381C3A183C0E3E0040EC41D443B74531
:10E4200094476B493D4B084DCE4E8D504752FA53A1
:10E43000A6554C57EA58825A135C9D5D1F5F9A603F
:10E440000D627A63DE643A668E67DA681E6A5A6B1A
:10E450008D6CB76DDA6EF46F04710C720C7302740C
:10E46000EF74D375AE76807747780679BC79687A91
:10E470000B7BA37B327CB87C337DA57D0E7E6D7ECD
:10E48000C17E0C7F4C7F837FB07FD37FEC7FFB7F8F
:10E49000FF7F0000C9340412F50F04126524041232
:10E4A0000000000000000000C10904129D130412C6
:10E4B00099380412010A0412C50F041261220412D1
:10E4C0000000000000000000C10904129D130412A6
:10E4D00099380412013404128D0F0412912A041287
:10E4E000000000000000000049090412ED3D041284
:10E4F000213A0412C50C04125D0F0412DD28041227
:10E50000000000000000000049090412ED3D041263
:10E51000213A0412C9330412310F0412C135041216
:10E520000000000000000000EB080412693704122C
:10E530006F3A0412510C04120D0F0412013504122B
:10E540000000000000000000EB080412693704120C
:10E550006F3A041291330412D90E0412A921041245
:10E5600000000000000000007D0804123138041291
:10E57000C53A0412E10B0412AD0E0412E920041294
:10E5800000000000000000007D0804123138041271
:10E59000C53A041259330412890E04123D200412A4
:10E5A00000000000000000004D0804120000000000
:10E5B000233B0412A10B041235080412891F041214
:10E5C00000000000000000004D08041200000000E0
:10E5D000233B0412992E04121D0E04123D1D041239
:10E5E0000000000000000000212D0412F5190412A3
:10E5F0006D1B0412452D0412BD0D0412BD1704122B
:10E600000000000000000000FF2C04125911041249
:10E61000B115041281300412590D04129926041206
:10E62000713B0412CD090412DD2C0412C131041215
:10E63000BD3C041258EC0512E8E6051248E6051246
:10E64000030000000F0C000040000000200000004C
:10E650000000000000000000610000001D0020001C
:10E6600000000000000000000000000000003D006D
:10E6700078E6051237000100210023002400250060
:10E680002600280029002A002B002C002E002F0035
:10E6900030003100320033003400350036003700DE
:10E6A000380039003D009321004E094E8C4E3C50FD
:10E6B0001752A852DB56FE56145C035E395F625F48
:10E6C0006F6087656E662C674B6D886DDA6E146FB0
:10E6D000477235753A79977A6888D58B1A907F9505
:10E6E000EA95629775980000000000000800F7099D
:10E6F00009000000120000000900F6090A000000ED
:10E70000240000000800F7080900000034000000A1
:10E710000800F6080A000000440000000800F7089E
:10E7200009000000540000000700F6080A0000007D
:10E73000640000000800F6080A00000074000000F1
:10E740000800F6080A000000840000000900F7082D
:10E7500009000000940000000600F7050900000011
:10E760009E0000000800F70809000000AE0000004D
:10E770000800F70809000000BE0000000700F707C6
:10E7800009000000CC0000000800F70809000000A4
:10E79000DC0000000700F70709000000EA000000A5
:10E7A0000800F70809000000FA0000000700F7075A
:10E7B00009000000080100000800F7080A00000036
:10E7C000180100000700F7070900000026010000FB
:10E7D0000700F70709000000340100000700F707F1
:10E7E00009000000420100000800F70809000000CD
:10E7F000520100000800F709090000006401000050
:10E800000A00F70A09000000780100000800F70874
:10E8100009000000880100000800F7080900000056
:10E82000980100000700F70709000000A60100009A
:10E830000400F5040D000000AE0100000500F6071D
:10E840000D000000BC0100000400F5040D000000F4
:10E85000C40100000701F4050F000000CE01000014
:10E8600005FF000702000000D50100000700F907BE
:10E8700007000000DC0100000700F70709000000A6
:10E88000EA0100000700F90707000000F10100009D
:10E890000700F6070A000000FF0100000700F90763
:10E8A00007000000060200000600F706090000004D
:10E8B000120200000700F907090000002002000012
:10E8C0000700F707090000002E0200000400F7040B
:10E8D00009000000360200000400F7040B000000ED
:10E8E0003E0200000700F707090000004C0200008C
:10E8F0000400F70409000000540200000A00F90AAD
:10E90000070000005E0200000700F9070700000092
:10E91000650200000700F907070000006C02000014
:10E920000700F9070A0000007A0200000700F90852
:10E930000A0000008A0200000600F9060700000035
:10E94000900200000600F906070000009602000091
:10E950000600F80609000000A20200000700F907FF
:10E9600007000000A90200000800F90807000000E5
:10E97000B10200000A00F90A07000000BB02000013
:10E980000700F90807000000C30200000800F908AA
:10E9900009000000D30200000600F906070000008D
:10E9A000D90200000500F5050D000000E30200009B
:10E9B0000701F4050F000000ED0200000500F50559
:10E9C0000D000000F70200000701F4050F00000031
:10E9D000010300000A00F6090A000000130300000A
:10E9E0000800F6090C000000250300000701F405EB
:10E9F0000F0000002F0300000800F7090A000000C4
:10EA0000410300000500F5050D0000004B03000068
:10EA10000500F5040D000000530300000500F60595
:10EA200005000000580300000801F8060700000078
:10EA30005E0300000501FF02030000006003000008
:10EA40000300FE0302000000630300000700F60756
:10EA50000D000000710300000800F6080A00000025
:10EA6000810300000600F6060A0000008D03000086
:10EA70000800F6080A0000009D0300000800F608E0
:10EA80000A000000AD0300000800F6080A000000BC
:10EA9000BD0300000800F6070A000000CB030000D9
:10EAA0000800F6080A000000DB0300000800F60872
:10EAB0000A000000EB0300000800F6080A0000004E
:10EAC000FB0300000800F6080A0000000B04000029
:10EAD0000801F90606000000110400000701F40512
:10EAE0000F0000001B0400000D01FA0B03000000E2
:10EAF000260400000E01F60C0B0000003E0400008E
:10EB00000E00F60D0A000000580400000E01F50C7E
:10EB10000C000000700400000E01F50C0D00000058
:10EB2000880400000E01F50C0D000000A004000098
:10EB30000E02F60A0B000000B40400000E01F50BF3
:10EB40000D000000CA0400000E01F50B0D000000CE
:10EB5000E00400000E01F50B0D000000F6040000BB
:10EB60000E01F50B0D0000000C0500000E01F50B69
:10EB70000D000000220500000E01F50C0D00000044
:10EB80003A0500000B00F50B0D00000050050000D9
:10EB90000E02F50A0D000000640500000E01F50CE0
:10EBA0000D0000007C0500000E01F50C0C000000BB
:10EBB000940500000E02F50A0C000000A8050000F4
:10EBC0000E01F50C0D000000C00500000E01F50C53
:10EBD0000D000000D80500000E02F50B0D0000002E
:10EBE000EE0500000E02F50A0D000000020600000E
:10EBF0000E01F50B0D000000180600000E01F50BCC
:10EC00000D0000002E0600000E01F50C0D000000A6
:10EC1000460600000E01F50C0D0000005E06000027
:10EC20000E01F60B0C000000740600000E01F50B3F
:10EC30000D0000008A0600000E02F50A0D0000001B
:10EC40009E0600000E01F50B0C000000B40600004B
:10EC50000E02F50A0D00000038C4B2794D795A66EB
:10EC6000380000010101010100000080F0FEC6DE55
:10EC7000F08000020301000000010302FFFF9393F4
:10EC8000939FEE40010101010101000070FC8E061E
:10EC900002068C880000010303030100FFFF838349
:10ECA00083C67E380101010101000000FEFE362608
:10ECB000263606000303030303030300FEFE262695
:10ECC00026362600030300000000000070F88C06C2
:10ECD0000626ECE0000001030303010300FFFE1021
:10ECE0001010FFFF00010100000001010103FFFF00
:10ECF00001010101010140C0808183FF0301000087
:10ED0000010101000000FFFF183C76C381000101F2
:10ED100000000000010100FF8080808000010101EF
:10ED20000101010100FF0E1C380EFFFF0101000070
:10ED300000000101FFFF0E3870FFFF01010000001D
:10ED400001017CFE83838383FE7C000001010101BD
:10ED50000000FEFF3333331E0C01010000000000F1
:10ED60007CFE8783C3C7FE3C000001010101010155
:10ED7000FEFF3333F3DE0C0101000000010184CEFD
:10ED80009B93B3F76200010101010000030303FF3D
:10ED9000030303000000010000007EFF808080FE6E
:10EDA000FF000000010101010000000F7CF0C0F82D
:10EDB0003F0300000000010100000000001FFCC034
:10EDC000F0F0C0FC1F000000010100000101000084
:10EDD0000083EE7C38EEC701010100000000010154
:10EDE00000070EF8F80E0700000000010100000007
:10EDF00082C3E3BB9F8F8301010101010101FEFE7C
:10EE00000600070F0C0002071CE080000000000055
:10EE100000030C000206FE00080C0F00FEF701BF05
:10EE2000FE3F3A263A3F0000000000000030767AAC
:10EE30004A7E7E4001FFFF8888F8F0010101010150
:10EE40000100183E6642622600C0F0301032FE001B
:10EE5000000103020303031C3E7E4A6A6E00080C95
:10EE6000FE0F0B000000010000001CBEA222BEFE2F
:10EE7000020001010101000001FFFF0808F8F00095
:10EE800001010000010108FAFA0001010101000876
:10EE9000FAFA0006070101FFFF70D888000101019E
:10EEA0000000010100FFFF0001010101007E7E0260
:10EEB0007E7E06027E00007E7E02027E7C1C3E6616
:10EEC00062663E1800FEFE62627E3C0001010000A8
:10EED0000000183E666266FEFE00000000000001B1
:10EEE0000100407E7E060202206E5A5A7E30000CDF
:10EEF000FE8C8C000000000101001E3E60607E7EE2
:10EF00004000063E70781E0600000E7C701E1E70CB
:10EF10007C1E0240627E1C3C664200029EBE20A017
:10EF2000FE7E00000101010100000042727A5E468F
:10EF30006240E0BE020000000F0800FEF701BFFEC5
:10EF40003F3A263A3F0202BE600008080F0000FE6A
:10EF5000F701BFFE3F3A263A3F00C8E8FFCFE8FF7F
:10EF60004F080000030000030000000098BC36FFBB
:10EF7000666ECC00000103030703030100FEF701E6
:10EF8000BFFE3F3A263A3F00E0BE1B7BE6E0300082
:10EF900000000101010001010000F89E06000003CD
:10EFA000070C000206FCF8080C0701000E0F0E0209
:10EFB00018187E7E18180703000200000080701CDD
:10EFC00003000C0F030000000000FCFE0602FEFC24
:10EFD0000000010303030301000004FEFE00000023
:10EFE00003030303000084C6E2723E1C0000030317
:10EFF00003030303000086063236FEDC0000010333
:10F00000030303010000E0F0DCCEFEC000000000BE
:10F01000000303030000BE3E3232E2E200010303BC
:10F0200003030100FCFE3232F6E400000103030397
:10F03000030100000606C2F23E0E000000030300BA
:10F0400000000000DCFE3232FEDC0000010303039E
:10F05000030100009CBE2222FEFC0000010303030A
:10F06000030100121212121212FEF701BFFE3F3A04
:10F07000263A3F02020202020202020202020002D9
:10F080002222222222222222020000020202020264
:10F0900002020202020200808286868686868686B8
:10F0A00086808000010101010101010101010101CE
:10F0B00020F8FE00F4F4DEDED4F4E400000F0F08C4
:10F0C0000F0F0A0A0A0F0F080086E6FE96F672F87E
:10F0D000FCFCFE000000080C07010001090D0F00F8
:10F0E0000024E6E626360CFEFE0CFC0000060704B3
:10F0F000070E0E07010C0700FEFE827E1EFEFE823A
:10F10000FEFE0307040404040404070300FE06D201
:10F110005AFA7A5A82FEFE000F0C08080B0E0A08F3
:10F120000F1F00309CCF06F4F404D41C0C0006071B
:10F1300000081F0F0001070600C4E4FC7E67F464AA
:10F1400064E4040000000700000F0006030000F262
:10F15000DE9E00FFFEFCFEFF00000C0C0702020218
:10F160000F0202020062FE66FEFE02D86C773000DB
:10F170000C07000F0F080C0603010000FCFCAEAEEC
:10F18000AEACFCFC0000000602060E080B080C02E8
:10F190000600000C1C7CCC8ECC7C3C0C0000080CC7
:10F1A00006070303060C0800247CF6FEE4FCFEFCC4
:10F1B0006C20000F0F0A0A0A0A0F0000000888C816
:10F1C00078FEFE78C808080000030103020F0F0252
:10F1D000030303000032A484FEFAFEFEFCFCFE00E2
:10F1E000000E030806030704010D0F0012B6A4F079
:10F1F000F4505E50F600060F01070F01010D0F00DD
:10F200000036AC145CECF6C66C5C1400080F03020C
:10F21000030F0D05030F0D000032A604ECE4FEFE03
:10F22000BCE4CE00000E0F000B0F0703060F090011
:10F230000002FE9090909E9E101800080F030000A0
:10F2400000000F0E0000F8FC2CECFEAC2CF80000C7
:10F25000010101010F0D09090C060030B6B636F6A2
:10F26000F636B6323000060301080F070001070426
:10F27000001CFC3CACF6A6AC6CFC0E00000F0C0FA6
:10F280000F0B0F0C0F00006474F4F4FEFE3C3CBC4A
:10F29000240000020B0F0D040503070D08000032C7
:10F2A000F60048C848FEFE0A0C0000040F060C07D2
:10F2B00006010F0C0E000011F700F9F9FFFDEFFB3E
:10F2C000F80006030205050405040504004060FE7D
:10F2D0004050D84C4640600000000F0C040102066C
:10F2E0000C08F8FA0680F2C28202FEFE0F0F03013C
:10F2F0000000010B0F0700F6F616F65EFEF616F696
:10F3000002000F0F0C0F0D0F0F0C0F0002F21A1A54
:10F31000DEDE1AFAF202080D0406030306070D08E2
:10F3200020000000200000002CF30512FFFFFF1F4B
:10F330001F1F0F0F1F1F1F0F0F1FFFFFFFFFFFFFDD
:10F34000FFFFFFFFFFFFFFFFFFFFFFFFFFFFFF00CC
:10F3500000000000000000000000000000000000AD
:10F36000000000000000000000FFFFFFFFFFFF00A3
:10F37000000000000000000000000000000000008D
:10F38000000000000000000000FFFFFFFFFFFFF88B
:10F39000F8F8F8F8F8F8F8F8F8F8F8F8F8F8F8F8ED
:10F3A000F8F8F8F8F8F8F8F8F8FFFFFF2000000088
:10F3B00020000000B8F30512FFFFFFFFFFFFFFFF73
:10F3C000FFFFFFFFFFFFFFFFFFFFFFFFFFFFFF7FCD
:10F3D0007F7F7FFFFFFFFFFFFFFFFFFFFFFFFFFFBD
:10F3E0001F0F0707071F3F7F7FFFFFFFFFE1C08061
:10F3F00080C0E0F0FFFFFFFFFFFFFFFFFF1F0F01D7
:10F4000000000000000000000000011F1F7FFFFF40
:10F41000FFFFFFFFFFFFFFFFFFFFFFFFFFFEFEFEFF
:10F42000FEFEFEFEFEFEFEFEFEFEFEFEFEFEFFFFFA
:10F43000FFFFFFFFFFFFFFFF200000002000000094
:10F4400044F40512FFFF7F7F0FEFEFE3E8E3EFEFF8
:10F45000E3E8E3EFEFE3E8E3EFEF636863EFEF0F79
:10F460007F7FFFFFDEDE8CAD00FFFFFFFFFFFFFFB2
:10F47000FFFFFFFFFFFFFFFFFFFFFCFDFCFFFF00A3
:10F48000AD8CDEDE7B7B31B500FFFFFFFFFFFFFFB2
:10F49000FFFFFFFFFFFFFFFFFFFFFFFFFFFFFF007B
:10F4A000B5317B7BFFFFFEFEF0F7F7C717C7F7F715
:10F4B000C717C7F7F7C717C7F7F7C717C7F7F7F0A3
:10F4C000FEFEFFFF0800000010000000D0F405124F
:10F4D000FF3F0F013F3F3F3FFCFCFCFC80E0FCFF97
:10F4E0002000000020000000ECF40512FFFFFFFFE9
:10F4F000FFFFFFC7870F0F1F1F1F030101031F1F00
:10F500001F0F0F87C7FFFFFFFFFFFFFFFFFFFFFF7B
:10F51000EFC7C783010000003C7EFFFFFFFF7E3C7A
:10F520000000008183C7C7EFFFFFFFFFFF7F7F7FE2
:10F53000FFFFCFC7E1E0F0F0F0F080000080F0F0D6
:10F54000F0F0E0E1C7CFFFFF7F7F7FFFFFC0C0C0CB
:10F55000CFCFCFCFCFCFCFCFCFCFCFCFCFCFCFCFBB
:10F56000CFCFCFCFCFCFCFCFC0C0C0FF20000000C4
:10F570002000000078F5051200000000FE0202FAEB
:10F580000A0A0A0A0A0A0A0A0A0A0A0AFA5222FE97
:10F590000000000000000000000000807F40405F8D
:10F5A0005050505050505050505050505F40407F3D
:10F5B0004080808080000000007F7F4041405D559A
:10F5C0005555545C40405E4256425E405E42525643
:10F5D00052425E407F10E000000000003C524A436F
:10F5E0007B5B525A4A7A5A5A527A5B737653675205
:10F5F00046321E180403010ECCF605121D00000051
:10F6000008F60512310000000000010000000200B1
:10F6100000000300000004000100030003000200DA
:10F6200002000400040001000500070007000600B6
:10F63000060008000800050009000B000B000A0086
:10F640000A000C000C0009000D000F000F000E0056
:10F650000E00100010000D0001000500050009005B
:10F6600009000D000200060006000A000A000E0054
:10F670000300070007000B000B000F000400080048
:10F6800008000C000C0010000D0011000E0011000D
:10F690000D0012000E0012001100130012001300E2
:10F6A00014001600150016001400150017001800AD
:10F6B0000500170019001A00060019001B000100C0
:10F6C0001B0003001C0002001C00030000000000DF
:10F6D0000C000000FEFFFFFFFEFFFFFF0A0000001E
:10F6E000FEFFFFFF020000000A000000FEFFFFFF18
:10F6F000000000000A000000000000000000000000
:10F700000A000000FCFFFFFFFCFFFFFF06000000F7
:10F71000FEFFFFFF0400000006000000FEFFFFFFE9
:10F7200000000000060000000100000000000000D2
:10F7300006000000FBFFFFFFFDFFFFFFFEFFFFFFD6
:10F74000FEFFFFFF03000000FEFFFFFFFEFFFFFFC5
:10F7500000000000FEFFFFFF0000000000000000AE
:10F76000FEFFFFFFFCFFFFFFFFFFFFFFFAFFFFFFB2
:10F77000FEFFFFFF01000000FAFFFFFFFEFFFFFF9B
:10F7800000000000FAFFFFFFFFFFFFFF0000000086
:10F79000FAFFFFFFFDFFFFFFFFFFFFFFF6FFFFFF89
:10F7A00001000000FFFFFFFFF6FFFFFFFBFFFFFF71
:10F7B00002000000F4FFFFFFFEFFFFFF000000005B
:10F7C0000400000001000000000000000000000034
:10F7D0000100000000000000020000000500000021
:10F7E0000400000004000000FEFFFFFF080000000E
:10F7F00002000000FDFFFFFFFCFFFFFF0400000010
:10F80000FEFFFFFFF8FFFFFF02000000FDFFFFFF0C
:10F81000FEFFFFFF09000000FFFFFFFF02000000E6
:10F8200009000000FFFFFFFFF8F8051219000000B3
:10F8300038F805123000000000000100010002004D
:10F840000200030003000400040005000500060098
:10F8500006000700070008000800090009000A0068
:10F860000A000B000B0000000C000D000D000E0044
:10F870000E000F000F001000100011001100120008
:10F8800012001300130014001400150015001600D8
:10F890001600170017000C0000000C0001000D00FE
:10F8A00002000E0003000F0004001000050011000C
:10F8B00006001200070013000800140009001500DC
:10F8C0000A0016000B0017001800000018000100C5
:10F8D00018000200180003001800040018000500BA
:10F8E000180006001800070018000800180009009A
:10F8F00018000A0018000B000A00000000000000B9
:10F9000002000000090000000500000002000000E5
:10F9100005000000090000000200000000000000D7
:10F920000A00000002000000FBFFFFFF09000000CA
:10F9300002000000F7FFFFFF0500000002000000CA
:10F94000F6FFFFFF0000000002000000F7FFFFFFCE
:10F95000FBFFFFFF02000000FBFFFFFFF7FFFFFFC1
:10F960000200000000000000F6FFFFFF02000000A0
:10F9700005000000F7FFFFFF020000000900000083
:10F98000FBFFFFFF020000000A0000000000000073
:10F99000F6FFFFFF0900000005000000F6FFFFFF73
:10F9A0000500000009000000F6FFFFFF0000000056
:10F9B0000A000000F6FFFFFFFBFFFFFF0900000049
:10F9C000F6FFFFFFF7FFFFFF05000000F6FFFFFF58
:10F9D000F6FFFFFF00000000F6FFFFFFF7FFFFFF4D
:10F9E000FBFFFFFFF6FFFFFFFBFFFFFFF7FFFFFF40
:10F9F000F6FFFFFF00000000F6FFFFFFF6FFFFFF2E
:10FA000005000000F7FFFFFFF6FFFFFF0900000001
:10FA1000FBFFFFFFF6FFFFFF0000000000000000FB
:10FA20000A000000D4FA05121900000034FA051289
:10FA30002800000000000100010002000200030095
:10FA40000300000004000500050006000600070092
:10FA50000700040000000400010005000200060089
:10FA60000300070008000400080005000800060065
:10FA70000800070009000A000A000B000B000C0038
:10FA80000C0009000D000E000E000F000F0010000A
:10FA900010000D0009000D000A000E000B000F0001
:10FAA0000C001000110012001200130013001400CB
:10FAB000140011001500160016001700170018009A
:10FAC0001800150011001500120016001300170091
:10FAD00014001800F6FFFFFFFAFFFFFFF8FFFFFF1B
:10FAE00002000000FAFFFFFFF8FFFFFF0200000026
:10FAF00006000000F8FFFFFFF6FFFFFF0600000012
:10FB0000F8FFFFFFF6FFFFFFFAFFFFFF0000000016
:10FB100002000000FAFFFFFF0000000002000000EA
:10FB20000600000000000000F6FFFFFF06000000D6
:10FB300000000000FCFFFFFF0000000006000000C6
:10FB400002000000FCFFFFFFF8FFFFFF0A000000BB
:10FB5000FCFFFFFFF8FFFFFF0A00000004000000A9
:10FB6000F8FFFFFF0200000004000000F8FFFFFFA5
:10FB700002000000FCFFFFFFFEFFFFFF0A00000085
:10FB8000FCFFFFFFFEFFFFFF0A0000000400000073
:10FB9000FEFFFFFF0200000004000000FEFFFFFF69
:10FBA000FAFFFFFF0200000000000000FEFFFFFF61
:10FBB0000200000000000000FEFFFFFF0600000042
:10FBC00000000000FAFFFFFF060000000000000038
:10FBD000FAFFFFFF0200000008000000FEFFFFFF29
:10FBE0000200000008000000FEFFFFFF060000000A
:10FBF00008000000FAFFFFFF0600000008000000F8
:10FC0000F0FC05121A00000010FC0512380000007C
:10FC100000000100010002000200030003000400D4
:10FC200004000500050006000600070007000000AC
:10FC30000800090009000A000A000B000B000C0074
:10FC40000C000D000D000E000E000F000F0008004C
:10FC50001000110011001200120013001300140014
:10FC600014001500150016001600170017001000EC
:10FC70001800000000000800080010001000190023
:10FC8000180001000100090009001100110019000D
:10FC90001800020002000A000A00120012001900F7
:10FCA0001800030003000B000B00130013001900E1
:10FCB0001800040004000C000C00140014001900CB
:10FCC0001800050005000D000D00150015001900B5
:10FCD0001800060006000E000E001600160019009F
:10FCE0001800070007000F000F0017001700190089
:10FCF00006000000000000000800000004000000F2
:10FD000004000000080000000000000006000000E1
:10FD100008000000FCFFFFFF0400000008000000D6
:10FD2000FAFFFFFF0000000008000000FCFFFFFFDB
:10FD3000FCFFFFFF0800000000000000FAFFFFFFCB
:10FD40000800000004000000FCFFFFFF08000000A6
:10FD50000A00000000000000000000000700000092
:10FD60000700000000000000000000000A00000082
:10FD700000000000F9FFFFFF070000000000000086
:10FD8000F6FFFFFF0000000000000000F9FFFFFF8A
:10FD9000F9FFFFFF0000000000000000F6FFFFFF7A
:10FDA0000000000007000000F9FFFFFF0000000056
:10FDB0000600000000000000F8FFFFFF0400000044
:10FDC00004000000F8FFFFFF000000000600000034
:10FDD000F8FFFFFFFCFFFFFF04000000F8FFFFFF3C
:10FDE000FAFFFFFF00000000F8FFFFFFFCFFFFFF2E
:10FDF000FCFFFFFFF8FFFFFF00000000FAFFFFFF1E
:10FE0000F8FFFFFF04000000FCFFFFFFF8FFFFFF0B
:10FE100000000000000000000A00000000000000D8
:10FE200000000000F6FFFFFF54FF0512290000004C
:10FE300038FE05124300000000000100010002002E
:10FE40000200030003000000040005000500060096
:10FE500006000700070004000800090009000A0066
:10FE60000A000B000B0008000C000D000D000E0036
:10FE70000E000F000F000C00100011001100120006
:10FE800012001300130010001400150015001600D6
:10FE90001600170017001400000004000100050000
:10FEA0000200060003000700040008000500090026
:10FEB00006000A0007000B0008000C0009000D00F6
:10FEC0000A000E000B000F000C0010000D001100C6
:10FED0000E0012000F001300100014001100150096
:10FEE000120016001300170018001200180013006B
:10FEF00018000E0019001000190013001A0011005C
:10FF00001A0012001B001C001C001D001B00080032
:10FF10001B000C001E001F001F0020001E00090017
:10FF20001E000D00210022002200230023002400D7
:10FF300024002200210000002100030025002600EB
:10FF400026002700270028002800260025000100A1
:10FF500025000200FEFFFFFFFFFFFFFFF8FFFFFF8E
:10FF600002000000FFFFFFFFF8FFFFFF020000009C
:10FF700001000000F8FFFFFFFEFFFFFF010000008F
:10FF8000F8FFFFFFFCFFFFFFFEFFFFFFFCFFFFFF8F
:10FF900004000000FEFFFFFFFCFFFFFF0400000065
:10FFA00003000000FCFFFFFFFCFFFFFF0300000059
:10FFB000FCFFFFFFFBFFFFFFFEFFFFFF0100000054
:10FFC00005000000FEFFFFFF01000000050000002B
:10FFD0000300000001000000FBFFFFFF0300000022
:10FFE00001000000FDFFFFFFFEFFFFFF0500000016
:10FFF00003000000FEFFFFFF0500000003000000FB
:020000041206E2
:100000000200000005000000FDFFFFFF02000000ED
:1000100005000000FDFFFFFFFEFFFFFF07000000DF
:1000200003000000FEFFFFFF0700000003000000C8
:100030000200000007000000FDFFFFFF02000000BB
:1000400007000000FEFFFFFFFEFFFFFF0A000000A9
:1000500002000000FEFFFFFF0A0000000200000097
:10006000010000000A000000FEFFFFFF0100000089
:100070000A0000000000000004000000080000006A
:10008000FEFFFFFF02000000080000000200000069
:100090000200000008000000FBFFFFFFFDFFFFFF64
:1000A00000000000F9FFFFFFFCFFFFFFFCFFFFFF68
:1000B000FAFFFFFFFDFFFFFFF9FFFFFF0500000054
:1000C000FDFFFFFF0000000007000000FCFFFFFF36
:1000D000FCFFFFFF06000000FDFFFFFFF9FFFFFF31
:1000E000FEFFFFFF01000000F8FFFFFFFDFFFFFF25
:1000F00002000000F6FFFFFFFFFFFFFF020000000D
:10010000F6FFFFFFFEFFFFFF03000000F6FFFFFF0B
:100110000200000001000000F8FFFFFF01000000E6
:1001200002000000F6FFFFFF0300000002000000D5
:10013000F6FFFFFF0200000003000000F6FFFFFFD4
:100140008001061208000000500106120C00000099
:100150000000010001000200020003000300000093
:100160000400050005000600060007000700040063
:100170000000040001000500020006000300070063
:10018000F6FFFFFFF6FFFFFFF6FFFFFF0A0000008C
:10019000F6FFFFFFF6FFFFFF0A0000000A00000065
:1001A000F6FFFFFFF6FFFFFF0A000000F6FFFFFF6C
:1001B000F6FFFFFFF6FFFFFF0A0000000A00000045
:1001C000F6FFFFFF0A0000000A0000000A0000001E
:1001D0000A000000F6FFFFFF0A0000000A0000000E
:1001E0000300000038D000205F617564696F5F64B0
:1001F00065765F696E6974005F617564696F5F64DD
:1002000065765F6F70656E005F617564696F5F64CE
:1002100065765F636C6F7365005F617564696F5FBE
:100220006465765F72656164005F617564696F5FC4
:100230006465765F7772697465005F617564696F84
:100240005F73656E645F7265706C61795F66726121
:100250006D65005F617564696F5F6465765F636F8C
:100260006E74726F6C0072745F617564696F5F7237
:10027000656769737465720072745F706970655F39
:10028000726561640072745F706970655F7772692E
:1002900074650072745F617564696F5F7069706521
:1002A0005F696E69740072745F6465766963655F27
:1002B000687774696D65725F72656769737465727A
:1002C0000072745F6465766963655F687774696DF1
:1002D00065725F6973720072745F6932635F6D612A
:1002E000737465725F726563760072745F693263FE
:1002F0005F636F6E74726F6C0072745F6932635FFC
:10030000636C6F73650072745F6932635F6F7065F1
:100310006E006932635F6275735F646576696365F9
:100320005F6F70656E006932635F6275735F6465ED
:10033000766963655F636C6F7365006932635F62E2
:1003400075735F6465766963655F72656164006992
:1003500032635F6275735F6465766963655F777248
:10036000697465006932635F6275735F646576699D
:1003700063655F636F6E74726F6C0072745F693275
:10038000635F6275735F6465766963655F646576F4
:100390006963655F696E69740072745F70696E5F2E
:1003A000726561640072745F70696E5F7772697400
:1003B000650072745F70696E5F6D6F646500757063
:1003C000646174655F70696E5F6972710072745FF9
:1003D00070696E5F6972715F656E61626C650072F3
:1003E000745F70696E5F6174746163685F69727174
:1003F000005F70696E5F726561640075706461743E
:10040000655F70696E5F76616C7565005F70696EBF
:100410005F7772697465006164645F70696E5F6DB7
:100420006F6465005F70696E5F636F6E74726F6C8E
:100430000072656164207374617475732066726FF5
:100440006D2068617264776172652070696E0070FA
:10045000696E526561640077726974652076616CBB
:10046000756520746F2068617264776172652070B1
:10047000696E0070696E57726974650073657420E7
:1004800068617264776172652070696E206D6F6457
:10049000650070696E4D6F64650072745F616463BE
:1004A0005F64697361626C650072745F6164635F4D
:1004B000656E61626C650072745F6164635F726532
:1004C0006164006164632066756E6374696F6E00B9
:1004D0005F5F636D645F616463006765742064617E
:1004E000746520616E642074696D65206F7220737D
:1004F0006574205B79656172206D6F6E746820642D
:10050000617920686F7572206D696E207365635D17
:10051000005F5F636D645F73686F775F64617465CC
:10052000007365742074696D652E20652E673A200E
:100530007365745F74696D652832332C2035392CEE
:1005400020353929007365745F74696D65007365C2
:100550007420646174652E20652E673A207365747B
:100560005F6461746528323031302C20322C2032A7
:100570003829007365745F646174650073686F7710
:10058000206461746520616E642074696D652E005D
:100590005F5F636D645F6C6973745F646174650051
:1005A00072745F646D615F726563765F75706461BC
:1005B00074655F7075745F696E6465780072745FEE
:1005C00068775F73657269616C5F697372007274DA
:1005D0005F73657269616C5F696E69740072745FE4
:1005E00073657269616C5F6F70656E0072745F73C2
:1005F000657269616C5F636C6F73650072745F64D0
:100600006D615F726563765F7570646174655F6765
:1006100065745F696E646578005F73657269616CAB
:100620005F646D615F7278005F73657269616C5FB2
:10063000696E745F72780072745F73657269616C61
:100640005F72656164005F73657269616C5F696E9A
:10065000745F74780072745F73657269616C5F7740
:1006600072697465005F73657269616C5F66696663
:100670006F5F63616C635F7265637665645F6C6511
:100680006E0072745F73657269616C5F636F6E7424
:10069000726F6C0073657269616C5F666F70735F17
:1006A0006F70656E0073657269616C5F666F707301
:1006B0005F706F6C6C0072745F68775F73657269EE
:1006C000616C5F726567697374657200F17504121D
:1006D000DB750412D575041297750412897504121E
:1006E00000000000000000000000000089740412F7
:1006F00072745F7370695F7472616E7366657200A5
:1007000072745F7370695F636F6E66696775726537
:10071000005F7370696465765F6465766963655FC1
:100720006F70656E005F7370696465765F6465768F
:100730006963655F636C6F7365005F73706964659F
:10074000765F6465766963655F72656164005F7397
:1007500070696465765F6465766963655F77726901
:1007600074650072745F7370696465765F64657642
:100770006963655F696E6974005F7370695F627554
:10078000735F6465766963655F72656164005F735A
:1007900070695F6275735F6465766963655F7772C0
:1007A0006974650072745F7370695F6275735F640A
:1007B00065766963655F696E69740072745F636F03
:1007C0006D706C6574696F6E5F646F6E65007274D6
:1007D0005F636F6D706C6574696F6E5F776169746C
:1007E0000072745F636F6D706C6574696F6E5F69C2
:1007F0006E69740072745F646174615F71756575B0
:10080000655F7065616B0072745F646174615F71D4
:10081000756575655F706F700072745F6461746197
:100820005F71756575655F707573680072745F647C
:100830006174615F71756575655F696E6974007279
:10084000745F72696E676275666665725F72657302
:1008500065740072745F72696E6762756666657250
:100860005F6765740072745F72696E676275666651
:1008700065725F7075740072745F72696E6762751D
:10088000666665725F696E69740072745F77717510
:100890006575655F776169740000000000202020A5
:1008A0002020202020202828282828202020202020
:1008B00020202020202020202020202020881010F0
:1008C000101010101010101010101010100404044C
:1008D000040404040404041010101010101041410A
:1008E00041414141010101010101010101010101F8
:1008F000010101010101010110101010101042420C
:1009000042424242020202020202020202020202C7
:100910000202020202020202101010102000000067
:1009200000000000000000000000000000000000C7
:1009300000000000000000000000000000000000B7
:1009400000000000000000000000000000000000A7
:100950000000000000000000000000000000000097
:100960000000000000000000000000000000000087
:100970000000000000000000000000000000000077
:100980000000000000000000000000000000000067
:100990000000000000000000000000000000000057
:1009A000000000001F0000003B0000005A00000093
:1009B0007800000097000000B5000000D40000009F
:1009C000F300000011010000300100004E010000A2
:1009D0001F0000001C0000001F0000001E0000009F
:1009E0001F0000001E0000001F0000001F0000008C
:1009F0001E0000001F0000001E0000001F0000007D
:100A0000545A0000474D54002531315B2D2B302DB9
:100A100039412D5A612D7A5D256E00002531315BFB
:100A2000412D5A612D7A5D256E00000025687525DF
:100A30006E3A256875256E3A256875256E000000AA
:100A40004D256875256E2E256875256E2E256875D1
:100A5000256E00002F256875256E3A256875256E70
:100A60003A256875256E0000494E4600696E66009D
:100A70004E414E006E616E003031323334353637C0
:100A800038396162636465660000000030313233DA
:100A9000343536373839414243444546000000007A
:100AA000286E756C6C29000030000000252E337311
:100AB00020252E337325336420252E32643A252ECB
:100AC00032643A252E32642025640A002E0000008C
:100AD0004C435F434F4C4C41544500004C435F43F3
:100AE00054595045000000004C435F4D4F4E455453
:100AF000415259004C435F4E554D45524943000009
:100B00004C435F54494D45004C435F4D4553534161
:100B100047455300496E66696E69747900000000AC
:100B20004E614E0042616C6C6F6320737563636548
:100B300065646564000000002F646174612F6A655C
:100B40006E6B696E732F776F726B73706163652F55
:100B5000474E552D746F6F6C636861696E2F6172BB
:100B60006D2D31342D352F7372632F6E65776C695F
:100B7000622D63796777696E2F6E65776C69622F76
:100B80006C6962632F7374646C69622F64746F6143
:100B90002E6300002F646174612F6A656E6B696E4D
:100BA000732F776F726B73706163652F474E552D8E
:100BB000746F6F6C636861696E2F61726D2D313473
:100BC0002D352F7372632F6E65776C69622D637993
:100BD0006777696E2F6E65776C69622F6C696263E7
:100BE0002F7374646C69622F6D707265632E63007D
:100BF0004A495300534A4953000000004555434AAF
:100C0000500000002C2066756E6374696F6E3A2088
:100C100000000000617373657274696F6E20222595
:100C20007322206661696C65643A2066696C652090
:100C3000222573222C206C696E652025642573257E
:100C4000730A00000A00010002000300040005000E
:100C500006000700080009000A000B000C000D0048
:100C60000E000F00100000003030303030303030D7
:100C700030303030303030302020202020202020F4
:100C800020202020202020204A616E4665624D6190
:100C9000724170724D61794A756E4A756C41756723
:100CA0005365704F63744E6F7644656353756E4D34
:100CB0006F6E547565576564546875467269536103
:100CC000740000001F0000001C0000001F00000056
:100CD0001E0000001F0000001E0000001F0000009A
:100CE0001F0000001E0000001F0000001E0000008A
:100CF0001F0000001F0000001D0000001F0000007A
:100D00001E0000001F0000001E0000001F00000069
:100D10001F0000001E0000001F0000001E00000059
:100D20001F00000005000000190000007D00000009
:100D30000080E03779C34143176E05B5B5B89346D7
:100D4000F5F93FE9034F384D321D30F94877825AA3
:100D50003CBF737FDD4F1575000000000000F03FC1
:100D60000000000000002440000000000000594086
:100D70000000000000408F40000000000088C340D9
:100D800000000000006AF8400000000080842E414E
:100D900000000000D01263410000000084D797419A
:100DA0000000000065CDCD41000000205FA00242A0
:100DB000000000E876483742000000A2941A6D4215
:100DC000000040E59C30A2420000901EC4BCD64208
:100DD00000003426F56B0C430080E03779C34143B3
:100DE00000A0D8855734764300C84E676DC1AB4329
:100DF000003D9160E458E143408CB5781DAF154447
:100E000050EFE2D6E41A4B4492D54D06CFF0804421
:100E1000F64AE1C7022DB544B49DD9794378EA4436
:100E20000C5F104E154E2A4E314E364E3C4E3F4E04
:100E3000424E564E584E824E854E6B8C8A4E1282D2
:100E40000D5F8E4E9E4E9F4EA04EA24EB04EB34EA4
:100E5000B64ECE4ECD4EC44EC64EC24ED74EDE4ED0
:100E6000ED4EDF4EF74E094F5A4F304F5B4F5D4FFF
:100E7000574F474F764F884F8F4F984F7B4F694F53
:100E8000704F914F6F4F864F964F1851D44FDF4F91
:100E9000CE4FD84FDB4FD14FDA4FD04FE44FE54F15
:100EA0001A50285014502A50255005501C4FF64F08
:100EB000215029502C50FE4FEF4F115006504350F7
:100EC000475003675550505048505A5056506C5038
:100ED000785080509A508550B450B250C950CA5082
:100EE000B350C250D650DE50E550ED50E350EE50B6
:100EF000F950F55009510151025116511551145133
:100F00001A5121513A5137513C513B513F514051B7
:100F100052514C5154516251F87A69516A516E5193
:100F200080518251D8568C5189518F519151935192
:100F300095519651A451A651A251A951AA51AB5114
:100F4000B351B151B251B051B551BD51C551C95153
:100F5000DB51E0515586E951ED51F051F551FE510B
:100F600004520B5214520E5227522A522E5233520E
:100F700039524F5244524B524C525E5254526A5262
:100F80007452695273527F527D528D5294529252D2
:100F9000715288529152A88FA78FAC52AD52BC5259
:100FA000B552C152CD52D752DE52E352E652ED98BD
:100FB000E052F352F552F852F9520653085338757D
:100FC0000D5310530F5315531A5323532F533153AB
:100FD00033533853405346534553174E49534D539B
:100FE000D6515E5369536E5318597B5377538253CE
:100FF0009653A053A653A553AE53B053B653C35301
:10100000127CD996DF53FC66EE71EE53E853ED5334
:10101000FA5301543D5440542C542D543C542E54F6
:10102000365429541D544E548F5475548E545F5465
:1010300071547754705492547B5480547654845431
:1010400090548654C754A254B854A554AC54C454B4
:10105000C854A854AB54C254A454BE54BC54D8541D
:10106000E554E6540F551455FD54EE54ED54FA541E
:10107000E2543955405563554C552E555C554555F0
:1010800056555755385533555D5599558055AF547C
:101090008A559F557B557E5598559E55AE557C5526
:1010A0008355A9558755A855DA55C555DF55C455FB
:1010B000DC55E455D4551456F7551656FE55FD55D6
:1010C0001B56F9554E565056DF7134563656325629
:1010D00038566B5664562F566C566A56865680564E
:1010E0008A56A05694568F56A556AE56B656B45646
:1010F000C256BC56C156C356C056C856CE56D15617
:10110000D356D756EE56F9560057FF56045709578F
:1011100008570B570D57135718571657C7551C57D5
:101120002657375738574E573B5740574F576957F1
:10113000C057885761577F5789579357A057B35760
:10114000A457AA57B057C357C657D457D257D357E7
:101150000A58D657E3570B5819581D58725821583A
:1011600062584B587058C06B52583D587958855842
:10117000B9589F58AB58BA58DE58BB58B858AE58F3
:10118000C558D358D158D758D958D858E558DC58ED
:10119000E458DF58EF58FA58F958FB58FC58FD58F6
:1011A00002590A5910591B59A66825592C592D590D
:1011B000325938593E59D27A555950594E595A597F
:1011C00058596259605967596C5969597859815908
:1011D0009D595E4FAB4FA359B259C659E859DC59D6
:1011E0008D59D959DA59255A1F5A115A1C5A095A78
:1011F0001A5A405A6C5A495A355A365A625A6A5AD9
:101200009A5ABC5ABE5ACB5AC25ABD5AE35AD75AF6
:10121000E65AE95AD65AFA5AFB5A0C5B0B5B165B34
:10122000325BD05A2A5B365B3E5B435B455B405B7F
:10123000515B555B5A5B5B5B655B695B705B735BCA
:10124000755B785B88657A5B805B835BA65BB85B6C
:10125000C35BC75BC95BD45BD05BE45BE65BE25B13
:10126000DE5BE55BEB5BF05BF65BF35B055C075C11
:10127000085C0D5C135C205C225C285C385C395C8B
:10128000415C465C4E5C535C505C4F5C715B6C5CDB
:101290006E5C624E765C795C8C5C915C945C9B5974
:1012A000AB5CBB5CB65CBC5CB75CC55CBE5CC75C85
:1012B000D95CE95CFD5CFA5CED5C8C5DEA5C0B5D25
:1012C000155D175D5C5D1F5D1B5D115D145D225D2D
:1012D0001A5D195D185D4C5D525D4E5D4B5D6C5D38
:1012E000735D765D875D845D825DA25D9D5DAC5DB5
:1012F000AE5DBD5D905DB75DBC5DC95DCD5DD35D2F
:10130000D25DD65DDB5DEB5DF25DF55D0B5E1A5E79
:10131000195E115E1B5E365E375E445E435E405E64
:101320004E5E575E545E5F5E625E645E475E755EF3
:10133000765E7A5EBC9E7F5EA05EC15EC25EC85E67
:10134000D05ECF5ED65EE35EDD5EDA5EDB5EE25EE1
:10135000E15EE85EE95EEC5EF15EF35EF05EF45E37
:10136000F85EFE5E035F095F5D5F5C5F0B5F115FB0
:10137000165F295F2D5F385F415F485F4C5F4E5FAE
:101380002F5F515F565F575F595F615F6D5F735F9E
:10139000775F835F825F7F5F8A5F885F915F875F30
:1013A0009E5F995F985FA05FA85FAD5FBC5FD65FEF
:1013B000FB5FE45FF85FF15FDD5FB360FF5F2160BB
:1013C00060601960106029600E6031601B601560FC
:1013D0002B6026600F603A605A6041606A607760F7
:1013E0005F604A6046604D60636043606460426075
:1013F0006C606B60596081608D60E76083609A60AB
:1014000084609B60966097609260A7608B60E160EB
:10141000B860E060D360B460F05FBD60C660B56086
:10142000D8604D6115610661F660F7600061F46097
:10143000FA6003612161FB60F1600D610E6147613B
:101440003E61286127614A613F613C612C613461E2
:101450003D614261446173617761586159615A61CC
:101460006B6174616F61656171615F615D61536141
:101470007561996196618761AC6194619A618A61D5
:101480009161AB61AE61CC61CA61C961F761C8614C
:10149000C361C661BA61CB61797FCD61E661E36109
:1014A000F661FA61F461FF61FD61FC61FE61006259
:1014B000086209620D620C6214621B621E62216284
:1014C0002A622E6230623262336241624E625E6232
:1014D00063625B62606268627C62826289627E6271
:1014E000926293629662D46283629462D762D1629E
:1014F000BB62CF62FF62C662D464C862DC62CC6247
:10150000CA62C262C7629B62C9620C63EE62F16228
:10151000276302630863EF62F56250633E634D63C5
:101520001C644F6396638E638063AB637663A363CF
:101530008F6389639F63B5636B636963BE63E963AC
:10154000C063C663E363C963D263F663C4631664AE
:10155000346406641364266436641D651764286465
:101560000F6467646F6476644E642A65956493645F
:10157000A564A9648864BC64DA64D264C564C76481
:10158000BB64D864C264F164E7640982E064E16426
:10159000AC62E364EF642C65F664F464F264FA64AC
:1015A0000065FD6418651C650565246523652B656C
:1015B000346535653765366538654B7548655665FC
:1015C00055654D6558655E655D65726578658265D2
:1015D00083658A8B9B659F65AB65B765C365C6658B
:1015E000C165C465CC65D265DB65D965E065E1653B
:1015F000F16572670A660366FB6573673566366672
:1016000034661C664F664466496641665E665D6682
:101610006466676668665F6662667066836688662B
:101620008E668966846698669D66C166B966C96677
:10163000BE66BC66C466B866D666DA66E0663F66B5
:10164000E666E966F066F566F7660F6716671E6779
:101650002667276738972E673F6736674167386781
:10166000376746675E67606759676367646789675E
:101670007067A9677C676A678C678B67A667A167D5
:101680008567B767EF67B467EC67B367E967B86703
:10169000E467DE67DD67E267EE67B967CE67C66756
:1016A000E7679C6A1E684668296840684D6832682A
:1016B0004E68B3682B685968636877687F689F686D
:1016C0008F68AD6894689D689B688368AE6AB968E6
:1016D0007468B568A068BA680F698D687E6801692A
:1016E000CA680869D86822692669E1680C69CD680A
:1016F000D468E768D568366912690469D768E36811
:101700002569F968E068EF6828692A691A69236918
:101710002169C668796977695C6978696B69546918
:101720007E696E69396974693D69596930696169B1
:101730005E695D6981696A69B269AE69D069BF69CC
:10174000C169D369BE69CE69E85BCA69DD69BB69F5
:10175000C369A7692E6A9169A0699C699569B46992
:10176000DE69E869026A1B6AFF690A6BF969F26956
:10177000E769056AB1691E6AED69146AEB690A6A6C
:10178000126AC16A236A136A446A0C6A726A366A08
:10179000786A476A626A596A666A486A386A226A77
:1017A000906A8D6AA06A846AA26AA36A976A178699
:1017B000BB6AC36AC26AB86AB36AAC6ADE6AD16AD3
:1017C000DF6AAA6ADA6AEA6AFB6A056B1686FA6A4F
:1017D000126B166B319B1F6B386B376BDC76396B7A
:1017E000EE98476B436B496B506B596B546B5B6B5B
:1017F0005F6B616B786B796B7F6B806B846B836BDA
:101800008D6B986B956B9E6BA46BAA6BAB6BAF6B80
:10181000B26BB16BB36BB76BBC6BC66BCB6BD36B83
:10182000DF6BEC6BEB6BF36BEF6BBE9E086C136CBA
:10183000146C1B6C246C236C5E6C556C626C6A6C53
:10184000826C8D6C9A6C816C9B6C7E6C686C736C1A
:10185000926C906CC46CF16CD36CBD6CD76CC56C25
:10186000DD6CAE6CB16CBE6CBA6CDB6CEF6CD96CC1
:10187000EA6C1F6D4D88366D2B6D3D6D386D196DA1
:10188000356D336D126D0C6D636D936D646D5A6DB6
:10189000796D596D8E6D956DE46F856DF96D156E71
:1018A0000A6EB56DC76DE66DB86DC66DEC6DDE6D1B
:1018B000CC6DE86DD26DC56DFA6DD96DE46DD56DE9
:1018C000EA6DEE6D2D6E6E6E2E6E196E726E5F6E1F
:1018D0003E6E236E6B6E2B6E766E4D6E1F6E436E7C
:1018E0003A6E4E6E246EFF6E1D6E386E826EAA6E5C
:1018F000986EC96EB76ED36EBD6EAF6EC46EB26EAB
:10190000D46ED56E8F6EA56EC26E9F6E416F116FD5
:101910004C70EC6EF86EFE6E3F6FF26E316FEF6ED4
:10192000326FCC6E3E6F136FF76E866F7A6F786F83
:10193000816F806F6F6F5B6FF36F6D6F826F7C6F06
:10194000586F8E6F916FC26F666FB36FA36FA16F89
:10195000A46FB96FC66FAA6FDF6FD56FEC6FD46FCE
:10196000D86FF16FEE6FDB6F09700B70FA6F11704B
:1019700001700F70FE6F1B701A70746F1D701870FD
:101980001F7030703E703270517063709970927039
:10199000AF70F170AC70B870B370AE70DF70CB70B8
:1019A000DD70D9700971FD701C7119716571557107
:1019B0008871667162714C7156716C718F71FB71B7
:1019C00084719571A871AC71D771B971BE71D27102
:1019D000C971D471CE71E071EC71E771F571FC7170
:1019E000F971FF710D7210721B7228722D722C72B8
:1019F000307232723B723C723F72407246724B726E
:101A0000587274727E72827281728772927296724A
:101A1000A272A772B972B272C372C672C472CE7267
:101A2000D272E272E072E172F972F7720F501773BC
:101A30000A731C7316731D7334732F732973257304
:101A40003E734E734F73D89E57736A736873707387
:101A5000787375737B737A73C873B373CE73BB7308
:101A6000C073E573EE73DE73A27405746F7425742E
:101A7000F87332743A7455743F745F7459744174D6
:101A80005C746974707463746A7476747E748B7435
:101A90009E74A774CA74CF74D474F173E074E37441
:101AA000E774E974EE74F274F074F174F874F77416
:101AB0000475037505750C750E750D751575137523
:101AC0001E7526752C753C7544754D754A7549759E
:101AD0005B7546755A756975647567756B756D7557
:101AE000787576758675877574758A75897582754A
:101AF00094759A759D75A575A375C275B375C375F3
:101B0000B575BD75B875BC75B175CD75CA75D2752D
:101B1000D975E375DE75FE75FF75FC750176F07598
:101B2000FA75F275F3750B760D7609761F762776C2
:101B30002076217622762476347630763B76477688
:101B4000487646765C76587661766276687669760F
:101B50006A7667766C7670767276767678767C764C
:101B60008076837688768B768E769676937699765F
:101B70009A76B076B476B876B976BA76C276CD76FD
:101B8000D676D276DE76E176E576E776EA762F8649
:101B9000FB76087707770477297724771E772577F0
:101BA00026771B773777387747775A7768776B7759
:101BB0005B7765777F777E7779778E778B7791778D
:101BC000A0779E77B077B677B977BF77BC77BD77C8
:101BD000BB77C777CD77D777DA77DC77E377EE77A0
:101BE000FC770C781278267920782A7945788E78D7
:101BF000747886787C789A788C78A378B578AA7887
:101C0000AF78D178C678CB78D478BE78BC78C578F0
:101C1000CA78EC78E778DA78FD78F4780779127981
:101C2000117919792C792B794079607957795F7915
:101C30005A79557953797A797F798A799D79A77913
:101C40004B9FAA79AE79B379B979BA79C979D5793F
:101C5000E779EC79E179E379087A0D7A187A197ADB
:101C6000207A1F7A8079317A3B7A3E7A377A437AC2
:101C7000577A497A617A627A697A9D9F707A797A1D
:101C80007D7A887A977A957A987A967AA97AC87AB4
:101C9000B07AB67AC57AC47ABF7A8390C77ACA7A9C
:101CA000CD7ACF7AD57AD37AD97ADA7ADD7AE17AAF
:101CB000E27AE67AED7AF07A027B0F7B0A7B067B8A
:101CC000337B187B197B1E7B357B287B367B507BD7
:101CD0007A7B047B4D7B0B7B4C7B457B757B657BEB
:101CE000747B677B707B717B6C7B6E7B9D7B987B51
:101CF0009F7B8D7B9C7B9A7B8B7B927B8F7B5D7BA1
:101D0000997BCB7BC17BCC7BCF7BB47BC67BDD7BE4
:101D1000E97B117C147CE67BE57B607C007C077CA6
:101D2000137CF37BF77B177C0D7CF67B237C277C75
:101D30002A7C1F7C377C2B7C3D7C4C7C437C547CF8
:101D40004F7C407C507C587C5F7C647C567C657CFE
:101D50006C7C757C837C907CA47CAD7CA27CAB7C11
:101D6000A17CA87CB37CB27CB17CAE7CB97CBD7C10
:101D7000C07CC57CC27CD87CD27CDC7CE27C3B9B7A
:101D8000EF7CF27CF47CF67CFA7C067D027D1C7D87
:101D9000157D0A7D457D4B7D2E7D327D3F7D357DD8
:101DA000467D737D567D4E7D727D687D6E7D4F7D57
:101DB000637D937D897D5B7D8F7D7D7D9B7DBA7D00
:101DC000AE7DA37DB57DC77DBD7DAB7D3D7EA27D16
:101DD000AF7DDC7DB87D9F7DB07DD87DDD7DE47DF0
:101DE000DE7DFB7DF27DE17D057E0A7E237E217E08
:101DF000127E317E1F7E097E0B7E227E467E667EAF
:101E00003B7E357E397E437E377E327E3A7E677EEC
:101E10005D7E567E5E7E597E5A7E797E6A7E697EC2
:101E20007C7E7B7E837ED57D7D7EAE8F7F7E887E31
:101E3000897E8C7E927E907E937E947E967E8E7E30
:101E40009B7E9C7E387F3A7F457F4C7F4D7F4E7FC7
:101E5000507F517F557F547F587F5F7F607F687FC1
:101E6000697F677F787F827F867F837F887F877F98
:101E70008C7F947F9E7F9D7F9A7FA37FAF7FB27F71
:101E8000B97FAE7FB67FB87F718BC57FC67FCA7FB3
:101E9000D57FD47FE17FE67FE97FF37FF97FDC9810
:101EA000068004800B801280188019801C8021809D
:101EB00028803F803B804A804680528058805A80EC
:101EC0005F806280688073807280708076807980A5
:101ED0007D807F808480868085809B8093809A80AF
:101EE000AD809051AC80DB80E580D980DD80C480FE
:101EF000DA80D6800981EF80F1801B8129812381DE
:101F00002F814B818B9646813E8153815181FC808C
:101F100071816E81658166817481838188818A8106
:101F200080818281A0819581A481A3815F81938139
:101F3000A981B081B581BE81B881BD81C081C281D6
:101F4000BA81C981CD81D181D981D881C881DA8115
:101F5000DF81E081E781FA81FB81FE8101820282DB
:101F6000058207820A820D821082168229822B82C4
:101F7000388233824082598258825D825A825F82DF
:101F80006482628268826A826B822E827182778228
:101F900078827E828D829282AB829F82BB82AC826B
:101FA000E182E382DF82D282F482F382FA82938337
:101FB0000383FB82F982DE820683DC820983D98275
:101FC000358334831683328331834083398350834E
:101FD00045832F832B831783188385839A83AA8352
:101FE0009F83A283968323838E8387838A837C83C4
:101FF000B58373837583A0838983A883F483138453
:10200000EB83CE83FD830384D8830B84C183F78362
:102010000784E083F2830D8422842084BD83388486
:102020000685FB836D842A843C845A858484778466
:102030006B84AD846E848284698446842C846F842E
:1020400079843584CA846284B984BF849F84D984A6
:10205000CD84BB84DA84D084C184C684D684A18430
:102060002185FF84F484178518852C851F851585A7
:102070001485FC84408563855885488541850286A2
:102080004B8555858085A485888591858A85A88519
:102090006D8594859B85EA8587859C8577857E857A
:1020A0009085C985BA85CF85B985D085D585DD85EB
:1020B000E585DC85F9850A8613860B86FE85FA851B
:1020C000068622861A8630863F864D86554E548671
:1020D0005F86678671869386A386A986AA868B8685
:1020E0008C86B686AF86C486C686B086C9862388A7
:1020F000AB86D486DE86E986EC86DF86DB86EF86D5
:1021000012870687088700870387FB861187098760
:102110000D87F9860A8734873F8737873B8725876E
:1021200029871A8760875F8778874C874E877487EF
:10213000578768876E875987538763876A870588BB
:10214000A2879F878287AF87CB87BD87C087D087CD
:10215000D696AB87C487B387C787C687BB87EF8709
:10216000F287E0870F880D88FE87F687F7870E884D
:10217000D287118816881588228821883188368868
:10218000398827883B8844884288528859885E88E5
:1021900062886B8881887E889E8875887D88B588EE
:1021A0007288828897889288AE889988A2888D885C
:1021B000A488B088BF88B188C388C488D488D888E8
:1021C000D988DD88F9880289FC88F488E888F28853
:1021D00004890C890A89138943891E8925892A89DA
:1021E0002B89418944893B89368938894C891D89E5
:1021F00060895E89668964896D896A896F89748955
:1022000077897E89838988898A8993899889A18930
:10221000A989A689AC89AF89B289BA89BD89BF89E4
:10222000C089DA89DC89DD89E789F489F889038A3C
:10223000168A108A0C8A1B8A1D8A258A368A418A48
:102240005B8A528A468A488A7C8A6D8A6C8A628A4C
:10225000858A828A848AA88AA18A918AA58AA68A7E
:102260009A8AA38AC48ACD8AC28ADA8AEB8AF38AD6
:10227000E78AE48AF18A148BE08AE28AF78ADE8AA6
:10228000DB8A0C8B078B1A8BE18A168B108B178BD2
:10229000208B338BAB97268B2B8B3E8B288B418BE4
:1022A0004C8B4F8B4E8B498B568B5B8B5A8B6B8B2E
:1022B0005F8B6C8B6F8B748B7D8B808B8C8B8E8B01
:1022C000928B938B968B998B9A8B3A8C418C3F8C0B
:1022D000488C4C8C4E8C508C558C628C6C8C788CD1
:1022E0007A8C828C898C858C8A8C8D8C8E8C948C4B
:1022F0007C8C988C1D62AD8CAA8CBD8CB28CB38CFE
:10230000AE8CB68CC88CC18CE48CE38CDA8CFD8CE2
:10231000FA8CFB8C048D058D0A8D078D0F8D0D8D2C
:10232000108D4E9F138DCD8C148D168D678D6D8DF8
:10233000718D738D818D998DC28DBE8DBA8DCF8D2E
:10234000DA8DD68DCC8DDB8DCB8DEA8DEB8DDF8D4F
:10235000E38DFC8D088E098EFF8D1D8E1E8E108ED6
:102360001F8E428E358E308E348E4A8E478E498E29
:102370004C8E508E488E598E648E608E2A8E638E5F
:10238000558E768E728E7C8E818E878E858E848E13
:102390008B8E8A8E938E918E948E998EAA8EA18E1C
:1023A000AC8EB08EC68EB18EBE8EC58EC88ECB8ED4
:1023B000DB8EE38EFC8EFB8EEB8EFE8E0A8F058FFE
:1023C000158F128F198F138F1C8F1F8F1B8F0C8FE0
:1023D000268F338F3B8F398F458F428F3E8F4C8FA7
:1023E000498F468F4E8F578F5C8F628F638F648FBC
:1023F0009C8F9F8FA38FAD8FAF8FB78FDA8FE58FB5
:10240000E28FEA8FEF8F8790F48F0590F98FFA8F24
:102410001190159021900D901E9016900B90279082
:10242000369035903990F88F4F905090519052904F
:102430000E9049903E90569058905E9068906F90A4
:102440007690A896729082907D90819080908A90EC
:1024500089908F90A890AF90B190B590E290E49061
:102460004862DB90029112911991329130914A9118
:1024700056915891639165916991739172918B9185
:1024800089918291A291AB91AF91AA91B591B491AA
:10249000BA91C091C191C991CB91D091D691DF9160
:1024A000E191DB91FC91F591F6911E92FF911492CE
:1024B0002C92159211925E92579245924992649293
:1024C000489295923F924B9250929C929692939200
:1024D0009B925A92CF92B992B792E9920F93FA9245
:1024E00044932E93199322931A9323933A933593FB
:1024F0003B935C9360937C936E935693B093AC93B1
:10250000AD939493B993D693D793E893E593D893E7
:10251000C393DD93D093C893E4931A9414941394C3
:1025200003940794109436942B94359421943A9400
:102530004194529444945B94609462945E946A943F
:1025400029927094759477947D945A947C947E9497
:1025500081947F94829587958A9594959695989580
:102560009995A095A895A795AD95BC95BB95B9955E
:10257000BE95CA95F66FC395CD95CC95D595D49556
:10258000D695DC95E195E595E295219628962E96CF
:102590002F9642964C964F964B9677965C965E9603
:1025A0005D965F96669672966C968D9698969596C1
:1025B0009796AA96A796B196B296B096B496B69606
:1025C000B896B996CE96CB96C996CD964D89DC969F
:1025D0000D97D596F99604970697089713970E9737
:1025E00011970F971697199724972A97309739972D
:1025F0003D973E97449746974897429749975C97EF
:102600006097649766976897D2526B97719779979E
:1026100085977C9781977A9786978B978F979097D6
:102620009C97A897A697A397B397B497C397C69775
:10263000C897CB97DC97ED974F9FF297DF7AF69785
:10264000F5970F980C9838982498219837983D98CA
:1026500046984F984B986B986F98709871987498AB
:102660007398AA98AF98B198B698C498C398C6982A
:10267000E998EB9803990999129914991899219955
:102680001D991E99249920992C992E993D993E992E
:1026900042994999459950994B99519952994C9918
:1026A000559997999899A599AD99AE99BC99DF9943
:1026B000DB99DD99D899D199ED99EE99F199F29933
:1026C000FB99F899019A0F9A059AE299199A2B9A0F
:1026D000379A459A429A409A439A3E9A559A4D9A09
:1026E0005B9A579A5F9A629A659A649A699A6B9A0A
:1026F0006A9AAD9AB09ABC9AC09ACF9AD19AD39A54
:10270000D49ADE9ADF9AE29AE39AE69AEF9AEB9AE3
:10271000EE9AF49AF19AF79AFB9A069B189B1A9BE9
:102720001F9B229B239B259B279B289B299B2A9BA6
:102730002E9B2F9B329B449B439B4F9B4D9B4E9BC1
:10274000519B589B749B939B839B919B969B979BC0
:102750009F9BA09BA89BB49BC09BCA9BB99BC69BFD
:10276000CF9BD19BD29BE39BE29BE49BD49BE19BC1
:102770003A9CF29BF19BF09B159C149C099C139C2A
:102780000C9C069C089C129C0A9C049C2E9C1B9CE6
:10279000259C249C219C309C479C329C469C3E9CC2
:1027A0005A9C609C679C769C789CE79CEC9CF09C77
:1027B000099D089DEB9C039D069D2A9D269DAF9D2E
:1027C000239D1F9D449D159D129D419D3F9D3E9DB6
:1027D000469D489D5D9D5E9D649D519D509D599D6A
:1027E000729D899D879DAB9D6F9D7A9D9A9DA49DAD
:1027F000A99DB29DC49DC19DBB9DB89DBA9DC69D1E
:10280000CF9DC29DD99DD39DF89DE69DED9DEF9DE9
:10281000FD9D1A9E1B9E1E9E759E799E7D9E819E8D
:10282000889E8B9E8C9E929E959E919E9D9EA59E1F
:10283000A99EB89EAA9EAD9E6197CC9ECE9ECF9E2D
:10284000D09ED49EDC9EDE9EDD9EE09EE59EE89EB0
:10285000EF9EF49EF69EF79EF99EFB9EFC9EFD9ECB
:10286000079F089FB776159F219F2C9F3E9F4A9FE9
:10287000529F549F639F5F9F609F619F669F679F6A
:102880006C9F6A9F779F729F769F959F9C9FA09F4A
:102890002F58C76959906474DC5199719C4E165534
:1028A000035A3F96C0541B612863F65922907584E1
:1028B0001C83507AAA60E163256EED656684A6826A
:1028C000F59B93682757A16571629B5BD0597B8606
:1028D000F498627DBE7D8E9B16629F7CB788895B73
:1028E000B55E096397664868C7958D974F67E54E53
:1028F0000A4F4D4F9D4F4950F2563759D459015AFE
:10290000095CDF600F61706113660569BA704F750D
:102910007075FB79AD7DEF7DC3800E846388028B7B
:1029200055907A903B53954EA54EDF57B280C1909B
:10293000EF78004EF158A26E3890327A28838B825D
:102940002F9C41517053BD54E154E056FB59155F23
:10295000F298EB6DE4802D8562967096A096FB97B9
:102960000B54F353875BCF70BD7FC28FE8966F53D4
:102970005C9DBA7A114E9378FC81266E18560455E8
:102980001D6B1A853B9CE559A953666DDC748F95C8
:102990004256914E4B90F2964F830C99E153B655A7
:1029A000305B715F2066F3660468386CF36C296DE8
:1029B0005B74C8764E7A3498F1825B88608AED92B7
:1029C000B26DAB75CA76C599A660018B8A8DB2953A
:1029D0008E69AD538651125730584459B45BF65E38
:1029E0002860A963F463BF6C146F8E701471597101
:1029F000D5713F73017E7682D182978560905B921C
:102A00001B9D6958BC655A6C2575F9512E5965593D
:102A1000805FDC5FBC62FA652A6A276BB46B8B73DC
:102A2000C17F56892C9D0E9DC49EA15C966C7B83B4
:102A300004514B5CB661C68176686172594EFA4F9B
:102A400078536960296E4F7AF3970B4E1653EE4E0A
:102A5000554F3D4FA14F734FA052EF5309560F5999
:102A6000C15AB65BE15BD17987669C67B6674C6BF0
:102A7000B36C6B70C2738D79BE793C7A877BB182FF
:102A8000DB8204837783EF83D3836687B28A2956F8
:102A9000A88CE68F4E901E978A86C44FE85C116220
:102AA00059723B75E581BD82FE86C08CC59613992F
:102AB000D599CB4E1A4FE389DE564A58CA58FB5E69
:102AC000EB5F2A6094606260D0611262D062396507
:102AD000419B6666B068776D70704C758676757DC3
:102AE000A582F9878B958E969D8CF151BE52165911
:102AF000B354B35B165D68618269AF6D8D78CB842A
:102B00005788728AA793B89A6C6DA899D986A357EB
:102B1000FF67CE860E92835287560454D35EE162DD
:102B2000B9643C683868BB6B7273BA786B7A9A89FF
:102B3000D2896B8D038FED90A39594966997665B10
:102B4000B35C7D694D984E989B63207B2B6A7F6AAE
:102B5000B6680D9C5F6F72529D557060EC623B6D64
:102B6000076ED16E5B841089448F144E399CF653E6
:102B70001B693A6A84972A685C51C37AB284DC91F3
:102B80008C935B56289D226805833184A57C08526E
:102B9000C582E6747E4E834FA051D25B0A52D85252
:102BA000E752FB5D9A552A58E6598C5B985BDB5BD4
:102BB000725E795EA3601F616361BE61DB63626503
:102BC000D1675368FA683E6B536B576C226F976FEF
:102BD000456FB0741875E3760B77FF7AA17B217C83
:102BE000E97D367FF07F9D8066829E83B389CC8AA3
:102BF000AB8C8490519493959195A2956596D397BB
:102C000028991882384E2B54B85CCC5DA9734C7649
:102C10003C77A95CEB7F0B8DC1961198549858981E
:102C2000014F0E4F71539C556856FA574759095B2F
:102C3000C45B905C0C5E7E5ECC5FEE633A67D765EA
:102C4000E2651F67CB68C4685F6A305EC56B176C4E
:102C50007D6C7F754879635B007A007DBD5F8F89ED
:102C6000188AB48C778DCC8E1D8FE2980E9A3C9B7F
:102C7000804E7D50005193599C5B2F628062EC64C2
:102C80003A6BA07291754779A97FFB87BC8A708BDC
:102C9000AC63CA83A09709540354AB555468586A6F
:102CA000708A27787567CD9E7453A25B1A8150860F
:102CB0000690184E454EC74E114FCA533854AE5B5E
:102CC000135F256051653D67426C726CE36C7870F0
:102CD0000374767AAE7A087B1A7DFE7C667DE765A2
:102CE0005B72BB53455CE85DD262E0621963206EA3
:102CF0005A86318ADD8DF892016FA6795A9BA84ECB
:102D0000AB4EAC4E9B4FA04FD1504751F67A71510C
:102D1000F651545321537F53EB53AC558358E15C28
:102D2000375F4A5F2F6050606D601F6359654B6A63
:102D3000C16CC272ED72EF77F880058108824E8512
:102D4000F790E193FF9757995A9AF04EDD512D5C19
:102D500081666D69405CF266756989735068817C33
:102D6000C550E4524757FE5D2693A465236B3D6B27
:102D700034748179BD794B7BCA7DB982CC837F88DD
:102D80005F89398BD18FD1911F5480925D4E36501F
:102D9000E5533A53D7729673E977E682AF8EC699B8
:102DA000C899D29977511A615E86B0557A7A765071
:102DB000D35B47908596324EDB6AE791515C485C65
:102DC00098639F7A936C7497618FAA7A8A718896B8
:102DD000827C1768707E51686C93F2521B54AB85ED
:102DE000138AA47FCD8EE190665388884179C24FC3
:102DF000BE501152445153552D57EA738B575159B8
:102E0000625F845F756076616761A961B2633A64ED
:102E10006C656F664268136E66753D7AFB7C4C7D0F
:102E2000997D4B7E6B7F0E834A83CD86088A638AA9
:102E3000668BFD8E1A988F9DB882CE8FE89B875245
:102E40001F628364C06F999641689150206B7A6CC1
:102E5000546F747A507D4088238A0867F64E395043
:102E6000265065507C5138526352A7550F5705586C
:102E7000CC5AFA5EB261F861F36272631C69296A26
:102E80007D72AC722E7314786F78797D0C77A9807F
:102E90008B89198BE28CD28E639075937A965598B4
:102EA000139A789E43519F53B3537B5E265F1B6EEC
:102EB000906E8473FE73437D3782008AFA8A50963F
:102EC0004E4E0B50E4537C54FA56D159645BF15D7D
:102ED000AB5E275F38624565AF67566ED072CA7CBD
:102EE000B488A180E180F0834E86878AE88D37928E
:102EF000C7966798139F944E924E0D4F485349546E
:102F00003E542F5A8C5FA15F9F60A7688E6A5A74E7
:102F100081789E8AA48A778B90915E4EC99BA44E3D
:102F20007C4FAF4F1950165049516C519F52B952B6
:102F3000FE529A53E35311540E5489555157A257D8
:102F40007D59545B5D5B8F5BE55DE75DF75D785EAA
:102F5000835E9A5EB75E185F52604C619762D8627A
:102F6000A7633B6502664366F4666D6721689768F0
:102F7000CB695F6C2A6D696D2F6E9D6E3275877699
:102F80006C783F7AE07C057D187D5E7DB17D158093
:102F90000380AF80B18054818F812A8252834C8814
:102FA00061881B8BA28CFC8CCA90759171923F78C2
:102FB000FC92A4954D9605989999D89A3B9D5B52A1
:102FC000AB52F7530854D558F762E06F6A8C5F8FA5
:102FD000B99E4B513B524A54FD56407A7791609DC1
:102FE000D29E4473096F70811175FD5FDA60A89AF3
:102FF000DB72BC8F646B0398CA4EF0566457BE58A0
:103000005A5A6860C7610F6606663968B168F76D1D
:10301000D5753A7D6E82429B9B4E504FC9530655E3
:103020006F5DE65DEE5DFB67996C73740278508AA4
:103030009693DF885057A75E2B63B550AC508D51E7
:103040000067C9545E58BB59B05B695F4D62A163AC
:103050003D68736B086E7D70C79180721578267815
:103060006D798E65307DDC83C188098F9B966452B3
:10307000285750676A7FA18CB45142572A963A5814
:103080008A69B480B2540E5DFC579578FA9D5C4F06
:103090004A528B543E6428661467F567847A567BDF
:1030A000227D2F935C68AD9B397B19538A5137522F
:1030B000DF5BF662AE64E6642D67BA6BA985D196D4
:1030C0009076D69B4C630693AB9BBF765266094EB7
:1030D0009850C253715CE860926463655F68E67102
:1030E000CA732375977B827E9586838BDB8C789160
:1030F0001099AC65AB668B6BD54ED44E3A4F7F4F73
:103100003A52F853F253E355DB56EB58CB59C959B1
:10311000FF59505B4D5C025E2B5ED75F1D600763FD
:103120002F655C5BAF65BD65E8659D67626B7B6B1A
:103130000F6C45734979C179F87C197D2B7DA2808C
:103140000281F38196895E8A698A668A8C8AEE8A10
:10315000C78CDC8CCC96FC986F6B8B4E3C4F8D4FA4
:103160005051575BFA5B486101634266216BCB6E3D
:10317000BB6C3E72BD74D475C1783A790C803380D3
:10318000EA8194849E8F506C7F9E0F5F588B2B9D9D
:10319000FA7AF88E8D5BEB96034EF153F75731595F
:1031A000C95AA45B89607F6E066FBE75EA8C9F5B0F
:1031B0000085E07B7250F4679D82615C4A851E7ECB
:1031C0000E829951045C6863668D9C656E713E79D0
:1031D000177D05801D8BCA8E6E90C786AA901F50E2
:1031E000FA523A5C53677C7035724C91C8912B93BC
:1031F000E582C25B315FF9603B4ED653885B4B6220
:1032000031678A6BE972E0732E7A6B81A38D5291DC
:1032100096991251D7536A54FF5B8863396AAC7D23
:103220000097DA56CE536854975B315CDE5DEE4F03
:103230000161FE62326DC079CB79427D4D7ED27FD5
:10324000ED811F82908446887289908B748E2F8FB7
:1032500031904B916C91C6969C91C04E4F4F455109
:103260004153935F0E62D467416C0B6E6373267E8D
:10327000CD918392D4531959BF5BD16D5D792E7E68
:103280009B7C7E589F71FA515388F08FCA4FFB5C2C
:103290002566AC77E37A1C82FF99C651AA5FEC657C
:1032A0006F69896BF36D966E646FFE76147DE15DD8
:1032B000759087910698E6511D5240629166D966D5
:1032C0001A6EB65ED27D727FF866AF85F785F88A92
:1032D000A952D95373598F5E905F5560E4926496FA
:1032E000B7501F51DD5220534753EC53E854465515
:1032F000315517566859BE593C5AB55B065C0F5C90
:10330000115C1A5C845E8A5EE05E705F7F6284623C
:10331000DB628C63776307660C662D6676667E6774
:10332000A2681F6A356ABC6C886D096E586E3C7164
:1033300026716771C77501775D7801796579F079D4
:10334000E07A117BA77C397D9680D6838B84498572
:103350005D88F3881F8A3C8A548A738A618CDE8C6C
:10336000A49166927E9318949C9698970A4E084E64
:103370001E4E574E97517052CE573458CC58225B40
:10338000385EC560FE6461675667446DB6727375DA
:10339000637AB884728BB89120933156F457FE98B3
:1033A000ED620D69966BED71547E77807282E689CD
:1033B000DF985587B18F3B5C384FE14FB54F0755CC
:1033C000205ADD5BE95BC35F4E612F63B0654B66DE
:1033D000EE689B69786DF16D3375B9751F775E790D
:1033E000E679337DE381AF82AA85AA893A8AAB8EDA
:1033F0009B8F3290DD910797BA4EC14E035275589C
:10340000EC580B5C1A753D5C4E810A8AC58F639639
:103410006D97257BCF8A08986291F356A853179031
:1034200039548257255EA863346C8A7061778B7C2F
:10343000E07F708842905491109318938F965E7439
:10344000C49A075D695D7065A267A88DDB966E639F
:1034500049671969C5831798C096FE88846F7A6496
:10346000F85B164E2C705D752F66C4513652E252D1
:10347000D359815F276010623F6574651F6674666B
:10348000F2681668636B056E72721F75DB76BE7C20
:103490005680F058FD887F89A08A938ACB8A1D9038
:1034A00092915297599789650E7A0681BB962D5E47
:1034B000DC601A62A56514669067F3774D7A4D7CDF
:1034C0003E7E0A81AC8C648DE18D5F8EA9780752B7
:1034D000D962A563426498622D8A837AC07BAC8AE4
:1034E000EA96767D0C824987D94E48514353605302
:1034F000A35B025C165CDD5D26624762B064136804
:103500003468C96C456D176DD3675C6F4E717D7102
:10351000CB657F7AAD7BDA7D4A7EA87F7A811B827C
:103520003982A6856E8ACE8CF58D78907790AD9293
:1035300091928395AE9B4D528455386F3671685188
:103540008579557EB381CE7C4C565158A85CAA63D0
:10355000FE66FD665A69D9728F758E750E79567939
:10356000DF79977C207D447D0786348A3B96619085
:10357000209FE7507552CC53E2530950AA55EE589C
:103580004F593D728B5B645C1D53E360F3605C6379
:1035900083633F63BB63CD64E965F966E35DCD6931
:1035A000FD69156FE571894EE975F876937ADF7CD0
:1035B000CF7D9C7D6180498358836C84BC84FB856E
:1035C000C588708D01906D9097931C97129ACF507B
:1035D00097588E61D3813585088D2090C34F7450E4
:1035E000475273536F6049635F672C6EB38D1F90B2
:1035F000D74F5E5CCA8CCF659A7D525396887651C0
:10360000C363585B6B5B0A5C0D6451675C90D64E7C
:103610001A592A59706C518A3E551558A559F060AF
:103620005362C167358255694096C499289A534FB1
:103630000658FE5B1080B15C2F5E855F20604B6199
:103640003462FF66F06CDE6ECE807F81D4828B8820
:10365000B88C00902E908A96DB9EDB9BE34EF05355
:1036600027592C7B8D914C98F99DDD6E2770535313
:103670004455855B58629E62D362A26CEF6F2274E0
:10368000178A3894C16FFE8A3883E751F886EA5367
:10369000E953464F5490B08F6A593181FD5DEA7A03
:1036A000BF8FDA68378CF872489C3D6AB08A394E11
:1036B000585306566657C562A263E6654E6BE16DC8
:1036C0005B6EAD70ED77EF7AAA7BBB7D3D80C680E7
:1036D000CB86958A5B93E356C7583E5FAD65966689
:1036E000806AB56B3775C78A2450E57730571B5F02
:1036F00065607A66606CF4751A7A6E7FF48118875B
:103700004590B399C97B5C75F97A517BC48410905C
:10371000E979927A3683E15A40772D4EF24E995BE1
:10372000E05FBD623C66F167E86C6B8677883B8A38
:103730004E91F392D099176A26702A73E7825784C4
:10374000AF8C014E4651CB518B55F55B165E335E07
:10375000815E145F355F6B5FB45FF2611163A266D7
:103760001D676E6F52723A753A777480398178812D
:103770007687BF8ADC8A858DF38D9A927795029839
:10378000E59CC5525763F4761567886CCD73C38C7E
:10379000AE937396256D9C580E69CC69FD8F9A93F4
:1037A000DB751A905A580268B463FB69434F2C6F5B
:1037B000D867BB8F2685B47D54933F69706F6A5775
:1037C000F7582C5B2C7D2A720A54E391B49DAD4EC0
:1037D0004E4F5C50755043529E8C485424589A5B0F
:1037E0001D5E955EAD5EF75E1F5F8C60B5623A63ED
:1037F000D063AF68406C87788E790B7AE07D478222
:10380000028AE68A448E1390B8902D91D8910E9F2B
:10381000E56C5864E2647565F46E84761B7B699090
:10382000D193BA6EF254B95FA4644D8FED8F449278
:1038300078516B582959555C975EFB6D8F7E1C75CE
:10384000BC8CE28E5B98B9701D4FBF6BB16F307549
:10385000FB964E51105435585758AC59605C925FE6
:1038600097655C67216E7B76DF83ED8C1490FD900D
:103870004D9325783A78AA52A65E1F577459126064
:1038800012505A51AC51CD510052105554585858FD
:103890005759955BF65C8B5DBC6095622D647167D2
:1038A0004368BC68DF68D776D86D6F6E9B6D6F70AC
:1038B000C871535FD8757779497B547B527BD67C2E
:1038C000717D305263846985E4850E8A048B468C51
:1038D0000F8E03900F90199476962D98309AD89564
:1038E000CD50D5520C5402580E5CA7619E641E6DDB
:1038F000B377E57AF480048453908592E05C079D69
:103900003F53975FB35F9C6D79726377BF79E47BB8
:10391000D26BEC72AD8A0368616AF851817A3469BE
:103920004A5CF69CEB82C55B49911E7078566F5CD1
:10393000C76066658C6C5A8C419013985154C76669
:103940000D924859A39085514D4EEA5199850E8BA1
:1039500058707A634B936269B499047E77755753B4
:103960006069DF8EE3965D6C8C4E3C5C105FE98F86
:103970000253D18C89807986FF5EE565734E65516F
:1039800082593F5CEE97FB4E8A59CD5F8D8AE16F7D
:10399000B0796279E75B71842B73B171745EF55F06
:1039A0007B639A64C371987C434EFC5E4B4EDC573C
:1039B000A256A960C36F0D7DFD803381BF81B28F98
:1039C0009789A486F45D8A62AD6487897767E26C23
:1039D0003E6D36743478465A757FAD82AC99F34F9C
:1039E000C35EDD62926357656F67C3764C72CC80AD
:1039F000BA80298F4D910D50F957925A8568736995
:103A00006471FD72B78CF258E08C6A9619907F87CA
:103A1000E479E77729842F4F65525A53CD62CF67F7
:103A2000CA6C7D76947B957C36828485EB8FDD66CF
:103A3000206F06721B7EAB83C199A69EFD51B17BA0
:103A40007278B87B8780487BE86A615E8C805175AC
:103A500060756B5162928C6E7A769791EA9A104FEC
:103A6000707F9C624F7BA595E99C7A565958E486F5
:103A7000BC96344F24524A53CD53DB53065E2C641C
:103A800091657F673E6C4E6C4872AF72ED735475F2
:103A9000417E2C82E985A98CC47BC69169711298FC
:103AA000EF983D6369666A75E476D0784385EE8663
:103AB0002A53515326548359875E7C5FB260496212
:103AC0007962AB629065D46BCC6CB275AE7691784E
:103AD000D879CB7D777FA580AB88B98ABB8C7F9066
:103AE0005E97DB980B6A387C99503E5CAE5F8767C7
:103AF000D86B357409778E7F3B9FCA67177A395325
:103B00008B75ED9A665F9D81F18398803C5FC55F00
:103B10006275467B3C906768EB599B5A107D7E76B8
:103B20002C8BF54F6A5F196A376C026FE274687903
:103B30006888558A798CDF5ECF63C575D279D78264
:103B40002893F2929C84ED862D9CC1546C5F8C6509
:103B50005C6D1570A78CD38C3B984F65F6740D4E39
:103B6000D84EE0572B59665ACC5BA851035E9C5E39
:103B7000166076627765A7656E666E6D3672267B17
:103B800050819A8199825C8BA08CE68C748D1C96F6
:103B90004496AE4FAB64666B1E8261846A85E89082
:103BA000015C5369A8987A8457850F4F6F52A95FBB
:103BB000455E0D678F79798107898689F56D175F75
:103BC0005562B86CCF4E6972929B06523B54745644
:103BD000B358A4616E621A716E59897CDE7C1B7DBC
:103BE000F09687655E80194E754F75514058635E3B
:103BF000735E0A5FC467264E3D8589955B96737C2C
:103C00000198FB50C1585676A7782552A5771185A3
:103C1000867B4F5009594772C77BE87DBA8FD48F96
:103C20004D90BF4FC952295A015FAD97DD4F1782A2
:103C3000EA9203575563696B2B75DC88148F427ABF
:103C4000DF52935855610A62AE66CD6B3F7CE983C3
:103C50002350F84F05534654315849599D5BF05C49
:103C6000EF5C295D965EB16267633E65B9650B677F
:103C7000D56CE16CF97032782B7EDE80B3820C84D7
:103C8000EC84028712892A8A4A8CA690D292FD98E7
:103C9000F39C6C9D4F4EA14E8D5056524A57A859D9
:103CA0003D5ED85FD95F3F62B4661B67D067D2685C
:103CB0009251217DAA80A881008B8C8CBF8C7E9232
:103CC000329620542C981753D5505C53A858B264A0
:103CD000346767726677467AE691C352A16C866B49
:103CE00000584C5E54592C67FB7FE151C6766964DD
:103CF000E878549BBB9ECB57B95927669A67CE6B21
:103D0000E954D969555E9C819567AA9BFE67529CD0
:103D10005D68A64EE34FC853B9622B67AB6CC48F86
:103D2000AD4F6D7EBF9E074E6261806E2B6F138517
:103D300073542A67459BF35D957BAC5CC65B1C871F
:103D40004A6ED184147A088199598D7C116C207740
:103D5000D952225921715F72DB772797619D0B69D8
:103D60007F5A185AA5510D547D540E66DF76F78F91
:103D70009892F49CEA595D72C56E4D51C968BF7D39
:103D8000EC7D6297BA9E7864216A028384595F5BF6
:103D9000DB6B1B73F276B27D1780998432512867F2
:103DA000D99EEE766267FF520599245C3B627E7C69
:103DB000B08C4F55B6600B7D809501535F4EB65168
:103DC0001C593A723680CE91255FE2778453795F31
:103DD000047DAC85338A8D8E5697F367AE855394F8
:103DE00009610861B96C5276ED8A388F2F55514FB1
:103DF0002A51C752CB53A55B7D5EA0608261D6631A
:103E00000967DA67676E8C6D367337733175507971
:103E1000D588988A4A909190F590C4968D871559C7
:103E2000884E594F0E4E898A3F8F1098AD507C5E58
:103E30009659B95BB85EDA63FA63C164DC664A69B5
:103E4000D8690B6DB66E94712875AF7A8A7F008041
:103E50004984C9848189218B0A8E65907D960A994F
:103E60007E619162326B836C746DCC7FFC7FC06D20
:103E7000857FBA87F8886567B1833C98F7961B6D94
:103E8000617D3D846A91714E7553505D046BEB6F9B
:103E9000CD852D86A78929520F54655C4E67A86889
:103EA00006748374E275CF88E188CC91E2967896A7
:103EB0008B5F8773CB7A4E84A06365758952416DA1
:103EC0009C6E097459756B78927C8696DC7A8D9F0E
:103ED000B64F6E61C5655C86864EAE4EDA50214E99
:103EE000CC51EE5B99658168BC6D1F734276AD77EE
:103EF0001C7AE77C6F82D28A7C90CF917596189855
:103F00009B52D17D2B5098539767CB6DD0713374F2
:103F1000E8812A8FA396579C9F9E60744158996DA3
:103F20002F7D5E98E44E364F8B4FB751B152BA5D3C
:103F30001C60B2733C79D3823492B796F6960A9796
:103F4000979E629FA666746B1752A352C870C28870
:103F5000C95E4B609061236F49713E7CF47D6F8038
:103F6000EE8423902C9342546F9BD36A8970C28C49
:103F7000EF8D3297B452415ACA5E045F17677C696D
:103F800094696A6D0F6F6272FC72ED7B01807E80B6
:103F90004B87CE906D51939E84798B803293D68AD5
:103FA0002D508C54718A6A6BC48C0781D160A067D4
:103FB000F29D994E984E109C6B8AC1856885006968
:103FC0007E6E977855810000002502250C2510256E
:103FD000182514251C252C25242534253C250125B0
:103FE00003250F2513251B251725232533252B25D1
:103FF0003B254B2520252F25282537253F251D2509
:1040000030252525382542251004110412041304F7
:1040100014041504010416041704180419041A04DE
:104020001B041C041D041E041F042004210422047C
:1040300023042404250426042704280429042A042C
:104040002B042C042D042E042F040000000000007B
:104050000000000000000000000000000000000060
:10406000000000000000000030043104320433047A
:1040700034043504510436043704380439043A044E
:104080003B043C043D043E043F044004410442041C
:1040900043044404450446044704480449044A04CC
:1040A0004B044C044D044E044F0400009103920352
:1040B00093039403950396039703980399039A0334
:1040C0009B039C039D039E039F03A003A103A303E3
:1040D000A403A503A603A703A803A90300000000E7
:1040E000000000000000000000000000B103B20367
:1040F000B303B403B503B603B703B803B903BA03F4
:10410000BB03BC03BD03BE03BF03C003C103C303A2
:10411000C403C503C603C703C803C90300000000E6
:10412000000000000000000000000001010101018A
:104130000101010101000000000000000101010176
:10414000010101010101010101010101010101015F
:104150000101010101010000000000000001010156
:10416000010101010101010101010101010101013F
:104170000101010101010100C625A125A025B325EA
:10418000B225BD25BC253B201230922190219121E2
:104190009321133000000000000000000000000028
:1041A0000000000000000000000008220B22862210
:1041B0008722822283222A22292200000000000076
:1041C0000000000000000000000027222822AC00B0
:1041D000D221D42100220322292200000000000065
:1041E000000000000000000000000000000020228D
:1041F000A522122302220722612252226A226B2266
:104200001A223D221D2235222B222C2200000000E2
:10421000000000000000000000002B2130206F266D
:104220006D266A2620202120B6002C2200000000E6
:104230000000EF250030013002300CFF0EFFFB3094
:104240001AFF1BFF1FFF01FF9B309C30B40040FF93
:10425000A8003EFF3E203FFFFD30FE309D309E30E7
:104260000330DD4E053006300730FC3014201020BE
:104270000FFF3CFF1C3016205CFF26202520182055
:1042800019201C201D2008FF09FF143015303BFFAA
:104290003DFF5BFF5DFF083009300A300B300C300A
:1042A0000D300E300F30103011300BFF1222B100E4
:1042B000D700F7001DFF60221CFF1EFF6622672249
:1042C0001E22342242264026B00032203320032111
:1042D000A50004FFA200A30005FF03FF06FF0AFFDD
:1042E00020FFA70006260526CB25CF25CE25C725EE
:1042F00030303030303030303030303030303030BE
:1043000020202020202020202020202020202020AD
:10431000000000001F001C2000000000142100000D
:1043200002001624000000001425000002001528D9
:1043300000000000112900000000142A0000000005
:10434000182B00000000142C00000000102D0000AD
:104350000000142E000001000C3000000900143A87
:1043600000000100183C00000200143F00000100A2
:10437000034100001900155B00000000145C000000
:104380000000115D00000000175E000000000F5FDC
:104390000000000017600000000003610000190029
:1043A000157B00000000187C00000000117D00005B
:1043B0000000187E00000000007F000020001CA00C
:1043C0000000000014A10000000016A2000003007D
:1043D00019A60000000014A70000000017A80000A4
:1043E000000019A90000000006AA0000000013AB9D
:1043F0000000000018AC0000000001AD000000004B
:1044000019AE0000000017AF0000000019B0000056
:10441000000018B1000000000EB20000010017B447
:104420000000000003B50000000014B60000010009
:1044300017B8000000000EB90000000006BA000026
:10444000000012BB000000000EBC0000020014BF00
:104450000000000003C00000160018D70000000094
:1044600003D80000060004DF0000000003E00000A5
:10447000160018F70000000003F800003F000438A1
:1044800001000000033901000F0004490100000091
:10449000034A01004200048D01000000038E010068
:1044A0000C00049B01000000039C01000D0004AA05
:1044B0000100010003AC01000D0004BA010000007E
:1044C00006BB0100000003BC0100010004BE0100A6
:1044D000000003BF0100000006C00100030003C488
:1044E0000100000007C50100000003C60100010033
:1044F00007C80100000003C90100010007CB01004B
:10450000000003CC0100230004F00100000003F1CF
:104510000100000007F20100000003F301002D007C
:1045200004210200000003220200110004340200F2
:104530000500033A02001A00045502000000035669
:1045400002000100045802000000035902000000AC
:10455000045A02000000035B02000100045D020037
:104560000200036002000100046202000000036315
:104570000200000004640200000003650200010064
:10458000046702000000036802000400046D0200DA
:104590000100036F020000000470020000000371BC
:1045A0000200010004730200010003750200000014
:1045B000047602000600037D02000000047E020073
:1045C0000100038002000000048102000000038259
:1045D00002000100048402000200038702000500BB
:1045E000048D020004000392020000000493020004
:1045F0000000069402000000049502000700039DDD
:1046000002000100049F0200100005B0020011002A
:1046100017C20200030005C602000B0017D20200F9
:104620000D0005E00200040017E50200060005EC9D
:104630000200000017ED0200000005EE020000007D
:1046400017EF020010000B0003006F00037003005F
:1046500003000574030000001775030000000376D3
:1046600003000100057A03000000037B0300020041
:10467000147E03000000037F030000001784030082
:104680000100038603000000148703000000038874
:1046900003000200038C03000000038E03000100EE
:1046A00004900300000003910300100003A3030023
:1046B0000C0004B00300000003B10300200008D286
:1046C0000300020003D50300200018F603000000D9
:1046D00003F70300040004FC0300000003FD0300D3
:1046E00084001982040000000B83040004000A887F
:1046F00004000100038A0400A50003310500250021
:10470000055905000000145A050005000460050065
:1047100000000361050025000487050001001489DD
:1047200005000000108A05000000198D0500010039
:10473000168F050000000B9105002C0010BE05002F
:1047400000000BBF0500000014C0050000000BC1F5
:104750000500010014C3050000000BC405000100A2
:1047600014C6050000000BC70500000006D00500B8
:104770001A0006EF0500030014F305000100010014
:1047800006000500180606000200140906000100D4
:10479000160B06000000140C06000100190E06009E
:1047A00001000B1006000A00141B06000000011C8B
:1047B00006000000141D06000200062006001F006F
:1047C0000540060000000641060009000B4B0600EC
:1047D00014000C6006000900146A06000300066E4F
:1047E000060001000B700600000006710600620062
:1047F00014D40600000006D5060000000BD6060003
:10480000060001DD0600000019DE060000000BDFD7
:104810000600050005E5060001000BE706000100A3
:1048200019E9060000000BEA0600030006EE060088
:1048300001000CF00600090006FA0600020019FD4E
:104840000600010006FF06000000140007000D002E
:10485000010F070000000610070000000B11070001
:104860000000061207001D000B3007001A00064D5D
:10487000070058000BA607000A0006B10700000059
:104880000CC00700090006CA070020000BEB070058
:10489000080005F40700010019F60700000014F7EE
:1048A0000700020005FA070000000BFD07000000EA
:1048B00016FE070001000600080015000B16080090
:1048C0000300051A080000000B1B0800080005245F
:1048D000080000000B250800020005280800000061
:1048E0000B2908000400143008000E0006400800E0
:1048F00018000B5908000200145E08000000066052
:1049000008000A0006700800170017880800000059
:104910000689080005000190080001000B980800B6
:10492000070006A00800280005C9080000000BCAFF
:104930000800170001E2080000000BE308001F0058
:104940000903090000000604090035000B3A0900BC
:104950000000093B090000000B3C09000000063D77
:1049600009000000093E090002000B410900070090
:104970000949090003000B4D09000000094E090018
:1049800001000650090000000B51090006000658FE
:10499000090009000B62090001001464090001000C
:1049A0000C66090009001470090000000571090077
:1049B0000000067209000E000B8109000000098248
:1049C00009000100068509000700068F09000100A3
:1049D00006930900150006AA0900060006B20900A0
:1049E000000006B6090003000BBC0900000006BD6C
:1049F0000900000009BE090002000BC10900030004
:104A000009C70900010009CB090001000BCD09000D
:104A1000000006CE0900000009D70900000006DCEE
:104A20000900010006DF090002000BE20900010095
:104A30000CE60900090006F00900010016F2090061
:104A400001000EF40900050019FA0900000016FB28
:104A50000900000006FC0900000014FD0900000028
:104A60000BFE090000000B010A00010009030A0007
:104A7000000006050A000500060F0A0001000613E3
:104A80000A001500062A0A00060006320A00010084
:104A900006350A00010006380A0001000B3C0A0036
:104AA0000000093E0A0002000B410A0001000B470A
:104AB0000A0001000B4B0A0002000B510A00000023
:104AC00006590A000300065E0A0000000C660A0090
:104AD00009000B700A00010006720A0002000B7543
:104AE0000A00000014760A0000000B810A00010091
:104AF00009830A00000006850A000800068F0A00E4
:104B0000020006930A00150006AA0A00060006B273
:104B10000A00010006B50A0004000BBC0A000000F0
:104B200006BD0A00000009BE0A0002000BC10A000F
:104B300004000BC70A00010009C90A00000009CBE4
:104B40000A0001000BCD0A00000006D00A00000098
:104B500006E00A0001000BE20A0001000CE60A0070
:104B6000090014F00A00000016F10A00000006F91E
:104B70000A0000000BFA0A0005000B010B00000000
:104B800009020B00010006050B000700060F0B00D1
:104B9000010006130B001500062A0B000600063262
:104BA0000B00010006350B0004000B3C0B0000005D
:104BB000063D0B000000093E0B0000000B3F0B0000
:104BC000000009400B0000000B410B0003000947E7
:104BD0000B000100094B0B0001000B4D0B00000006
:104BE0000B550B00010009570B000000065C0B0081
:104BF0000100065F0B0002000B620B0001000C6657
:104C00000B00090019700B00000006710B0000007A
:104C10000E720B0005000B820B00000006830B00D8
:104C2000000006850B000500068E0B0002000692B0
:104C30000B00030006990B000100069C0B0000000E
:104C4000069E0B00010006A30B00010006A80B0046
:104C5000020006AE0B000B0009BE0B0001000BC0EA
:104C60000B00000009C10B00010009C60B00020087
:104C700009CA0B0002000BCD0B00000006D00B0090
:104C8000000009D70B0000000CE60B0009000EF035
:104C90000B00020019F30B00050016F90B000000D1
:104CA00019FA0B0000000B000C00000009010C00B9
:104CB00002000B040C00000006050C000700060EA5
:104CC0000C00020006120C001600062A0C000F0051
:104CD0000B3C0C000000063D0C0000000B3E0C00DD
:104CE000020009410C0003000B460C0002000B4AB5
:104CF0000C0003000B550C00010006580C000200CC
:104D0000065D0C00000006600C0001000B620C0048
:104D100001000C660C00090014770C0000000E78EE
:104D20000C000600197F0C00000006800C0000003B
:104D30000B810C00000009820C00010014840C009F
:104D4000000006850C000700068E0C00020006928B
:104D50000C00160006AA0C00090006B50C000400A1
:104D60000BBC0C00000006BD0C00000009BE0C00CE
:104D700000000BBF0C00000009C00C0004000BC6B3
:104D80000C00000009C70C00010009CA0C0001005A
:104D90000BCC0C00010009D50C00010006DD0C0055
:104DA000010006E00C0001000BE20C0001000CE623
:104DB0000C00090006F10C00010009F30C000000D2
:104DC0000B000D00010009020D00010006040D009A
:104DD0000800060E0D00020006120D0028000B3B15
:104DE0000D000100063D0D000000093E0D0002000F
:104DF0000B410D00030009460D000200094A0D0099
:104E000002000B4D0D000000064E0D000000194F72
:104E10000D00000006540D00020009570D000000AF
:104E20000E580D000600065F0D0002000B620D001B
:104E300001000C660D0009000E700D0008001979C4
:104E40000D000000067A0D0005000B810D0000002A
:104E500009820D00010006850D001100069A0D0063
:104E6000170006B30D00080006BD0D00000006C0C7
:104E70000D0006000BCA0D00000009CF0D00020056
:104E80000BD20D0002000BD60D00000009D80D005A
:104E900007000CE60D00090009F20D00010014F4F2
:104EA0000D00000006010E002F000B310E00000067
:104EB00006320E0001000B340E000600163F0E00F5
:104EC000000006400E00050005460E0000000B47DE
:104ED0000E000700144F0E0000000C500E000900D9
:104EE000145A0E00010006810E00010006840E0017
:104EF000000006860E000400068C0E00170006A5B2
:104F00000E00000006A70E0009000BB10E00000005
:104F100006B20E0001000BB40E00080006BD0E0024
:104F2000000006C00E00040005C60E0000000BC8FD
:104F30000E0006000CD00E00090006DC0E00030077
:104F400006000F00000019010F00020014040F00FA
:104F50000E0019130F00000014140F0000001915A3
:104F60000F0002000B180F000100191A0F000500B6
:104F70000C200F0009000E2A0F00090019340F0041
:104F800000000B350F00000019360F0000000B3732
:104F90000F00000019380F0000000B390F0000004F
:104FA000153A0F000000113B0F000000153C0F00E8
:104FB0000000113D0F000000093E0F0001000640F7
:104FC0000F00070006490F0023000B710F000D00B2
:104FD000097F0F0000000B800F00040014850F00F4
:104FE00000000B860F00010006880F0004000B8DE7
:104FF0000F000A000B990F00230019BE0F000700D5
:105000000BC60F00000019C70F00050019CE0F00D6
:10501000010014D00F00040019D50F00030014D9AB
:105020000F000100060010002A00092B10000100EB
:105030000B2D100003000931100000000B3210008E
:1050400005000938100000000B3910000100093B71
:10505000100001000B3D10000100063F1000000091
:105060000C4010000900144A100005000650100002
:1050700005000956100001000B5810000100065AE7
:10508000100003000B5E100002000661100000001B
:105090000962100002000665100001000967100097
:1050A0000600066E100002000B711000030006756A
:1050B00010000C000B82100000000983100001009A
:1050C0000B85100001000987100005000B8D1000F2
:1050D0000000068E10000000098F100000000C90E8
:1050E00010000900099A100002000B9D100000003A
:1050F000199E1000010003A01000250003C7100036
:10510000000003CD1000000003D010002A0014FBA3
:105110001000000005FC1000000003FD100002005C
:10512000060011004801064A120003000650120052
:105130000600065812000000065A1200030006601E
:1051400012002800068A12000300069012002000B8
:1051500006B21200030006B81200060006C01200D4
:10516000000006C21200030006C812000E0006D896
:105170001200380006121300030006181300420044
:105180000B5D130002001460130008000E69130089
:105190001300068013000F0019901300090003A0EC
:1051A0001300550003F81300050010001400000060
:1051B000060114006B02196D16000000146E160033
:1051C0000000066F160010001C801600000006810B
:1051D00016001900159B16000000119C1600000017
:1051E00006A016004A0014EB160002000DEE160091
:1051F000020006F1160007000600170011000B124E
:1052000017000200091517000000061F1700120002
:105210000B32170001000934170000001435170085
:1052200001000640170011000B5217000100066034
:1052300017000C00066E170002000B721700010029
:105240000680170033000BB41700010009B61700E1
:1052500000000BB71700060009BE170007000BC6B9
:105260001700000009C7170001000BC917000A004A
:1052700014D41700020005D71700000014D8170037
:10528000020016DB1700000006DC170000000BDD33
:10529000170000000CE0170009000EF017000900CD
:1052A000140018000500100618000000140718006C
:1052B00003000B0B18000200010E180000000B0F7A
:1052C000180000000C101800090006201800220029
:1052D000054318000000064418003400068018003A
:1052E00004000B85180001000687180021000BA997
:1052F0001800000006AA1800000006B018004500BB
:10530000060019001E000B201900020009231900D5
:1053100003000B27190001000929190002000930B8
:10532000190001000B3219000000093319000500B3
:105330000B3919000200194019000000144419002B
:1053400001000C4619000900065019001D000670E6
:1053500019000400068019002B0006B0190019007E
:105360000CD0190009000EDA1900000019DE19002E
:10537000210006001A0016000B171A000100091977
:105380001A0001000B1B1A000000141E1A00010075
:1053900006201A00340009551A0000000B561A00A6
:1053A000000009571A0000000B581A0006000B6095
:1053B0001A00000009611A0000000B621A000000C8
:1053C00009631A0001000B651A000700096D1A0035
:1053D00005000B731A0009000B7F1A0000000C80F7
:1053E0001A0009000C901A00090014A01A00060007
:1053F00005A71A00000014A81A0005000BB01A0037
:105400000D000ABE1A0000000BBF1A000F000B00AF
:105410001B00030009041B00000006051B002E00F2
:105420000B341B00000009351B0000000B361B006D
:105430000400093B1B0000000B3C1B000000093D61
:105440001B0004000B421B00000009431B0001006D
:1054500006451B0007000C501B000900145A1B00D6
:10546000060019611B0009000B6B1B000800197472
:105470001B000800147D1B0001000B801B000100B5
:1054800009821B00000006831B001D0009A11B00F0
:1054900000000BA21B00030009A61B0001000BA8C3
:1054A0001B00010009AA1B0000000BAB1B0002003F
:1054B00006AE1B0001000CB01B00090006BA1B0061
:1054C0002B000BE61B00000009E71B0000000BE8A7
:1054D0001B00010009EA1B0002000BED1B0000008D
:1054E00009EE1B0000000BEF1B00020009F21B007D
:1054F000010014FC1B00030006001C00230009240B
:105500001C0007000B2C1C00070009341C000100C4
:105510000B361C000100143B1C0004000C401C0056
:105520000900064D1C0002000C501C000900065A20
:105530001C001D0005781C000500147E1C000100E5
:1055400003801C00080003901C002A0003BD1C00FF
:10555000020014C01C0007000BD01C00020014D372
:105560001C0000000BD41C000C0009E11C00000012
:105570000BE21C00060006E91C0003000BED1C00FA
:10558000000006EE1C0005000BF41C00000006F5F0
:105590001C00010009F71C0000000BF81C000100B2
:1055A00006FA1C00000004001D002B00052C1D0045
:1055B0003E00046B1D000C0005781D0000000379FF
:1055C0001D000000047A1D000200037D1D00000084
:1055D000047E1D000F00038E1D000000048F1D00BF
:1055E0000B00059B1D0024000BC01D003F000300A5
:1055F0001E00950004961E000400039B1E00000080
:10560000049C1E000100039E1E000000049F1E005B
:10561000000003A01E00750003181F0005000320F2
:105620001F00250003481F00050004501F00000054
:1056300003511F00000004521F00000003531F000D
:10564000000004541F00000003551F000000045612
:105650001F00000003571F00000003591F00000037
:10566000035B1F000000035D1F000000035F1F00BD
:105670001E0003801F00070007881F00070003901B
:105680001F00070007981F00070003A01F00070066
:1056900007A81F00070003B01F00010004B21F008D
:1056A000000003B31F00000004B41F00000004B694
:1056B0001F00010003B81F00030007BC1F0000000B
:1056C00017BD1F00000003BE1F00000017BF1F0012
:1056D000020004C21F00000003C31F00000004C436
:1056E0001F00000004C61F00010003C81F000300C4
:1056F00007CC1F00000017CD1F00020003D01F00C1
:10570000010004D21F00010004D61F00010003D8CD
:105710001F00030017DD1F00020003E01F0001004F
:1057200004E21F00020003E51F00000004E61F0062
:10573000010003E81F00040017ED1F00020004F23F
:105740001F00000003F31F00000004F41F0000000E
:1057500004F61F00010003F81F00030007FC1F00F0
:10576000000017FD1F0001001C0020000A00010BB3
:105770002000040010102000050014162000010075
:10578000131820000000121920000000151A200034
:105790000000131B20000100121D20000000151E38
:1057A00020000000131F200000001420200007002C
:1057B0001A28200000001B2920000000012A2000D8
:1057C00004001C2F200000001430200008001339B2
:1057D00020000000123A20000000143B20000300CB
:1057E0000F3F200001001441200002001844200057
:1057F000000015452000000011462000000014475D
:1058000020000A001852200000001453200000005D
:105810000F54200000001455200009001C5F2000D8
:1058200000000160200004000166200009000E70E5
:10583000200000000571200000000E74200005000B
:10584000187A20000200157D20000000117E200043
:105850000000057F200000000E8020000900188A4B
:1058600020000200158D20000000118E2000000095
:10587000059020000C0016A0200020000BD0200076
:105880000C000ADD200003000BE1200000000AE20A
:10589000200002000BE520000B0019002100010090
:1058A000080221000000190321000300080721005D
:1058B0000000190821000100040A21000000080B63
:1058C00021000200040E2100010008102100020046
:1058D0000413210000001914210000000815210004
:1058E00000001916210001001818210000000819F5
:1058F00021000400191E21000500082421000000D9
:10590000192521000000032621000000192721008D
:105910000000082821000000192921000000032AA6
:1059200021000100082C21000100192E2100000097
:10593000042F210000000830210001000332210063
:105940000000083321000000043421000000063567
:1059500021000300043921000000193A2100010050
:10596000043C21000100083E2100010018402100F4
:105970000400084521000000044621000300194AE4
:1059800021000000184B21000000194C21000100EB
:10599000034E21000000194F210000000E5021008D
:1059A0000F000D60210022000383210001000D85FE
:1059B000210003000E8921000000198A2100010046
:1059C000189021000400199521000400189A210064
:1059D0000100199C2100030018A02100000019A15A
:1059E0002100010018A32100000019A421000100DA
:1059F00018A62100000019A72100060018AE2100FA
:105A0000000019AF21001E0018CE2100010019D09E
:105A10002100010018D22100000019D3210000004C
:105A200018D42100000019D521001E0018F421000F
:105A30000B011900230007001508230000001109BD
:105A400023000000150A23000000110B23000000B2
:105A5000190C230013001820230001001922230031
:105A60000600152923000000112A23000000192B2D
:105A700023005000187C23000000197D23001D0026
:105A8000189B2300180019B42300270018DC2300FA
:105A9000050019E223004400194024000A000E60AA
:105AA00024003B00199C24004D000EEA2400150040
:105AB00019002500B60018B72500000019B8250008
:105AC000080018C12500000019C22500350018F88B
:105AD00025000700190026006E00186F2600000040
:105AE00019702600F70015682700000011692700CB
:105AF0000000156A27000000116B27000000156CDC
:105B000027000000116D27000000156E270000001F
:105B1000116F270000001570270000001171270089
:105B20000000157227000000117327000000157493
:105B3000270000001175270000000E7627001D00C9
:105B4000199427002B0018C02700040015C5270052
:105B5000000011C62700000018C727001E0015E628
:105B60002700000011E72700000015E827000000CB
:105B700011E92700000015EA2700000011EB2700BB
:105B8000000015EC2700000011ED2700000015EEC5
:105B90002700000011EF2700000018F027000F0079
:105BA00019002800FF001800290082001583290031
:105BB00000001184290000001585290000001186CD
:105BC0002900000015872900000011882900000025
:105BD000158929000000118A29000000158B290071
:105BE0000000118C29000000158D29000000118E85
:105BF00029000000158F29000000119029000000E5
:105C00001591290000001192290000001593290028
:105C1000000011942900000015952900000011963C
:105C200029000000159729000000119829000000A4
:105C3000189929003E0015D82900000011D9290023
:105C4000000015DA2900000011DB2900000018DC33
:105C500029001F0015FC2900000011FD290000008B
:105C600018FE2900010119002B002F0018302B000D
:105C7000140019452B00010018472B000500194D91
:105C80002B00260019762B001F0019972B006800A7
:105C900003002C00700004712C00000003722C0023
:105CA000010004742C00000003752C00010004772F
:105CB0002C000400057C2C000100037E2C006500F4
:105CC00004E42C00000019E52C00050003EB2C0077
:105CD00003000BEF2C00020003F22C00010014F96A
:105CE0002C0003000EFD2C00000014FE2C0001000F
:105CF00003002D00250003272D000000032D2D009B
:105D0000000006302D003700056F2D0000001470D4
:105D10002D0000000B7F2D00000006802D001600D6
:105D200006A02D00060006A82D00060006B02D00D6
:105D3000060006B82D00060006C02D00060006C8A5
:105D40002D00060006D02D00060006D82D00060006
:105D50000BE02D001F0014002E00010013022E0086
:105D6000000012032E00000013042E000000120594
:105D70002E00000014062E00020013092E00000061
:105D8000120A2E000000140B2E000000130C2E002F
:105D90000000120D2E000000140E2E000800101737
:105DA0002E00000014182E000100101A2E00000012
:105DB000141B2E000000131C2E000000121D2E00CC
:105DC0000000141E2E00010013202E0000001221DE
:105DD0002E00000015222E00000011232E000000CE
:105DE00015242E00000011252E00000015262E007F
:105DF000000011272E00000015282E000000112998
:105E00002E000000142A2E000400052F2E00000092
:105E100014302E000900103A2E000100143C2E0010
:105E2000030010402E00000014412E000000154217
:105E30002E00000014432E000C0019502E0001000B
:105E400014522E00020015552E00000011562E008F
:105E5000000015572E00000011582E0000001559A3
:105E60002E000000115A2E000000155B2E000000CD
:105E7000115C2E000000105D2E00000019802E0025
:105E80001900199B2E00580019002F00D50019F099
:105E90002F000B001C003000000014013000020035
:105EA000190430000000050530000000060630002F
:105EB00000000D0730000000150830000000110937
:105EC00030000000150A30000000110B3000000007
:105ED000150C30000000110D30000000150E3000D0
:105EE0000000110F300000001510300000001111EB
:105EF00030000000191230000100151430000000BD
:105F00001115300000001516300000001117300088
:105F10000000151830000000111930000000151A9B
:105F200030000000111B30000000101C3000000089
:105F3000151D30000000111E300001001920300036
:105F400000000D21300008000B2A30000300092E4C
:105F50003000010010303000000005313000040036
:105F60001936300001000D3830000200053B3000CA
:105F70000000063C30000000143D30000000193ED7
:105F8000300001000641300055000B99300001003F
:105F9000179B30000100059D30000100069F300076
:105FA000000010A03000000006A13000590014FBD2
:105FB0003000000005FC3000020006FF3000000049
:105FC000060531002A00063131005D0019903100CC
:105FD00001000E923100030019963100090006A05D
:105FE00031001F0019C03100230006F031000F00FE
:105FF000190032001E000E2032000900192A32005A
:106000001D000E48320007001950320000000E51EA
:1060100032000E00196032001F000E8032000900AD
:10602000198A320026000EB132000E0019C032006B
:106030003F0106003400BF1919C04D003F000600A3
:106040004E0014520515A00000000616A0007604AC
:106050001990A400360006D0A400270005F8A4007B
:10606000050014FEA40001000600A5000B01050CAC
:10607000A6000000140DA60002000610A6000F00E6
:106080000C20A6000900062AA60001000340A60075
:106090002D00066EA60000000B6FA60000000A701F
:1060A000A60002001473A60000000B74A6000900ED
:1060B000147EA6000000057FA60000000380A60055
:1060C0001B00059CA60001000B9EA600010006A077
:1060D000A60045000DE6A60009000BF0A600010091
:1060E00014F2A60005001700A70016000517A70068
:1060F00008001720A70001000322A7000D000430AC
:10610000A70001000332A7003D000570A7000000B2
:106110000471A70007000379A7000E000588A700F7
:1061200000001789A7000100038BA7000200048E5E
:10613000A7000000068FA70000000390A70004003E
:106140000495A70000000396A700180004AFA7005D
:10615000000003B0A7001A0003D0A700010004D379
:10616000A700000004D5A700000003D6A700030085
:1061700005F2A700020003F5A700010006F7A7003B
:10618000000005F8A700010004FAA700000006FBC4
:10619000A70006000B02A80000000603A8000200EA
:1061A0000B06A80000000607A80003000B0BA800C0
:1061B0000000060CA80016000923A80001000B250A
:1061C000A80001000927A80000001928A800030062
:1061D0000B2CA80000000E30A80005001936A800FE
:1061E00001001638A80000001939A8000000064078
:1061F000A80033001474A80003000980A80001005F
:106200000682A800310009B4A8000F000BC4A80042
:10621000010014CEA80001000CD0A80009000BE07A
:10622000A800110006F2A800050014F8A80002005A
:1062300006FBA800000014FCA800000006FDA80052
:1062400001000BFFA80000000C00A9000900060ACD
:10625000A9001B000B26A9000700142EA9000100AD
:106260000630A90016000B47A9000A000952A90030
:106270000100145FA90000000660A9001C000B804B
:10628000A90002000983A90000000684A9002E00CD
:106290000BB3A900000009B4A90001000BB6A900C6
:1062A000030009BAA90001000BBCA900010009BE46
:1062B000A900020014C1A9000C0005CFA90000002C
:1062C0000CD0A900090014DEA900010006E0A90015
:1062D00004000BE5A900000005E6A900000006E7A0
:1062E000A90008000CF0A900090006FAA9000400A2
:1062F0000600AA0028000B29AA000500092FAA0001
:1063000001000B31AA0001000933AA0001000B357E
:10631000AA0001000640AA0002000B43AA000000E8
:106320000644AA0007000B4CAA000000094DAA0071
:1063300000000C50AA000900145CAA0003000660CB
:10634000AA000F000570AA0000000671AA0005004F
:106350001977AA000200067AAA000000097BAA00A9
:1063600000000B7CAA000000097DAA000000067E48
:10637000AA0031000BB0AA00000006B1AA0000007C
:106380000BB2AA00020006B5AA0001000BB7AA00D2
:10639000010006B9AA0004000BBEAA00010006C055
:1063A000AA0000000BC1AA00000006C2AA0000005B
:1063B00006DBAA00010005DDAA00000014DEAA0029
:1063C000010006E0AA000A0009EBAA0000000BEC9D
:1063D000AA00010009EEAA00010014F0AA000100C1
:1063E00006F2AA00000005F3AA00010009F5AA00C0
:1063F00000000BF6AA0000000601AB00050006092C
:10640000AB0005000611AB0005000620AB0006003E
:106410000628AB0006000430AB0022000353AB009B
:1064200000000454AB000600175BAB000000055CE5
:10643000AB0003000460AB0008000569AB0000007E
:10644000176AAB0001000370AB004F0006C0AB0041
:10645000220009E3AB0001000BE5AB00000009E6F8
:10646000AB0001000BE8AB00000009E9AB00010044
:1064700014EBAB00000009ECAB0000000BEDAB002F
:1064800000000CF0AB0009000600AC00A32B06B026
:10649000D700160006CBD70030000200D800FF0757
:1064A0000600F9006D010670FA0069000400FB00A7
:1064B00006000413FB000400061DFB0000000B1E79
:1064C000FB000000061FFB0009001829FB0000006C
:1064D000062AFB000C000638FB000400063EFB0009
:1064E00000000640FB0001000643FB0001000646D9
:1064F000FB006B0017B2FB00100006D3FB006A0123
:10650000113EFD000000153FFD0000001940FD0098
:106510000F000650FD003F000692FD00350019CF28
:10652000FD00000006F0FD000B0016FCFD00000061
:1065300019FDFD0002000B00FE000F001410FE000C
:1065400006001517FE0000001118FE0000001419C7
:10655000FE0000000B20FE000F001430FE000000C3
:106560001031FE0001000F33FE0001001535FE0062
:1065700000001136FE0000001537FE000000113843
:10658000FE0000001539FE000000113AFE00000078
:10659000153BFE000000113CFE000000153DFE0012
:1065A0000000113EFE000000153FFE0000001140FB
:1065B000FE0000001541FE0000001142FE00000038
:1065C0001543FE0000001144FE0000001445FE00CB
:1065D00001001547FE0000001148FE0000001449AC
:1065E000FE0003000F4DFE0002001450FE000200EA
:1065F0001454FE0003001058FE0000001559FE0060
:106600000000115AFE000000155BFE000000115C46
:10661000FE000000155DFE000000115EFE0000009F
:10662000145FFE0002001862FE0000001063FE000E
:1066300000001864FE0002001468FE0000001669E5
:10664000FE000000146AFE0001000670FE00040057
:106650000676FE00860001FFFE0000001401FF0028
:1066600002001604FF0000001405FF0002001508D8
:10667000FF0000001109FF000000140AFF000000E5
:10668000180BFF000000140CFF000000100DFF00AD
:106690000000140EFF0001000C10FF000900141A86
:1066A000FF000100181CFF000200141FFF00010082
:1066B0000321FF001900153BFF000000143CFF0000
:1066C0000000113DFF000000173EFF0000000F3FDB
:1066D000FF0000001740FF0000000341FF00190009
:1066E000155BFF000000185CFF000000115DFF005B
:1066F0000000185EFF000000155FFF000000116041
:10670000FF0000001461FF0000001562FF000000A0
:106710001163FF0000001464FF0001000666FF0023
:1067200009000570FF0000000671FF002C00059EA7
:10673000FF00010006A0FF001E0006C2FF000500CA
:1067400006CAFF00050006D2FF00050006DAFF00BA
:10675000020016E0FF00010018E2FF00000017E34E
:10676000FF00000019E4FF00000016E5FF00010033
:1067700019E8FF00000018E9FF00030019EDFF0011
:10678000010001F9FF00020019FCFF0001000600F2
:1067900000010B00060D000119000628000112007F
:1067A000063C00010100063F00010E0006500001FA
:1067B0000D00068000017A001400010102000E079E
:1067C00001012C001937010108000D4001013400BE
:1067D0000E75010103001979010110000E8A0101F3
:1067E0000100198C01010200199001010C0019A08F
:1067F0000101000019D001012C000BFD0101000076
:10680000068002011C0006A0020130000BE002011C
:1068100000000EE102011A00060003011F000E2015
:1068200003010300062D030113000D4103010000C5
:106830000642030107000D4A030100000650030150
:1068400025000B7603010400068003011D00149F40
:106850000301000006A00301230006C8030107008E
:1068600014D0030100000DD1030104000300040152
:106870004F00065004014D000CA00401090003B0B4
:106880000401230003D804012300060005012700AA
:10689000063005013300146F050100000370050187
:1068A0000A00037C05010E00038C05010600039419
:1068B00005010100039705010A0003A305010E006D
:1068C00003B30501060003BB050101000600060134
:1068D0003601064007011500066007010700058024
:1068E0000701050005870701290005B20701080017
:1068F000060008010500060808010000060A080154
:106900002B00063708010100063C08010000063F85
:10691000080116001457080100000E58080107006E
:106920000660080116001977080101000E790801B8
:106930000600068008011E000EA70801080006E0F8
:106940000801120006F4080101000EFB0801040012
:106950000600090115000E1609010500141F0901A2
:106960000000062009011900143F090100000680FB
:10697000090137000EBC0901010006BE0901010032
:106980000EC009010F000ED209012D0006000A01F8
:1069900000000B010A0102000B050A0101000B0CAB
:1069A0000A01030006100A01030006150A0102008D
:1069B00006190A011C000B380A0102000B3F0A01EC
:1069C00000000E400A01080014500A010800066089
:1069D0000A011C000E7D0A010100147F0A0100005B
:1069E00006800A011C000E9D0A01020006C00A0171
:1069F000070019C80A01000006C90A011B000BE5BF
:106A00000A0101000EEB0A01040014F00A0106005D
:106A100006000B01350014390B01060006400B017E
:106A200015000E580B01070006600B0112000E78CE
:106A30000B01070006800B01110014990B010300E4
:106A40000EA90B01060006000C01480003800C0192
:106A5000320003C00C0132000EFA0C0105000600E2
:106A60000D0123000B240D0103000C300D01090062
:106A70000E600E011E0006800E0129000BAB0E01F8
:106A8000010010AD0E01000006B00E0101000BFD6B
:106A90000E01020006000F011C000E1D0F0109006F
:106AA00006270F01000006300F0115000B460F01ED
:106AB0000A000E510F01030014550F010400067067
:106AC0000F0111000B820F01030014860F01030058
:106AD00006B00F0114000EC50F01060006E00F01FD
:106AE00016000900100100000B011001000009024E
:106AF000100100000603100134000B3810010E00D5
:106B00001447100106000E52100113000C6610010C
:106B100009000B70100100000671100101000B73D9
:106B2000100101000675100100000B7F100102002A
:106B3000098210010000068310012C0009B0100129
:106B400002000BB31001030009B7100101000BB9DB
:106B50001001010014BB1001010001BD1001000073
:106B600014BE100103000BC21001000001CD100182
:106B7000000006D0100118000CF0100109000B00F5
:106B8000110102000603110123000B27110104006B
:106B9000092C110100000B2D110107000C36110109
:106BA00009001440110103000644110100000945C9
:106BB00011010100064711010000065011012200D9
:106BC0000B7311010000147411010100067611010C
:106BD00000000B80110101000982110100000683F1
:106BE00011012F0009B3110102000BB611010800B9
:106BF00009BF1101010006C11101030014C51101F3
:106C000003000BC91101030014CD1101000009CECE
:106C1000110100000BCF110100000CD0110109007F
:106C200006DA1101000014DB1101000006DC11017D
:106C3000000014DD110102000EE111011300060035
:106C400012011100061312011800092C1201020092
:106C50000B2F120102000932120101000B34120144
:106C600000000935120100000B3612010100143832
:106C7000120105000B3E12010000063F1201010047
:106C80000B41120100000680120106000688120165
:106C90000000068A12010300068F12010E00069FF3
:106CA0001201090014A91201000006B012012E0001
:106CB0000BDF1201000009E0120102000BE31201D8
:106CC00007000CF0120109000B001301010009027A
:106CD00013010100060513010700060F130101004F
:106CE000061313011500062A1301060006321301CC
:106CF00001000635130104000B3B13010100063DA2
:106D000013010000093E130101000B4013010000B4
:106D1000094113010300094713010100094B130145
:106D20000200065013010000095713010000065D20
:106D3000130104000962130101000B661301060030
:106D40000B7013010400060014013400093514010E
:106D500002000B38140107000940140101000B4226
:106D6000140102000945140100000B461401000043
:106D7000064714010300144B140104000C501401C5
:106D80000900145A14010100145D140100000B5E87
:106D900014010000065F14010200068014012F0098
:106DA00009B0140102000BB31401050009B9140164
:106DB00000000BBA1401000009BB140103000BBF53
:106DC0001401010009C1140100000BC214010100EB
:106DD00006C41401010014C61401000006C7140102
:106DE00000000CD014010900068015012E0009AF27
:106DF000150102000BB21501030009B815010300CB
:106E00000BBC1501010009BE150100000BBF1501E7
:106E1000010014C11501160006D8150103000BDC92
:106E200015010100060016012F00093016010200AD
:106E30000B3316010700093B160101000B3D16013B
:106E40000000093E160100000B3F1601010014412D
:106E5000160102000644160100000C50160109003C
:106E6000146016010C00068016012A000BAB1601F7
:106E7000000009AC160100000BAD1601000009AEC0
:106E8000160101000BB01601050009B6160100003D
:106E90000BB71601000006B81601000014B9160160
:106EA00000000CC016010900060017011A000B1D96
:106EB000170102000920170101000B22170103002E
:106EC0000926170100000B27170104000C301701D9
:106ED00009000E3A17010100143C17010200193F86
:106EE00017010000064017010600060018012B00DC
:106EF000092C180102000B2F18010800093818018D
:106F000000000B3918010100143B1801000003A018
:106F100018013F000CE0180109000EEA18010800F2
:106F200006FF18010700060919010000060C1901E7
:106F3000070006151901010006181901170009308C
:106F4000190105000937190101000B3B1901010066
:106F5000093D190100000B3E19010000063F19010F
:106F60000000094019010000064119010000094212
:106F7000190100000B43190100001444190102001B
:106F80000C501901090006A01901070006AA1901F1
:106F9000260009D1190102000BD4190103000BDAF4
:106FA0001901010009DC190103000BE019010000BF
:106FB00006E11901000014E21901000006E31901BD
:106FC000000009E41901000006001A0100000B018D
:106FD0001A010900060B1A0127000B331A010500DC
:106FE00009391A010000063A1A0100000B3B1A0188
:106FF0000300143F1A0107000B471A010000065056
:107000001A0100000B511A01050009571A0101006D
:107010000B591A010200065C1A012D000B8A1A0195
:107020000C0009971A0100000B981A010100149A2C
:107030001A010200069D1A010000149E1A010400A4
:1070400006B01A01480014001B01090006001C01CB
:107050000800060A1C012400092F1C0100000B3047
:107060001C0106000B381C010500093E1C01000034
:107070000B3F1C01000006401C01000014411C01D4
:1070800004000C501C0109000E5A1C01120014705F
:107090001C01010006721C011D000B921C01150051
:1070A00009A91C0100000BAA1C01060009B11C0162
:1070B00000000BB21C01010009B41C0100000BB55B
:1070C0001C01010006001D01060006081D0101004B
:1070D000060B1D0125000B311D0105000B3A1D019A
:1070E00000000B3C1D0101000B3F1D010600064680
:1070F0001D0100000B471D0100000C501D0109007F
:1071000006601D01050006671D010100066A1D01DC
:107110001F00098A1D0104000B901D010100099345
:107120001D0101000B951D01000009961D010000C5
:107130000B971D01000006981D0100000CA01D0109
:10714000090006E01E0112000BF31E01010009F503
:107150001E01010014F71E0101000B001F010100B8
:1071600006021F01000009031F01000006041F01A1
:107170000C0006121F01210009341F0101000B360B
:107180001F010400093E1F0101000B401F01000008
:1071900009411F0100000B421F01000014431F01A1
:1071A0000C000C501F01090006B01F0100000EC0AA
:1071B0001F01140019D51F01070016DD1F01030070
:1071C00019E11F01100014FF1F010000060020013B
:1071D00099030D0024016E00147024010400068040
:1071E0002401C30006902F01600014F12F0101005B
:1071F000060030012F04013034010F000B40340130
:1072000000000641340105000B4734010E00060062
:107210004401460206006801380206406A011E0069
:107220000C606A010900146E6A01010006706A01AF
:107230004E000CC06A01090006D06A011D000BF067
:107240006A01040014F56A01000006006B012F00BA
:107250000B306B01060014376B010400193C6B0105
:10726000030005406B01030014446B010000194545
:107270006B0100000C506B0109000E5B6B010600F6
:1072800006636B011400067D6B01120003406E0162
:107290003F000E806E01160014976E010300060079
:1072A0006F014A000B4F6F01000006506F01000094
:1072B00009516F0136000B8F6F01030005936F01B9
:1072C0000C0005E06F01010014E26F01000005E30E
:1072D0006F0100000BE46F01000009F06F01010075
:1072E00006007001F71706008801D50406008D011D
:1072F000080005F0AF01030005F5AF01060005FD2C
:10730000AF0101000600B00122010632B101000008
:107310000650B10102000655B10100000664B1013A
:1073200003000670B1018B010600BC016A00067003
:10733000BC010C000680BC0108000690BC010900DD
:10734000199CBC0100000B9DBC010100149FBC01F5
:10735000000001A0BC0103000B00CF012D000B3089
:10736000CF0116001950CF0173001900D001F500AC
:107370001900D10126001929D1013B000965D1016D
:1073800001000B67D1010200196AD1010200096DE9
:10739000D10105000173D10107000B7BD10107006A
:1073A0001983D10101000B85D1010600198CD1018F
:1073B0001D000BAAD101030019AED1013C00190038
:1073C000D20141000B42D20102001945D201000056
:1073D0000EC0D20113000EE0D20113001900D30138
:1073E00056000E60D30118000800D4011900041AD9
:1073F000D40119000834D4011900044ED401060048
:107400000456D40111000868D40119000482D40183
:107410001900089CD4010000089ED401010008A2B4
:10742000D401000008A5D401010008A9D40103007B
:1074300008AED401070004B6D401030004BBD40194
:10744000000004BDD401060004C5D4010A0008D020
:10745000D401190004EAD40119000804D50101007F
:107460000807D5010300080DD50107000816D5014E
:107470000600041ED50119000838D5010100083B9B
:10748000D50103000840D50104000846D5010000DD
:10749000084AD50106000452D5011900086CD5012F
:1074A00019000486D501190008A0D501190004BAF5
:1074B000D501190008D4D501190004EED501190031
:1074C0000808D60119000422D6011900083CD6018B
:1074D00019000456D60119000870D6011900048A53
:1074E000D6011B0008A8D601180018C1D60100005B
:1074F00004C2D601180018DBD601000004DCD60156
:10750000050008E2D601180018FBD601000004FCB3
:10751000D60118001815D70100000416D701050080
:10752000081CD70118001835D70100000436D70110
:107530001800184FD70100000450D7010500085665
:10754000D7011800186FD70100000470D701180088
:107550001889D7010000048AD70105000890D701D7
:10756000180018A9D701000004AAD701180018C3F1
:10757000D701000004C4D701050008CAD7010000E4
:1075800004CBD70100000CCED70131001900D8017F
:10759000FF010B00DA0136001937DA0103000B3B5B
:1075A000DA013100196DDA0107000B75DA0100000C
:1075B0001976DA010D000B84DA0100001985DA0171
:1075C00001001487DA0104000B9BDA0104000BA10F
:1075D000DA010E000400DF010900060ADF010000E5
:1075E000040BDF0113000425DF0105000B00E0019F
:1075F00006000B08E00110000B1BE00106000B2346
:10760000E00101000B26E00104000530E0013D002F
:107610000B8FE00100000600E1012C000B30E101BE
:1076200006000537E10106000C40E1010900064EA5
:10763000E1010000194FE10100000690E2011D0088
:107640000BAEE201000006C0E2012B000BECE201F0
:1076500003000CF0E201090016FFE201000006D071
:10766000E4011A0005EBE40100000BECE401030067
:107670000CF0E401090006E0E701060006E8E70176
:10768000030006EDE701010006F0E7010E00060029
:10769000E801C4000EC7E80108000BD0E8010600AD
:1076A0000300E90143000B44E9010600054BE90131
:1076B00000000C50E9010900145EE90101000E719F
:1076C000EC013A0019ACEC0100000EADEC01020037
:1076D00016B0EC0100000EB1EC0103000E01ED014B
:1076E0002C00192EED0100000E2FED010E000600FA
:1076F000EE0103000605EE011A000621EE0101006D
:107700000624EE0100000627EE0100000629EE0126
:1077100009000634EE0103000639EE010000063BC5
:10772000EE0100000642EE0100000647EE010000F7
:107730000649EE010000064BEE010000064DEE0189
:1077400002000651EE0101000654EE01000006574A
:10775000EE0100000659EE010000065BEE0100009C
:10776000065DEE010000065FEE0100000661EE011D
:1077700001000664EE0100000667EE010300066CDE
:10778000EE0106000674EE0103000679EE01030027
:10779000067EEE0100000680EE010900068BEE0178
:1077A000100006A1EE01020006A5EE01040006ABE2
:1077B000EE01100018F0EE0101001900F0012B009D
:1077C0001930F001630019A0F0010E0019B1F001A9
:1077D0000E0019C1F0010E0019D1F00124000E00B5
:1077E000F1010C00190DF101A00019E6F1011C00D6
:1077F0001910F2012B001940F20108001950F20192
:1078000001001960F20105001900F301FA0017FBED
:10781000F30104001900F401D70219DCF60110008D
:1078200019F0F6010C001900F7017600197BF70139
:107830005E0019E0F7010B0019F0F70100001900D4
:10784000F8010B001910F80137001950F801090070
:107850001960F80127001990F8011D0019B0F8010E
:1078600001001900F90153011960FA010D001970A6
:10787000FA010C001980FA0108001990FA012D0094
:1078800019BFFA01060019CEFA010D0019E0FA013C
:10789000080019F0FA0108001900FB019200199480
:1078A000FB0136000CF0FB01090006000002DFA618
:1078B0000600A70239100640B702DD000620B80214
:1078C000811606B0CE02301D0600F8021D02060029
:1078D00000034A13065013035F100101000E00005D
:1078E0000120000E5F000B00010EEF003030303041
:1078F00030303030303030303030303020202020C8
:10790000202020202020202020202020F8B500BF8B
:10791000F8BC08BC9E467047F8B500BFF8BC08BC70
:107920009E467047000000005FF800F06558002098
:107930005FF800F09D7000205FF800F05D570020B8
:107940005FF800F0A57200205FF800F001650020EC
:107950005FF800F0412D00205FF800F01D7100205D
:107960005FF800F0692C00205FF800F099610020BA
:107970005FF800F0516100205FF800F055420020F0
:107980005FF800F0D56200205FF800F0A52D002020
:107990005FF800F0694700205FF800F06B570020A7
:1079A0005FF800F0196200205FF800F0452E00201B
:1079B0005FF800F0595700205FF800F021810020A7
:1079C0005FF800F0FD7000205FF800F02D700020DF
:1079D0005FF800F0812D00205FF800F0396D002085
:1079E0005FF800F0ED5800205FF800F0F96D00201E
:1079F0005FF800F0655700205FF800F02D2E0020A2
:107A00005FF800F06B5700205FF800F0F16B00208A
:107A10005FF800F0B56100205FF800F0E564002039
:107A20005FF800F06D6200205FF800F01958002048
:107A30005FF800F0F16000205FF800F0295E0020A0
:107A40005FF800F0858100205FF800F0856D002070
:107A50005FF800F0755E00205FF800F0592D0020FF
:107A60005FF800F0C56100205FF800F0717500203C
:107A70005FF800F0617200205FF800F05978002094
:107A80005FF800F0F17100205FF800F0292E00206F
:107A90005FF800F0496F00205FF800F0796E002079
:107AA0005FF800F0096F00205FF800F0AD2E0020B5
:107AB0005FF800F0095E00205FF800F0852E0020DE
:107AC0005FF800F0DD7400205FF800F00D68002022
:107AD0005FF800F06F7300205FF800F0152D0020B4
:107AE0005FF800F0974600205FF800F0052C0020BA
:107AF0005FF800F0397100205FF800F04D59002068
:107B00005FF800F06F4200205FF800F0A5710020E0
:107B1000C08E0512AD8E051291590212CBC7051207
:107B2000B3C70512FD060312EEC70512D9C7051229
:107B30008D030312BDC80512AAC80512150C031245
:107B40008AC905127DC905127919031291CC051253
:107B500076CC0512C5430312ABCC0512A2CC05129C
:107B6000954C031263D2051253D20512515D0312D4
:107B700089D2051274D20512615C0312ADD20512CE
:107B8000A1D20512D151031239D4051222D4051203
:107B900091620312B2D40512A4D40512A366031293
:107BA000E9D40512CED405124D6703120AD5051289
:107BB000FDD40512396703122AD5051217D505120F
:107BC0001D6903124FD5051239D50512C567031279
:107BD00030D8051212D80512718503121BDA05126E
:107BE00006DA0512F9A103123ADA051229DA0512AA
:107BF00081AC03124ADA05123FDA0512E1A703123B
:107C00006ADA05124EDA0512D9A8031285DA0512CE
:107C10006DDA0512A9AA0312ACDA05129EDA051272
:107C200061B10312C2DA0512AFDA05123DB10312D7
:107C3000FADA0512D9DA05124DB5031210DB051276
:107C4000FDDA051211B203122BDC051211DC05124C
:107C5000D5BF031246DC051230DC051279C00312D1
:107C60006EDC051258DC051279C003128FDC051298
:107C70007ADC051201C10312B5DC0512A0DC051285
:107C800001C10312DBDC0512C0DC05128DC1031239
:107C900009DD0512EEDC05128DC1031233DD05127C
:107CA00016DD05121DC2031264DD051247DD051243
:107CB0001DC203128ADD051272DD0512C1C2031254
:107CC000B5DD05129DDD0512C1C20312D7DD051217
:107CD000C2DD051271C30312FDDD0512E8DD0512D8
:107CE00071C303121DDE051208DE0512E5C303127F
:107CF00043DE05122EDE0512E5C3031267DE051210
:107D00004EDE051285C403128FDE051276DE0512E3
:107D100085C40312A4DE051298DE051229C50312DC
:107D2000C2DE0512B6DE051229C50312F3DE051206
:107D3000CEDE05128DBF031226DF051201DF05120C
:107D40008DBF03123EDF05122EDF051239BF03126D
:107D5000B4DF05129CDF0512F1C70312E2DF051242
:107D6000BFDF051265C8031201E00512F0DF05123E
:107D7000E1C7031227E0051205E00512D5C703127B
:107D800057E0051232E00512EFCD03127DE0051237
:107D900062E0051249CC0312A4E0051288E0051246
:107DA000E5CD0312C1E00512ADE0051235CF031297
:107DB000D6E00512CCE00512F1CE0312FBE005126D
:107DC000DFE005128DCD031226E1051209E105124F
:107DD00041CD031247E1051231E10512C5CE031270
:107DE00084E1051253E1051265CC0312B2E10512DC
:107DF0008EE1051291CE0312D7E10512BBE1051207
:107E000021CE0312F4E10512E0E1051259CE03126E
:107E100015E20512FEE105127DCC031233E20512D4
:107E20001EE20512F9CD03125EE205123CE20512D4
:107E30004DCC03124F04061231040612B96B041222
:107E400073040612570406126D6C04129204061293
:107E50007C040612656D0412D0040612C3040612D7
:107E6000C96F041211050612DA04061219730412FE
:107E700045050612210506128572041273050612C5
:107E80004E0506120D720412900506127C050612AC
:107E9000F57204120BDC0512F2DB0512090000007A
:107EA00018C20020136B0312176B0312B9210312BF
:107EB0005D2D03127D33031239340312692F002024
:107EC000813A03123D6303121B6B0312BDA203121E
:107ED000D921031231370312493A0312113D03121B
:107EE0000958031229560312C9F40312096804122F
:107EF000493B03122D620312B5020312A1B903120A
:087F00001F6B031200000000DA
:107F08003C07FC7FB0B0B0809807FC7F0100000000
:107F18004C7F061208870020BC0F000004020212E2
:107F2800002C0020F8560000087F061200FC0720ED
:047F38000000000045
:107F3C00C8960020043C0000F882002010000000CD
:107F4C000100010001000000006CDC02FF3C3A3C27
:107F5C003C3A3B3B3B3E3A3A3A393839383837377A
:107F6C0037363635353434333333323232313232CC
:107F7C003030302F30302F2F2F2F2F2F2F2F3030FE
:107F8C0030303030303031313132323233333434CE
:107F9C003535363737383839393A3A3A0200000035
:107FAC00FFFF00000000000000000000FFFF0000C9
:107FBC000000000000000000FFFF000000000000B7
:107FCC0000000000FFFF00000000000000000000A7
:107FDC00FFFF00000000000000000000FFFF000099
:107FEC000000000000000000FFFF00000000000087
:107FFC0000000000FFFF0000000000000000000077
:10800C00FFFF00000000000000000000FFFF000068
:10801C000000000000000000FFFF00000000000056
:10802C0000000000FFFF0000000000000000000046
:10803C00FFFF00000000000000000000FFFF000038
:10804C000000000000000000FFFF00000000000026
:10805C0000000000FFFF0000000000000000000016
:10806C00FFFF00000000000000000000FFFF000008
:10807C000000000000000000FFFF000000000000F6
:10808C0000000000FFFF00000000000000000000E6
:10809C00FFFF00000000000000000000FFFF0000D8
:1080AC000000000000000000FFFF000000000000C6
:1080BC0000000000FFFF00000000000000000000B6
:1080CC00FFFF00000000000000000000FFFF0000A8
:1080DC000000000000000000FFFF00000000000096
:1080EC0000000000FFFF0000000000000000000086
:1080FC00FFFF00000000000000000000FFFF000078
:10810C000000000000000000FFFF00000000000065
:10811C0000000000FFFF0000000000000000000055
:10812C00801008500000000038000000050000001E
:10813C00755D0512004008503B0000000000000077
:10814C000000000000000000000000000000000023
:10815C000000000000000000000000000000000013
:10816C000000000000000000000000000000000003
:10817C0000000000000000000000000000000000F3
:10818C0000000000000000000000000000000000E3
:10819C0000000000000000000000000000000000D3
:1081AC0000000000000000000000000000000000C3
:1081BC0000000000000000000000000000100C5047
:1081CC0000000000000000000000000000000000A3
:1081DC000000000000000000000000000000000093
:1081EC000000000000000000000000000000000083
:1081FC002E000000F35D05120000000000000000DE
:10820C000000000000000000000000000000000062
:10821C000000000000000000000000000000000052
:10822C000000000000000000000000000000000042
:10823C000000000000000000000000000000000032
:10824C000000000000000000000000000000000022
:10825C000000000000000000000000000000000012
:10826C000000000000000000000000000000000002
:10827C000020095000000000000000000000000079
:10828C0000000000000000000000000000000000E2
:10829C0000000000000000000000000000000000D2
:1082AC0000000000000000000000000000000000C2
:1082BC000000000048010000FA5D0512492303127A
:1082CC0000000000000000000000000000000000A2
:1082DC000000000000000000000000000000000092
:1082EC000000000000000000000000000000000082
:1082FC000000000000000000000000000000000072
:10830C000000000000000000000000000000000061
:10831C0000000000000009500000000000000000F8
:10832C000000000000000000000000000000000041
:10833C000000000000000000000000000000000031
:10834C000000000000000000000100000000000020
:10835C00000000000000000000000000C25E0512DA
:10836C000000000000000000000000000000000001
:10837C0000000000000000000000000000000000F1
:10838C0000000000000000000000000000000000E1
:10839C0000000000000000000000000000000000D1
:1083AC0000000000000000000000000000000000C1
:1083BC0000000000000000000000000000000000B1
:1083CC00000000000000000000000B500000000046
:1083DC000000000000000000000000000000000091
:1083EC000000000000000000000000000000000081
:1083FC000000000000000000000000000001000070
:10840C000000000000000000000000000000000060
:10841C00C75E051200000000000000000000000014
:10842C0000000000000000003010085000000000A8
:10843C00340000001C0000000508000000366E012E
:10844C0000500950E65F05123C01000000000000DE
:10845C00000000000000000088130000801A0600D5
:10846C000000000088130000801A060000000000C5
:10847C0088130000801A06006D60051200C00950B8
:10848C003D010000000000000000000072600512B9
:10849C0000D009504C01000000000000000000005A
:1084AC007760051200F009504E0200000000000039
:1084BC0000000000010000000080854400804D4455
:1084CC0001010F000000200000000000000000006F
:1084DC000000000000000000000020000000000070
:1084EC000000000000000000000000000000200060
:1084FC000000000000000000000000000000000070
:10850C00000020000000000000000000000000003F
:10851C00000000000000200000000000000000002F
:10852C00000000000000000000002000000000001F
:10853C00000000000000000000000000000020000F
:10854C00000000000000000000000000000000001F
:10855C0000002000000000000000000000000000EF
:10856C0000000000000020000000000000000000DF
:10857C0000000000000000000000200000000000CF
:10858C0000000000000000000000000000002000BF
:10859C0000000000000000000000000000000000CF
:1085AC00000020000000000000000000000000009F
:1085BC00000000000000200000000000000000008F
:1085CC00000000000000000000002000000000007F
:1085DC00000000000000000000000000000020006F
:1085EC00000000000000000000000000000000007F
:1085FC00000020000000000000000000000000004F
:10860C00000000000000200000000000000000003E
:10861C00000000000000000000002000000000002E
:10862C00000000000000000000000000000020001E
:10863C00000000000000000000000000000000002E
:10864C0000002000000000000000000000000000FE
:10865C00000000000A0AC9DEE0E2E4E6E8EAECEF1A
:10866C00F2F5F6F8FAFCFEDCDEE0E2E4E6E8EAEC31
:10867C00EFF2F5F6F8FAFCFE300000000000000006
:10868C00D10700002C000000000000002A070000A9
:10869C00FF00000001000000608E0020608E0020B2
:1086AC008400000002000000708E0020708E0020FC
:1086BC002000000003000000808E0020808E00202F
:1086CC002400000004000000908E0020908E0020FA
:1086DC002000000005000000A08E0020A08E0020CD
:1086EC003000000006000000B08E0020B08E00208C
:1086FC003400000008000000C08E0020C08E002056
:10870C003800000009000000D08E0020D08E002020
:10871C00500000000A000000E08E0020E08E0020D7
:10872C0030000000012F00000000000000000000DD
:10873C00000000000000000000000000000000002D
:10874C00000000000000000000000000000000001D
:10875C00000000000000000000000000000000000D
:10876C0000000000000000000000000000000000FD
:10877C0000000000000000000000000000000000ED
:10878C0000000000000000000000000000000000DD
:10879C0000000000000000000000000000000000CD
:1087AC0000000000000000000000000000000000BD
:1087BC0000000000000000000000000000000000AD
:1087CC00000000000000000000000000000000009D
:1087DC00000000000000000000000000000000008D
:1087EC00000000000000000000000000000000007D
:1087FC00000000000000000000000000000000006D
:10880C00000000000000000000000000000000005C
:10881C00000000000000000000000000000000004C
:10882C00000000000000000001000000000000003B
:10883C0000000000725D05120000000063080412C5
:10884C00000000000000000000000000CC850512B4
:10885C00000000006308041200000000000000008B
:10886C0000000000D48505126CF505120000000014
:10887C00000000000000000000000000DD85051273
:10888C0020F30512000000000000000000000000B2
:10889C0000000000E285051238F40512000000000B
:1088AC00000000000000000000000000E68505123A
:1088BC00C4F40512000000000000000000000000DD
:1088CC0000000000ED850512ACF30512000000005D
:1088DC00000000000000000000000000F5850512FB
:1088EC00E0F4051200000000000000000000000091
:1088FC0000000000FD85051240010612000000007A
:10890C0000000000000000000000000002860512BC
:10891C0028FE05120000000000000000000000000E
:10892C00000000000A86051200FC05120000000081
:10893C00000000000000000000000000118605127D
:10894C0024FA0512000000000000000000000000E6
:10895C00000000001786051228F805120000000020
:10896C000000000000000000000000001D86051241
:10897C00F8F50512000000000000000000000000E7
:10898C0000000000488705120000000000000000F5
:10899C0000000000000000000000000072870512BB
:1089AC0000000000000000000000000000000000BB
:1089BC00000000008587051200000000515D0412C4
:1089CC00E8CF002000000000000000009287051294
:1089DC0000000000295D041204D0002000000000FB
:1089EC00000000009C87051200000000815C04124E
:1089FC00000000000000000000000000A887051225
:108A0C0000000000815C0412000000000000000067
:108A1C0000000000B58705120000000000000000F7
:108A2C00000000000000000000000000C8870512D4
:108A3C0000000000515C041246D000200000000031
:108A4C0000000000E487051200000000195C04120D
:108A5C0046D0002000000000000000000088051235
:108A6C0000000000E95B04120000000000000000A0
:108A7C00000000001388051200000000B95B04120E
:108A8C000000000000000000000000002688051215
:108A9C0000000000895B041236D0002000000000AA
:108AAC00000000003C88051200000000595B041215
:108ABC0036D0002000000000000000005288051293
:108ACC0000000000255B041234D0002000000000E0
:108ADC00000000006588051200000000F15A041225
:108AEC0034D0002000000000000000004686051273
:108AFC0000000000B95A041234D00020000000001D
:108B0C00000000007888051200000000815A041251
:108B1C0034D000200000000000000000D4850512B5
:108B2C006CF50512000000000000000000000000C1
:108B3C0000000000DD85051220F305120000000086
:108B4C00000000000000000000000000E28505129B
:108B5C0038F40512000000000000000000000000C6
:108B6C0000000000888805120000000000000000D2
:108B7C0000000000000000000000000091880512B9
:108B8C0000000000000000000000000000000000D9
:108B9C00000000009B88051200000000000000008F
:108BAC00000000000000000000000000A588051275
:108BBC0000000000000000000000000034D0002085
:108BCC00555A0412795D0412635A04120000000015
:108BDC00030000005CD10020040A0612040A0612ED
:108BEC00B093002000000000000000005CD10020C9
:108BFC00C4D100202CD20020000000000000000096
:108C0C000000000000000000000000000000000058
:108C1C000000000000000000000000000000000048
:108C2C000000000000000000000000000000000038
:108C3C000000000000000000000000000000000028
:108C4C000000000000000000000000000000000018
:108C5C000000000000000000000000000000000008
:108C6C0000000000000000000000000000000000F8
:108C7C0000000000000000000000000000000000E8
:108C8C0001000000000000000E33CDAB34126DE685
:108C9C00ECDE05000B0000000000000000000000EE
:108CAC0000000000000000000000000000000000B8
:108CBC0000000000000000000000000000000000A8
:108CCC000000000000000000000000000000000098
:108CDC000000000000000000000000000000000088
:108CEC000000000000000000000000000000000078
:108CFC000000000000000000000000000000000068
:108D0C000000000000000000000000000000000057
:108D1C000000000000000000000000000000000047
:108D2C000000000000000000C8D20020000000007D
:108D3C0001000000000000004A00000000000000DC
:108D4C000000000000000000000000000000000017
:108D5C000000000000000000000000000000000007
:108D6C004A000000000000000000000000000000AD
:108D7C0000000000000000000000000000000000E7
:108D8C000000000000000000430000000000000094
:108D9C0000000000000000000000000000000000C7
:108DAC000000000000000000430000000000000074
:108DBC0000000000000000000000000000000000A7
:108DCC000000000000000000430000000000000054
:108DDC000000000000000000000000000000000087
:108DEC000000000000000000430000000000000034
:108DFC000000000000000000000000000000000067
:108E0C000000000000000000430000000000000013
:108E1C000000000000000000000000000000000046
:108E2C0000000000000000004300000000000000F3
:108E3C000000000000000000000000000000000026
:108E4C0000000000000000004300000000000000D3
:108E5C000000000000000000000000000000000006
:108E6C000000000000000000290F05123D0705124C
:108E7C00000000009C080612CC0A0612100C061208
:108E8C00100C0612100C0612100C0612100C061206
:108E9C00100C0612100C0612100C0612100C0612F6
:108EAC00FFFFFFFFFFFFFFFFFFFFFFFFFFFF0000C4
:108EBC00010041534349490000000000000000003C
:108ECC000000000000000000000000000000000096
:108EDC00000041534349490000000000000000001D
:108EEC000000000000000000000000000000000076
:0C8EFC00000000006D59021245590212DE
:0400000512036BDF98
:00000001FF
